fecha,hora,test_id,tipo,mensaje,anomaly_score,is_anomaly,anomaly_label
2026-09-28,16:25:55,,Info,"Starting Lynis 3.1.6 with PID 50776, build date 2025-10-22",-0.13936206708506638,-1,Anomalía
2026-09-28,16:25:56,,Info,"### 2007-2025, CISOfy - https://cisofy.com/lynis/ ###",-0.1171379123096451,-1,Anomalía
2026-09-28,16:25:57,,Info,Checking permissions of /usr/share/lynis/include/profiles,-0.13300035859762493,-1,Anomalía
2026-09-28,16:25:58,,Info,File permissions are OK,-0.13251166363234113,-1,Anomalía
2026-09-28,16:25:58,,Info,Reading profile/configuration /etc/lynis/default.prf,-0.12740027971617285,-1,Anomalía
2026-09-28,16:25:58,,Action,Action: created temporary file /tmp/lynis.KHYqcbqY5k,-0.10929655939494443,-1,Anomalía
2026-09-28,16:25:58,,Info,Language set via profile to '',-0.12546261741301856,-1,Anomalía
2026-09-28,16:26:00,,Plugin,Plugin 'authentication' enabled according profile (/etc/lynis/default.prf),-0.13420949540753901,-1,Anomalía
2026-09-28,16:26:01,,Plugin,Plugin 'compliance' enabled according profile (/etc/lynis/default.prf),-0.13396469762082797,-1,Anomalía
2026-09-28,16:26:01,,Plugin,Plugin 'configuration' enabled according profile (/etc/lynis/default.prf),-0.13371998263352702,-1,Anomalía
2026-09-28,16:26:02,,Plugin,Plugin 'control-panels' enabled according profile (/etc/lynis/default.prf),-0.12932923968055898,-1,Anomalía
2026-09-28,16:26:02,,Plugin,Plugin 'crypto' enabled according profile (/etc/lynis/default.prf),-0.12932923968055898,-1,Anomalía
2026-09-28,16:26:03,,Plugin,Plugin 'dns' enabled according profile (/etc/lynis/default.prf),-0.1271438740450973,-1,Anomalía
2026-09-28,16:26:03,,Plugin,Plugin 'docker' enabled according profile (/etc/lynis/default.prf),-0.12690146610548958,-1,Anomalía
2026-09-28,16:26:03,,Plugin,Plugin 'file-integrity' enabled according profile (/etc/lynis/default.prf),-0.12690146610548958,-1,Anomalía
2026-09-28,16:26:04,,Plugin,Plugin 'file-systems' enabled according profile (/etc/lynis/default.prf),-0.12451772482542822,-1,Anomalía
2026-09-28,16:26:04,,Plugin,Plugin 'firewalls' enabled according profile (/etc/lynis/default.prf),-0.12475932622525587,-1,Anomalía
2026-09-28,16:26:04,,Plugin,Plugin 'forensics' enabled according profile (/etc/lynis/default.prf),-0.12427620514387794,-1,Anomalía
2026-09-28,16:26:04,,Plugin,Plugin 'hardware' enabled according profile (/etc/lynis/default.prf),-0.12451772482542822,-1,Anomalía
2026-09-28,16:26:05,,Plugin,Plugin 'intrusion-detection' enabled according profile (/etc/lynis/default.prf),-0.1240347671529648,-1,Anomalía
2026-09-28,16:26:05,,Plugin,Plugin 'intrusion-prevention' enabled according profile (/etc/lynis/default.prf),-0.12379341082505813,-1,Anomalía
2026-09-28,16:26:05,,Plugin,Plugin 'kernel' enabled according profile (/etc/lynis/default.prf),-0.12427620514387794,-1,Anomalía
2026-09-28,16:26:05,,Plugin,Plugin 'malware' enabled according profile (/etc/lynis/default.prf),-0.12451772482542822,-1,Anomalía
2026-09-28,16:26:06,,Plugin,Plugin 'memory' enabled according profile (/etc/lynis/default.prf),-0.12596855996660972,-1,Anomalía
2026-09-28,16:26:06,,Plugin,Plugin 'nginx' enabled according profile (/etc/lynis/default.prf),-0.12701668792271448,-1,Anomalía
2026-09-28,16:26:07,,Plugin,Plugin 'pam' enabled according profile (/etc/lynis/default.prf),-0.12508006234788716,-1,Anomalía
2026-09-28,16:26:07,,Plugin,Plugin 'processes' enabled according profile (/etc/lynis/default.prf),-0.1253218540148321,-1,Anomalía
2026-09-28,16:26:07,,Plugin,Plugin 'security-modules' enabled according profile (/etc/lynis/default.prf),-0.1253218540148321,-1,Anomalía
2026-09-28,16:26:08,,Plugin,Plugin 'software' enabled according profile (/etc/lynis/default.prf),-0.12411371322986053,-1,Anomalía
2026-09-28,16:26:08,,Plugin,Plugin 'system-integrity' enabled according profile (/etc/lynis/default.prf),-0.12459672433423286,-1,Anomalía
2026-09-28,16:26:08,,Plugin,Plugin 'systemd' enabled according profile (/etc/lynis/default.prf),-0.12459672433423286,-1,Anomalía
2026-09-28,16:26:08,,Plugin,Plugin 'users' enabled according profile (/etc/lynis/default.prf),-0.12508006234788716,-1,Anomalía
2026-09-28,16:26:09,,Plugin,Plugin 'krb5' enabled according profile (/etc/lynis/default.prf),-0.1209034945598545,-1,Anomalía
2026-09-28,16:26:09,,Plugin,Plugin 'debian' enabled according profile (/etc/lynis/default.prf),-0.1209034945598545,-1,Anomalía
2026-09-28,16:26:33,,Set option to default value,Set option to default value: NTPD_ROLE --> client,-0.16063586796675267,-1,Anomalía
2026-09-28,16:26:34,,EOL check,EOL check: 255,-0.10095434839859352,-1,Anomalía
2026-09-28,16:26:34,,Note,Note: the end-of-life of 'Ubuntu 26.04 LTS' could not be checked. Entry is missing in db/software-eol.db?,-0.12214921737119344,-1,Anomalía
2026-09-28,16:26:34,,Program version,Program version:           3.1.6,-0.13973331841476444,-1,Anomalía
2026-09-28,16:26:34,,Operating system,Operating system:          Linux,-0.12214921737119344,-1,Anomalía
2026-09-28,16:26:34,,Operating system name,Operating system name:     Ubuntu,-0.12214921737119344,-1,Anomalía
2026-09-28,16:26:35,,Operating system version,Operating system version:  26.04,-0.12263089887480771,-1,Anomalía
2026-09-28,16:26:35,,Kernel version,Kernel version:            7.0.0,-0.11489870561894755,-1,Anomalía
2026-09-28,16:26:35,,Info,Kernel version (full):     7.0.0-30-generic,-0.11537547986562868,-1,Anomalía
2026-09-28,16:26:36,,Hardware platform,Hardware platform:         x86_64,-0.1047429393787982,-1,Anomalía
2026-09-28,16:26:36,,Hostname,Hostname:                  Ubuntu,-0.11040838865559033,-1,Anomalía
2026-09-28,16:26:37,,Auditor,Auditor:                   [Not Specified],-0.09767258096389364,-1,Anomalía
2026-09-28,16:26:37,,Profiles,Profiles:                  /etc/lynis/default.prf,-0.13674237650179044,-1,Anomalía
2026-09-28,16:26:37,,Work directory,Work directory:            /,-0.17983558613830153,-1,Anomalía
2026-09-28,16:26:37,,Include directory,Include directory:         /usr/share/lynis/include,-0.11259198252096236,-1,Anomalía
2026-09-28,16:26:37,,Plugin directory,Plugin directory:          /etc/lynis/plugins,-0.13013878731767647,-1,Anomalía
2026-09-28,16:26:37,,Log file,Log file:                  /var/log/lynis.log,-0.12259516038104601,-1,Anomalía
2026-09-28,16:26:37,,Report file,Report file:               /var/log/lynis-report.dat,-0.14613909514434287,-1,Anomalía
2026-09-28,16:26:37,,Report version,Report version:            1.0,-0.14751776167084507,-1,Anomalía
2026-09-28,16:26:38,,Test category,Test category:             all,-0.17542362362961395,-1,Anomalía
2026-09-28,16:26:38,,Test group,Test group:                all,-0.17801582230610025,-1,Anomalía
2026-09-28,16:26:38,,BusyBox used,BusyBox used:              0,-0.08515023464963023,-1,Anomalía
2026-09-28,16:26:38,,Test,Test: Checking for program update...,-0.1769778904093935,-1,Anomalía
2026-09-28,16:26:38,,Info,Upgrade test skipped due profile option set (skip_upgrade_test),-0.1313062778994054,-1,Anomalía
2026-09-28,16:26:38,,Current installed version,Current installed version  : 316,-0.08952257739229896,-1,Anomalía
2026-09-28,16:26:38,,Latest stable version,Latest stable version      : 316,-0.12134175107239842,-1,Anomalía
2026-09-28,16:26:38,,Info,No Lynis update available.,-0.11537547986562868,-1,Anomalía
2026-09-28,16:26:43,,Info,Checking permissions of /usr/share/lynis/include/binaries,-0.12594654147631457,-1,Anomalía
2026-09-28,16:26:44,,Info,File permissions are OK,-0.12372141557516947,-1,Anomalía
2026-09-28,16:26:44,,Action,Action: Performing tests from category: System tools,-0.10481914916423907,-1,Anomalía
2026-09-28,16:26:44,,Info,Start scanning for available audit binaries and tools...,-0.12838592483706524,-1,Anomalía
2026-09-28,16:26:44,CORE-1000,Info,Performing test ID CORE-1000 (Check all system binaries),-0.09964236620647393,-1,Anomalía
2026-09-28,16:26:45,CORE-1000,Status,Status: Starting binary scan...,-0.16306475305617374,-1,Anomalía
2026-09-28,16:26:45,CORE-1000,Test,Test: Checking binaries in directory /snap/bin,-0.16975156045951445,-1,Anomalía
2026-09-28,16:26:45,CORE-1000,Info,Directory /snap/bin exists. Starting directory scanning...,-0.10635414010539634,-1,Anomalía
2026-09-28,16:26:45,CORE-1000,Test,Test: Checking binaries in directory /usr/bin,-0.16975156045951445,-1,Anomalía
2026-09-28,16:26:45,CORE-1000,Info,Directory /usr/bin exists. Starting directory scanning...,-0.10611876400104947,-1,Anomalía
2026-09-28,16:26:45,CORE-1000,Found known binary,Found known binary: apt (package manager) - /usr/bin/apt,-0.07476535966616094,-1,Anomalía
2026-09-28,16:26:46,CORE-1000,Found known binary,Found known binary: as (compiler) - /usr/bin/as,-0.07023436411616768,-1,Anomalía
2026-09-28,16:26:46,CORE-1000,Found known binary,Found known binary: awk (string tool) - /usr/bin/awk,-0.06845120335618671,-1,Anomalía
2026-09-28,16:26:46,CORE-1000,Found known binary,Found known binary: base64 (encoding tool) - /usr/bin/base64,-0.06733917602190509,-1,Anomalía
2026-09-28,16:26:46,CORE-1000,Found known binary,Found known binary: cat (generic file handling) - /usr/bin/cat,-0.06645090745075122,-1,Anomalía
2026-09-28,16:26:46,CORE-1000,Found known binary,Found known binary: cc (compiler) - /usr/bin/cc,-0.06534226068869176,-1,Anomalía
2026-09-28,16:26:46,CORE-1000,Found known binary,Found known binary: comm (file compare) - /usr/bin/comm,-0.06394205978314205,-1,Anomalía
2026-09-28,16:26:46,CORE-1000,Found known binary,"Found known binary: curl (browser, download utility) - /usr/bin/curl",-0.06283765306412403,-1,Anomalía
2026-09-28,16:26:46,CORE-1000,Found known binary,Found known binary: cut (text stream editor) - /usr/bin/cut,-0.06217590514856575,-1,Anomalía
2026-09-28,16:26:46,CORE-1000,Found known binary,Found known binary: dig (network/dns tool) - /usr/bin/dig,-0.0626169957998014,-1,Anomalía
2026-09-28,16:26:46,CORE-1000,Found known binary,Found known binary: dnsdomainname (DNS domain) - /usr/bin/dnsdomainname,-0.06132728077216065,-1,Anomalía
2026-09-28,16:26:46,CORE-1000,Found known binary,Found known binary: domainname (NIS domain) - /usr/bin/domainname,-0.06110713437003423,-1,Anomalía
2026-09-28,16:26:46,CORE-1000,Found known binary,Found known binary: dpkg (package management) - /usr/bin/dpkg,-0.06000751877720789,-1,Anomalía
2026-09-28,16:26:46,CORE-1000,Found known binary,Found known binary: file (file type detection) - /usr/bin/file,-0.059129164494586384,-1,Anomalía
2026-09-28,16:26:46,CORE-1000,Found known binary,Found known binary: find (search tool) - /usr/bin/find,-0.059129164494586384,-1,Anomalía
2026-09-28,16:26:47,CORE-1000,Found known binary,Found known binary: g++ (compiler) - /usr/bin/g++,-0.05114269513420966,-1,Anomalía
2026-09-28,16:26:47,CORE-1000,Found known binary,Found known binary: gcc (compiler) - /usr/bin/gcc,-0.05092599352500915,-1,Anomalía
2026-09-28,16:26:47,CORE-1000,Found known binary,Found known binary: getent (query tool for name service switch libraries) - /usr/bin/getent,-0.05027632837588891,-1,Anomalía
2026-09-28,16:26:47,CORE-1000,Found known binary,Found known binary: grep (text search) - /usr/bin/grep,-0.05070936521208169,-1,Anomalía
2026-09-28,16:26:47,CORE-1000,Found known binary,Found known binary: gzip (compressing utility) - /usr/bin/gzip,-0.04941113316851897,-1,Anomalía
2026-09-28,16:26:47,CORE-1000,Found known binary,Found known binary: head (text filter) - /usr/bin/head,-0.04941113316851897,-1,Anomalía
2026-09-28,16:26:47,CORE-1000,Found known binary,Found known binary: ip (IP configuration) - /usr/bin/ip,-0.049195017235812544,-1,Anomalía
2026-09-28,16:26:47,CORE-1000,Found known binary,Found known binary: journalctl (systemd journal) - /usr/bin/journalctl,-0.047101052229738705,-1,Anomalía
2026-09-28,16:26:47,CORE-1000,Found known binary,Found known binary: ls (file listing) - /usr/bin/ls,-0.04791839416914612,-1,Anomalía
2026-09-28,16:26:47,CORE-1000,Found known binary,Found known binary: lsattr (file attributes) - /usr/bin/lsattr,-0.049068188469023166,-1,Anomalía
2026-09-28,16:26:47,CORE-1000,Found known binary,Found known binary: lsblk (block devices) - /usr/bin/lsblk,-0.04950040761770147,-1,Anomalía
2026-09-28,16:26:47,CORE-1000,Found known binary,Found known binary: lsmod (kernel modules) - /usr/bin/lsmod,-0.049284261489167536,-1,Anomalía
2026-09-28,16:26:47,CORE-1000,Found known binary,Found known binary: lsof (open files) - /usr/bin/lsof,-0.04863626165500001,-1,Anomalía
2026-09-28,16:26:47,CORE-1000,Note,Note: added -K i to ignore tasks on Linux,-0.10591733312050011,-1,Anomalía
2026-09-28,16:26:48,CORE-1000,Found known binary,Found known binary: md5sum (hash tool) - /usr/bin/md5sum,-0.044427799162246706,-1,Anomalía
2026-09-28,16:26:48,CORE-1000,Found known binary,Found known binary: mount (disk utility) - /usr/bin/mount,-0.04357051267239853,-1,Anomalía
2026-09-28,16:26:48,CORE-1000,Info,Found /usr/bin/openssl (version 3.5.5),-0.09619731713858348,-1,Anomalía
2026-09-28,16:26:48,CORE-1000,Info,Found /usr/bin/perl (version 5.40.1),-0.09619731713858348,-1,Anomalía
2026-09-28,16:26:48,CORE-1000,Found known binary,Found known binary: pgrep (search in process list) - /usr/bin/pgrep,-0.04357051267239853,-1,Anomalía
2026-09-28,16:26:49,CORE-1000,Found known binary,Found known binary: ps (process listing) - /usr/bin/ps,-0.039507043348783855,-1,Anomalía
2026-09-28,16:26:49,CORE-1000,Found known binary,Found known binary: python3 (programming language interpreter) - /usr/bin/python3 (version 3.14.4),-0.039719881351794606,-1,Anomalía
2026-09-28,16:26:49,CORE-1000,Found known binary,Found known binary: readlink (follows symlinks) - /usr/bin/readlink,-0.04035882754122033,-1,Anomalía
2026-09-28,16:26:49,CORE-1000,Found known binary,Found known binary: resolvectl (systemd-resolved DNS resolver manager) - /usr/bin/resolvectl,-0.0399327913686256,-1,Anomalía
2026-09-28,16:26:49,CORE-1000,Found known binary,Found known binary: sed (text stream editor) - /usr/bin/sed,-0.039719881351794606,-1,Anomalía
2026-09-28,16:26:49,CORE-1000,Found known binary,Found known binary: sha1/sha1sum/shasum (crypto hashing) - /usr/bin/sha1sum,-0.04015081442172519,-1,Anomalía
2026-09-28,16:26:49,CORE-1000,Found known binary,Found known binary: sha256/sha256sum (crypto hashing) - /usr/bin/sha256sum,-0.03904251330013264,-1,Anomalía
2026-09-28,16:26:49,CORE-1000,Found known binary,Found known binary: sha1/sha1sum/shasum (crypto hashing) - /usr/bin/shasum,-0.03972491894036012,-1,Anomalía
2026-09-28,16:26:49,CORE-1000,Found known binary,Found known binary: sort (sort data streams) - /usr/bin/sort,-0.03998105979171629,-1,Anomalía
2026-09-28,16:26:49,CORE-1000,Found known binary,Found known binary: ss (show sockets) - /usr/bin/ss,-0.03998105979171629,-1,Anomalía
2026-09-28,16:26:49,CORE-1000,Found known binary,Found known binary: ssh-keyscan (scanner for SSH keys) - /usr/bin/ssh-keyscan,-0.04010570095778099,-1,Anomalía
2026-09-28,16:26:49,CORE-1000,Found known binary,Found known binary: stat (file information) - /usr/bin/stat,-0.0398927324567121,-1,Anomalía
2026-09-28,16:26:49,CORE-1000,Found known binary,Found known binary: strings (text strings search) - /usr/bin/strings,-0.0398927324567121,-1,Anomalía
2026-09-28,16:26:49,CORE-1000,Found known binary,Found known binary: systemctl (client to systemd) - /usr/bin/systemctl,-0.03979360154335865,-1,Anomalía
2026-09-28,16:26:49,CORE-1000,Found known binary,Found known binary: systemd-analyze (systemd service analysis tool) - /usr/bin/systemd-analyze,-0.04000653650344488,-1,Anomalía
2026-09-28,16:26:49,CORE-1000,Found known binary,Found known binary: tail (text filter) - /usr/bin/tail,-0.040689988714018965,-1,Anomalía
2026-09-28,16:26:50,CORE-1000,Found known binary,Found known binary: timedatectl (timedate client) - /usr/bin/timedatectl,-0.04394059230431757,-1,Anomalía
2026-09-28,16:26:50,CORE-1000,Found known binary,Found known binary: tr (text transformation) - /usr/bin/tr,-0.04479837991476954,-1,Anomalía
2026-09-28,16:26:50,CORE-1000,Found known binary,Found known binary: uname (operating system details) - /usr/bin/uname,-0.04544248278440044,-1,Anomalía
2026-09-28,16:26:50,CORE-1000,Found known binary,Found known binary: uniq (text manipulation utility) - /usr/bin/uniq,-0.045657329045630024,-1,Anomalía
2026-09-28,16:26:50,CORE-1000,Found known binary,Found known binary: wc (word count) - /usr/bin/wc,-0.046884771230631506,-1,Anomalía
2026-09-28,16:26:50,CORE-1000,Info,Found /usr/bin/wget (version 1.25.0),-0.09591728353092954,-1,Anomalía
2026-09-28,16:26:50,CORE-1000,Found known binary,Found known binary: xargs (command output redirection) - /usr/bin/xargs,-0.04714477329178424,-1,Anomalía
2026-09-28,16:26:50,CORE-1000,Found known binary,Found known binary: zgrep (text search for compressed files) - /usr/bin/zgrep,-0.046929423923447566,-1,Anomalía
2026-09-28,16:26:50,CORE-1000,Test,Test: Checking binaries in directory /usr/sbin,-0.16687824826319286,-1,Anomalía
2026-09-28,16:26:50,CORE-1000,Info,Directory /usr/sbin exists. Starting directory scanning...,-0.09591728353092954,-1,Anomalía
2026-09-28,16:26:50,CORE-1000,Found known binary,Found known binary: aa-status (apparmor component) - /usr/sbin/aa-status,-0.06075829114074316,-1,Anomalía
2026-09-28,16:26:51,CORE-1000,Found known binary,Found known binary: blkid (information about block devices) - /usr/sbin/blkid,-0.06125449914123038,-1,Anomalía
2026-09-28,16:26:51,CORE-1000,Found known binary,Found known binary: dmidecode (hardware collector tool) - /usr/sbin/dmidecode,-0.05799297329767705,-1,Anomalía
2026-09-28,16:26:51,CORE-1000,Found known binary,Found known binary: getcap (kernel capabilities) - /usr/sbin/getcap,-0.05362664757855595,-1,Anomalía
2026-09-28,16:26:51,CORE-1000,Found known binary,Found known binary: grpck (consistency checker) - /usr/sbin/grpck,-0.05340910580735836,-1,Anomalía
2026-09-28,16:26:51,CORE-1000,Found known binary,Found known binary: ip (IP configuration) - /usr/sbin/ip,-0.05275692187690051,-1,Anomalía
2026-09-28,16:26:51,CORE-1000,Found known binary,Found known binary: iptables (firewall) - /usr/sbin/iptables,-0.051039626266128235,-1,Anomalía
2026-09-28,16:26:51,CORE-1000,Found known binary,Found known binary: iptables-save (firewall) - /usr/sbin/iptables-save,-0.051039626266128235,-1,Anomalía
2026-09-28,16:26:51,CORE-1000,Found known binary,Found known binary: logrotate (log rotation tool) - /usr/sbin/logrotate,-0.051428208245090645,-1,Anomalía
2026-09-28,16:26:51,CORE-1000,Found known binary,Found known binary: lsmod (kernel modules) - /usr/sbin/lsmod,-0.051058255911507144,-1,Anomalía
2026-09-28,16:26:51,CORE-1000,Found known binary,Found known binary: modprobe (kernel modules) - /usr/sbin/modprobe,-0.049472385836024535,-1,Anomalía
2026-09-28,16:26:51,CORE-1000,Found known binary,Found known binary: nft (nftables client) - /usr/sbin/nft,-0.04990487855164527,-1,Anomalía
2026-09-28,16:26:51,CORE-1000,Found known binary,Found known binary: service (system services) - /usr/sbin/service,-0.04860827776598775,-1,Anomalía
2026-09-28,16:26:51,CORE-1000,Found known binary,Found known binary: swapon (swap device tool) - /usr/sbin/swapon,-0.04908403987151122,-1,Anomalía
2026-09-28,16:26:51,CORE-1000,Found known binary,Found known binary: sysctl (kernel parameters) - /usr/sbin/sysctl,-0.04958697148906621,-1,Anomalía
2026-09-28,16:26:51,CORE-1000,Found known binary,Found known binary: tune2fs (file system tool) - /usr/sbin/tune2fs,-0.050452404797098116,-1,Anomalía
2026-09-28,16:26:52,CORE-1000,Test,Test: Checking binaries in directory /usr/local/bin,-0.16815878500648185,-1,Anomalía
2026-09-28,16:26:52,CORE-1000,Info,Directory /usr/local/bin exists. Starting directory scanning...,-0.10086370078906814,-1,Anomalía
2026-09-28,16:26:52,CORE-1000,Test,Test: Checking binaries in directory /usr/local/sbin,-0.16815878500648185,-1,Anomalía
2026-09-28,16:26:52,CORE-1000,Info,Directory /usr/local/sbin exists. Starting directory scanning...,-0.10109729884075347,-1,Anomalía
2026-09-28,16:26:52,CORE-1000,Discovered directories,"Discovered directories: /snap/bin,/usr/bin,/usr/sbin,/usr/local/bin,/usr/local/sbin",-0.06418264289066378,-1,Anomalía
2026-09-28,16:26:52,CORE-1000,Result,Result: found 2088 binaries including 21 set-uid and 6 set-gid,-0.1431148721779989,-1,Anomalía
2026-09-28,16:26:52,CORE-1000,Result,Result: set-uid binaries: /usr/bin/VBoxDRMClient /usr/bin/chfn /usr/bin/chsh /usr/bin/fusermount /usr/bin/fusermount3 /usr/bin/gpasswd /usr/bin/mount /usr/bin/ntfs-3g /usr/bin/passwd /usr/bin/pkexec /usr/bin/su /usr/bin/su-rs /usr/bin/sudo /usr/bin/sudo-rs /usr/bin/sudo.ws /usr/bin/sudoedit /usr/bin/sudoedit-rs /usr/bin/umount /usr/sbin/mount.ntfs /usr/sbin/mount.ntfs-3g /usr/sbin/pppd,-0.14515191596448218,-1,Anomalía
2026-09-28,16:26:52,CORE-1000,Result,Result: set-gid binaries: /usr/bin/chage /usr/bin/crontab /usr/bin/expiry /usr/bin/ssh-agent /usr/sbin/pam_extrausers_chkpwd /usr/sbin/unix_chkpwd,-0.14490341705783683,-1,Anomalía
2026-09-28,16:26:53,CORE-1000,Informational,Informational: package manager is used,-0.10216321182088017,-1,Anomalía
2026-09-28,16:26:53,CORE-1000,Test,Test: Determine if this system is a virtual machine,-0.169184775053265,-1,Anomalía
2026-09-28,16:26:54,CORE-1000,Result,Result: facter utility not found,-0.14415842453176564,-1,Anomalía
2026-09-28,16:26:54,CORE-1000,Test,Test: trying to guess virtualization technology with systemd-detect-virt,-0.16892814736986617,-1,Anomalía
2026-09-28,16:26:54,CORE-1000,Result,Result: found oracle,-0.14391026165963172,-1,Anomalía
2026-09-28,16:26:54,CORE-1000,Result,"Result: skipped lscpu test, as we already found machine type",-0.14564916604532363,-1,Anomalía
2026-09-28,16:26:54,CORE-1000,Result,"Result: skipped dmidecode test, as we already found machine type",-0.14515191596448218,-1,Anomalía
2026-09-28,16:26:54,CORE-1000,Result,"Result: skipped processes test, as we already found platform",-0.14639567226233285,-1,Anomalía
2026-09-28,16:26:54,CORE-1000,Result,"Result: skipped Amazon EC2 test, as we already found platform",-0.14515191596448218,-1,Anomalía
2026-09-28,16:26:54,CORE-1000,Result,"Result: skipped sysctl test, as we already found platform",-0.14689376413640554,-1,Anomalía
2026-09-28,16:26:54,CORE-1000,Result,"Result: skipped lshw test, as we already found machine type",-0.14564916604532363,-1,Anomalía
2026-09-28,16:26:54,CORE-1000,Result,"Result: found virtual machine (type: virtualbox, Oracle VM VirtualBox)",-0.14465500220245342,-1,Anomalía
2026-09-28,16:26:54,CORE-1000,Result,Result: Lynis is not running in container,-0.1436621827251009,-1,Anomalía
2026-09-28,16:26:55,CORE-1000,Result,Result: system is using systemd,-0.1493892848150462,-1,Anomalía
2026-09-28,16:26:55,CORE-1000,Action,Action: Performing plugin tests,-0.0677184613371179,-1,Anomalía
2026-09-28,16:26:55,CORE-1000,Info,Searching plugins...,-0.11468259946593895,-1,Anomalía
2026-09-28,16:26:55,CORE-1000,Found plugin file,Found plugin file: /etc/lynis/plugins/plugin_debian_phase1,-0.07512563904329539,-1,Anomalía
2026-09-28,16:26:55,CORE-1000,Action,Action: checking plugin status in profile: /etc/lynis/default.prf,-0.0677184613371179,-1,Anomalía
2026-09-28,16:26:55,CORE-1000,Result,Result: plugin enabled in profile (/etc/lynis/default.prf),-0.14714293647775145,-1,Anomalía
2026-09-28,16:26:55,CORE-1000,Result,Result: plugin debian is enabled,-0.14739219312665497,-1,Anomalía
2026-09-28,16:26:55,CORE-1000,Info,Checking permissions of /etc/lynis/plugins/plugin_debian_phase1,-0.112646572520678,-1,Anomalía
2026-09-28,16:26:56,CORE-1000,Info,File permissions are OK,-0.11217164399089774,-1,Anomalía
2026-09-28,16:26:56,CORE-1000,Including plugin file,Including plugin file: /etc/lynis/plugins/plugin_debian_phase1 (version: 1.0.1),-0.10066966812862799,-1,Anomalía
2026-09-28,16:26:56,CORE-1000,Action,Action: Performing tests from category: Debian Tests,-0.06651285649095884,-1,Anomalía
2026-09-28,16:26:56,DEB-0001,Info,Performing test ID DEB-0001 (Check for system binaries required by Debian Tests),-0.06353111592464988,-1,Anomalía
2026-09-28,16:26:56,DEB-0001,Status,Status: Starting binary scan...,-0.14170419800978584,-1,Anomalía
2026-09-28,16:26:56,DEB-0001,Test,Test: Checking binaries in directory /bin,-0.14784077580437882,-1,Anomalía
2026-09-28,16:26:56,DEB-0001,Info,Directory /bin exists. Starting directory scanning...,-0.07012652560522548,-1,Anomalía
2026-09-28,16:26:57,DEB-0001,Binary,Binary: /bin/3cpio,0.010663431363753695,1,Normal
2026-09-28,16:26:57,DEB-0001,Binary,Binary: /bin/GET,0.011641752112038217,1,Normal
2026-09-28,16:26:57,DEB-0001,Binary,Binary: /bin/HEAD,0.011641752112038217,1,Normal
2026-09-28,16:26:57,DEB-0001,Binary,Binary: /bin/POST,0.012227950751340533,1,Normal
2026-09-28,16:26:57,DEB-0001,Binary,Binary: /bin/VBoxAudioTest,0.012227950751340533,1,Normal
2026-09-28,16:26:57,DEB-0001,Binary,Binary: /bin/VBoxClient,0.012227950751340533,1,Normal
2026-09-28,16:26:57,DEB-0001,Binary,Binary: /bin/VBoxClient-all,0.013593436210863175,1,Normal
2026-09-28,16:26:57,DEB-0001,Binary,Binary: /bin/VBoxControl,0.013788241733641238,1,Normal
2026-09-28,16:26:57,DEB-0001,Binary,Binary: /bin/VBoxDRMClient,0.013788241733641238,1,Normal
2026-09-28,16:26:57,DEB-0001,Binary,Binary: /bin/X11,0.013913712929770838,1,Normal
2026-09-28,16:26:57,DEB-0001,Binary,Binary: /bin/Xwayland,0.015080908733386078,1,Normal
2026-09-28,16:26:58,DEB-0001,Binary,Binary: /bin/[,0.027645473948540555,1,Normal
2026-09-28,16:26:58,DEB-0001,Binary,Binary: /bin/aa-enabled,0.028025514903003534,1,Normal
2026-09-28,16:26:58,DEB-0001,Binary,Binary: /bin/aa-exec,0.027455357025619076,1,Normal
2026-09-28,16:26:58,DEB-0001,Binary,Binary: /bin/aa-features-abi,0.027977811167387734,1,Normal
2026-09-28,16:26:58,DEB-0001,Binary,Binary: /bin/aconnect,0.029519075707388653,1,Normal
2026-09-28,16:26:58,DEB-0001,Binary,Binary: /bin/acpidbg,0.030371645663682223,1,Normal
2026-09-28,16:26:58,DEB-0001,Binary,Binary: /bin/add-apt-repository,0.031838990566689596,1,Normal
2026-09-28,16:26:58,DEB-0001,Binary,Binary: /bin/addr2line,0.032345118153606744,1,Normal
2026-09-28,16:26:58,DEB-0001,Binary,Binary: /bin/airscan-discover,0.032761045061419636,1,Normal
2026-09-28,16:26:58,DEB-0001,Binary,Binary: /bin/alsabat,0.032761045061419636,1,Normal
2026-09-28,16:26:58,DEB-0001,Binary,Binary: /bin/alsaloop,0.03294936740994581,1,Normal
2026-09-28,16:26:58,DEB-0001,Binary,Binary: /bin/alsamixer,0.033419753202084124,1,Normal
2026-09-28,16:26:58,DEB-0001,Binary,Binary: /bin/alsatplg,0.03489937615693539,1,Normal
2026-09-28,16:26:59,DEB-0001,Binary,Binary: /bin/alsaucm,0.04555092649649539,1,Normal
2026-09-28,16:26:59,DEB-0001,Binary,Binary: /bin/amidi,0.04555092649649539,1,Normal
2026-09-28,16:26:59,DEB-0001,Binary,Binary: /bin/amixer,0.04692094161647309,1,Normal
2026-09-28,16:26:59,DEB-0001,Binary,Binary: /bin/aplay,0.0472879454641566,1,Normal
2026-09-28,16:26:59,DEB-0001,Binary,Binary: /bin/aplaymidi,0.04802987888487098,1,Normal
2026-09-28,16:26:59,DEB-0001,Binary,Binary: /bin/aplaymidi2,0.048213036764992556,1,Normal
2026-09-28,16:26:59,DEB-0001,Binary,Binary: /bin/apport-bug,0.04784665903321017,1,Normal
2026-09-28,16:26:59,DEB-0001,Binary,Binary: /bin/apport-cli,0.04857916669445472,1,Normal
2026-09-28,16:26:59,DEB-0001,Binary,Binary: /bin/apport-collect,0.04876213878569613,1,Normal
2026-09-28,16:26:59,DEB-0001,Binary,Binary: /bin/apport-unpack,0.0493862079394215,1,Normal
2026-09-28,16:26:59,DEB-0001,Binary,Binary: /bin/appres,0.04985041454620598,1,Normal
2026-09-28,16:26:59,DEB-0001,Binary,Binary: /bin/appstreamcli,0.05003295665573171,1,Normal
2026-09-28,16:26:59,DEB-0001,Binary,Binary: /bin/apropos,0.05073546934923545,1,Normal
2026-09-28,16:27:00,DEB-0001,Binary,Binary: /bin/apt,0.05272266774164147,1,Normal
2026-09-28,16:27:00,DEB-0001,Binary,Binary: /bin/apt-add-repository,0.05464947726696123,1,Normal
2026-09-28,16:27:00,DEB-0001,Binary,Binary: /bin/apt-cache,0.05554724581894088,1,Normal
2026-09-28,16:27:00,DEB-0001,Binary,Binary: /bin/apt-cdrom,0.05534495148281282,1,Normal
2026-09-28,16:27:00,DEB-0001,Binary,Binary: /bin/apt-config,0.05558989616801435,1,Normal
2026-09-28,16:27:00,DEB-0001,Binary,Binary: /bin/apt-get,0.05671926982306186,1,Normal
2026-09-28,16:27:00,DEB-0001,Binary,Binary: /bin/apt-mark,0.05689948863884653,1,Normal
2026-09-28,16:27:00,DEB-0001,Binary,Binary: /bin/aptdcon,0.05767859680479215,1,Normal
2026-09-28,16:27:00,DEB-0001,Binary,Binary: /bin/ar,0.05752534073781779,1,Normal
2026-09-28,16:27:00,DEB-0001,Binary,Binary: /bin/arch,0.059222311224284785,1,Normal
2026-09-28,16:27:00,DEB-0001,Binary,Binary: /bin/arecord,0.06023220629524184,1,Normal
2026-09-28,16:27:01,DEB-0001,Binary,Binary: /bin/arecordmidi,0.06024195771803653,1,Normal
2026-09-28,16:27:01,DEB-0001,Binary,Binary: /bin/arecordmidi2,0.06024195771803653,1,Normal
2026-09-28,16:27:01,DEB-0001,Binary,Binary: /bin/arm2hpdl,0.062222588326362405,1,Normal
2026-09-28,16:27:01,DEB-0001,Binary,Binary: /bin/as,0.06186569247273954,1,Normal
2026-09-28,16:27:01,DEB-0001,Binary,Binary: /bin/aseqdump,0.0632026738769893,1,Normal
2026-09-28,16:27:01,DEB-0001,Binary,Binary: /bin/aseqnet,0.0632026738769893,1,Normal
2026-09-28,16:27:01,DEB-0001,Binary,Binary: /bin/aseqsend,0.06302458774635744,1,Normal
2026-09-28,16:27:01,DEB-0001,Binary,Binary: /bin/aspell,0.06338069977249094,1,Normal
2026-09-28,16:27:01,DEB-0001,Binary,Binary: /bin/aspell-import,0.06338069977249094,1,Normal
2026-09-28,16:27:01,DEB-0001,Binary,Binary: /bin/awk,0.06411477456672632,1,Normal
2026-09-28,16:27:01,DEB-0001,Binary,Binary: /bin/axfer,0.06429249195699116,1,Normal
2026-09-28,16:27:01,DEB-0001,Binary,Binary: /bin/b2sum,0.06464774642662519,1,Normal
2026-09-28,16:27:01,DEB-0001,Binary,Binary: /bin/baobab,0.06904453812940714,1,Normal
2026-09-28,16:27:02,DEB-0001,Binary,Binary: /bin/base32,0.0728867559158547,1,Normal
2026-09-28,16:27:02,DEB-0001,Binary,Binary: /bin/base64,0.07356746381369239,1,Normal
2026-09-28,16:27:02,DEB-0001,Binary,Binary: /bin/basename,0.0733566708269735,1,Normal
2026-09-28,16:27:02,DEB-0001,Binary,Binary: /bin/basenc,0.0733566708269735,1,Normal
2026-09-28,16:27:02,DEB-0001,Binary,Binary: /bin/bash,0.0738700489590518,1,Normal
2026-09-28,16:27:02,DEB-0001,Binary,Binary: /bin/bashbug,0.07503867814868548,1,Normal
2026-09-28,16:27:02,DEB-0001,Binary,Binary: /bin/bc,0.07540486050090578,1,Normal
2026-09-28,16:27:02,DEB-0001,Binary,Binary: /bin/bdftopcf,0.07661051128879215,1,Normal
2026-09-28,16:27:02,DEB-0001,Binary,Binary: /bin/bdftruncate,0.07680182944486313,1,Normal
2026-09-28,16:27:02,DEB-0001,Binary,Binary: /bin/bluemoon,0.07680182944486313,1,Normal
2026-09-28,16:27:02,DEB-0001,Binary,Binary: /bin/bluetooth-sendto,0.07703195672419738,1,Normal
2026-09-28,16:27:02,DEB-0001,Binary,Binary: /bin/bluetoothctl,0.07720530505917611,1,Normal
2026-09-28,16:27:02,DEB-0001,Binary,Binary: /bin/boltctl,0.07776090566580618,1,Normal
2026-09-28,16:27:03,DEB-0001,Binary,Binary: /bin/bpftrace,0.08083150031952613,1,Normal
2026-09-28,16:27:03,DEB-0001,Binary,Binary: /bin/bpftrace-aotrt,0.08103924081634684,1,Normal
2026-09-28,16:27:03,DEB-0001,Binary,Binary: /bin/brltty,0.08138316849708793,1,Normal
2026-09-28,16:27:03,DEB-0001,Binary,Binary: /bin/brltty-atb,0.08157560240345774,1,Normal
2026-09-28,16:27:03,DEB-0001,Binary,Binary: /bin/brltty-clip,0.08157560240345774,1,Normal
2026-09-28,16:27:03,DEB-0001,Binary,Binary: /bin/brltty-ctb,0.0819191673120262,1,Normal
2026-09-28,16:27:03,DEB-0001,Binary,Binary: /bin/brltty-hid,0.08157560240345774,1,Normal
2026-09-28,16:27:03,DEB-0001,Binary,Binary: /bin/brltty-ktb,0.08157560240345774,1,Normal
2026-09-28,16:27:03,DEB-0001,Binary,Binary: /bin/brltty-lscmds,0.08157560240345774,1,Normal
2026-09-28,16:27:03,DEB-0001,Binary,Binary: /bin/brltty-morse,0.08153996273154085,1,Normal
2026-09-28,16:27:03,DEB-0001,Binary,Binary: /bin/brltty-trtxt,0.08290224107242083,1,Normal
2026-09-28,16:27:03,DEB-0001,Binary,Binary: /bin/brltty-ttb,0.08246819219730972,1,Normal
2026-09-28,16:27:03,DEB-0001,Binary,Binary: /bin/brltty-tune,0.08246819219730972,1,Normal
2026-09-28,16:27:03,DEB-0001,Binary,Binary: /bin/broadwayd,0.0837054474970742,1,Normal
2026-09-28,16:27:03,DEB-0001,Binary,Binary: /bin/browse,0.0835342984877927,1,Normal
2026-09-28,16:27:04,DEB-0001,Binary,Binary: /bin/btattach,0.08316651462840963,1,Normal
2026-09-28,16:27:04,DEB-0001,Binary,Binary: /bin/btmgmt,0.08316651462840963,1,Normal
2026-09-28,16:27:04,DEB-0001,Binary,Binary: /bin/btmon,0.08282379394352835,1,Normal
2026-09-28,16:27:04,DEB-0001,Binary,Binary: /bin/bunzip2,0.08299518327098443,1,Normal
2026-09-28,16:27:04,DEB-0001,Binary,Binary: /bin/busctl,0.08316651462840963,1,Normal
2026-09-28,16:27:04,DEB-0001,Binary,Binary: /bin/busybox,0.08303072084906016,1,Normal
2026-09-28,16:27:04,DEB-0001,Binary,Binary: /bin/bwrap,0.08303072084906016,1,Normal
2026-09-28,16:27:04,DEB-0001,Binary,Binary: /bin/bzcat,0.08303072084906016,1,Normal
2026-09-28,16:27:04,DEB-0001,Binary,Binary: /bin/bzcmp,0.08392221329743399,1,Normal
2026-09-28,16:27:04,DEB-0001,Binary,Binary: /bin/bzdiff,0.08432027798853381,1,Normal
2026-09-28,16:27:04,DEB-0001,Binary,Binary: /bin/bzegrep,0.08449116115129784,1,Normal
2026-09-28,16:27:04,DEB-0001,Binary,Binary: /bin/bzexe,0.08437616657063751,1,Normal
2026-09-28,16:27:04,DEB-0001,Binary,Binary: /bin/bzfgrep,0.08406972927593415,1,Normal
2026-09-28,16:27:04,DEB-0001,Binary,Binary: /bin/bzgrep,0.08470553075345466,1,Normal
2026-09-28,16:27:04,DEB-0001,Binary,Binary: /bin/bzip2,0.08387627618004445,1,Normal
2026-09-28,16:27:05,DEB-0001,Binary,Binary: /bin/bzip2recover,0.08764621574413411,1,Normal
2026-09-28,16:27:05,DEB-0001,Binary,Binary: /bin/bzless,0.08849844393576756,1,Normal
2026-09-28,16:27:05,DEB-0001,Binary,Binary: /bin/bzmore,0.08866791389263307,1,Normal
2026-09-28,16:27:05,DEB-0001,Binary,Binary: /bin/c++,0.0884781667958986,1,Normal
2026-09-28,16:27:05,DEB-0001,Binary,Binary: /bin/c++filt,0.0884781667958986,1,Normal
2026-09-28,16:27:05,DEB-0001,Binary,Binary: /bin/c89,0.0884781667958986,1,Normal
2026-09-28,16:27:05,DEB-0001,Binary,Binary: /bin/c89-gcc,0.08857502139225104,1,Normal
2026-09-28,16:27:05,DEB-0001,Binary,Binary: /bin/c99,0.08803116088980767,1,Normal
2026-09-28,16:27:05,DEB-0001,Binary,Binary: /bin/c99-gcc,0.0873957457007647,1,Normal
2026-09-28,16:27:05,DEB-0001,Binary,Binary: /bin/c_rehash,0.0870558874239743,1,Normal
2026-09-28,16:27:05,DEB-0001,Binary,Binary: /bin/calibrate_ppa,0.08709114011541397,1,Normal
2026-09-28,16:27:05,DEB-0001,Binary,Binary: /bin/canberra-gtk-play,0.08731664933549643,1,Normal
2026-09-28,16:27:05,DEB-0001,Binary,Binary: /bin/cancel,0.08684246866560419,1,Normal
2026-09-28,16:27:05,DEB-0001,Binary,Binary: /bin/captoinfo,0.08701249873282646,1,Normal
2026-09-28,16:27:05,DEB-0001,Binary,Binary: /bin/cat,0.08675730417585081,1,Normal
2026-09-28,16:27:05,DEB-0001,Binary,Binary: /bin/catman,0.08675730417585081,1,Normal
2026-09-28,16:27:06,DEB-0001,Binary,Binary: /bin/cc,0.08517886960654153,1,Normal
2026-09-28,16:27:06,DEB-0001,Binary,Binary: /bin/cd-create-profile,0.08579289934294687,1,Normal
2026-09-28,16:27:06,DEB-0001,Binary,Binary: /bin/cd-fix-profile,0.08596328441223866,1,Normal
2026-09-28,16:27:06,DEB-0001,Binary,Binary: /bin/cd-iccdump,0.08540453139750959,1,Normal
2026-09-28,16:27:06,DEB-0001,Binary,Binary: /bin/cd-it8,0.08501276439249983,1,Normal
2026-09-28,16:27:06,DEB-0001,Binary,Binary: /bin/chacl,0.08518341333147206,1,Normal
2026-09-28,16:27:06,DEB-0001,Binary,Binary: /bin/chage,0.08474590244665048,1,Normal
2026-09-28,16:27:06,DEB-0001,Binary,Binary: /bin/chardet,0.0845751054757018,1,Normal
2026-09-28,16:27:06,DEB-0001,Binary,Binary: /bin/chardetect,0.0845751054757018,1,Normal
2026-09-28,16:27:06,DEB-0001,Binary,Binary: /bin/chattr,0.08440425071553226,1,Normal
2026-09-28,16:27:06,DEB-0001,Binary,Binary: /bin/chcon,0.08492068141540565,1,Normal
2026-09-28,16:27:06,DEB-0001,Binary,Binary: /bin/check-language-support,0.0856231081489256,1,Normal
2026-09-28,16:27:06,DEB-0001,Binary,Binary: /bin/chfn,0.08618471136861017,1,Normal
2026-09-28,16:27:07,DEB-0001,Binary,Binary: /bin/chgrp,0.08503809741623525,1,Normal
2026-09-28,16:27:07,DEB-0001,Binary,Binary: /bin/chmod,0.08503809741623525,1,Normal
2026-09-28,16:27:07,DEB-0001,Binary,Binary: /bin/choom,0.0848115650748823,1,Normal
2026-09-28,16:27:07,DEB-0001,Binary,Binary: /bin/chown,0.08674593136528841,1,Normal
2026-09-28,16:27:07,DEB-0001,Binary,Binary: /bin/chronyc,0.08652186687264785,1,Normal
2026-09-28,16:27:07,DEB-0001,Binary,Binary: /bin/chroot,0.08652186687264785,1,Normal
2026-09-28,16:27:07,DEB-0001,Binary,Binary: /bin/chrt,0.08703210977005416,1,Normal
2026-09-28,16:27:07,DEB-0001,Binary,Binary: /bin/chsh,0.08688731194347954,1,Normal
2026-09-28,16:27:07,DEB-0001,Binary,Binary: /bin/chvt,0.08716533216682276,1,Normal
2026-09-28,16:27:07,DEB-0001,Binary,Binary: /bin/cifsiostat,0.08876658002953153,1,Normal
2026-09-28,16:27:07,DEB-0001,Binary,Binary: /bin/ciptool,0.08834686750915821,1,Normal
2026-09-28,16:27:07,DEB-0001,Binary,Binary: /bin/ckbcomp,0.08885525919042059,1,Normal
2026-09-28,16:27:07,DEB-0001,Binary,Binary: /bin/cksum,0.08848123604129732,1,Normal
2026-09-28,16:27:08,DEB-0001,Binary,Binary: /bin/clear,0.08835857381833356,1,Normal
2026-09-28,16:27:08,DEB-0001,Binary,Binary: /bin/clear_console,0.08807484657780551,1,Normal
2026-09-28,16:27:08,DEB-0001,Binary,Binary: /bin/cloud-id,0.08838886668640689,1,Normal
2026-09-28,16:27:08,DEB-0001,Binary,Binary: /bin/cloud-init,0.08838886668640689,1,Normal
2026-09-28,16:27:08,DEB-0001,Binary,Binary: /bin/cloud-init-per,0.08809816034816897,1,Normal
2026-09-28,16:27:08,DEB-0001,Binary,Binary: /bin/cmp,0.08896758538762961,1,Normal
2026-09-28,16:27:08,DEB-0001,Binary,Binary: /bin/codepage,0.08884690057553435,1,Normal
2026-09-28,16:27:08,DEB-0001,Binary,Binary: /bin/col,0.08884690057553435,1,Normal
2026-09-28,16:27:08,DEB-0001,Binary,Binary: /bin/colcrt,0.08819407901800769,1,Normal
2026-09-28,16:27:08,DEB-0001,Binary,Binary: /bin/colormgr,0.08850802446249495,1,Normal
2026-09-28,16:27:08,DEB-0001,Binary,Binary: /bin/colrm,0.08847287118232006,1,Normal
2026-09-28,16:27:09,DEB-0001,Binary,Binary: /bin/column,0.08726189486936486,1,Normal
2026-09-28,16:27:09,DEB-0001,Binary,Binary: /bin/comm,0.08763082037658565,1,Normal
2026-09-28,16:27:09,DEB-0001,Binary,Binary: /bin/corelist,0.08763082037658565,1,Normal
2026-09-28,16:27:09,DEB-0001,Binary,Binary: /bin/coreutils,0.08746099951872965,1,Normal
2026-09-28,16:27:09,DEB-0001,Binary,Binary: /bin/cp,0.0879702897931719,1,Normal
2026-09-28,16:27:09,DEB-0001,Binary,Binary: /bin/cpan,0.08827080270319254,1,Normal
2026-09-28,16:27:09,DEB-0001,Binary,Binary: /bin/cpan5.40-x86_64-linux-gnu,0.08874892831356074,1,Normal
2026-09-28,16:27:09,DEB-0001,Binary,Binary: /bin/cpio,0.08854433750164026,1,Normal
2026-09-28,16:27:09,DEB-0001,Binary,Binary: /bin/cpp,0.0887137919356521,1,Normal
2026-09-28,16:27:09,DEB-0001,Binary,Binary: /bin/cpp-15,0.08773481846569076,1,Normal
2026-09-28,16:27:10,DEB-0001,Binary,Binary: /bin/cpupower,0.08941494048506893,1,Normal
2026-09-28,16:27:10,DEB-0001,Binary,Binary: /bin/crash,0.08941494048506893,1,Normal
2026-09-28,16:27:10,DEB-0001,Binary,Binary: /bin/crontab,0.08941494048506893,1,Normal
2026-09-28,16:27:10,DEB-0001,Binary,Binary: /bin/csplit,0.08961498379919075,1,Normal
2026-09-28,16:27:10,DEB-0001,Binary,Binary: /bin/ctstat,0.09089327978420048,1,Normal
2026-09-28,16:27:10,DEB-0001,Binary,Binary: /bin/cupstestppd,0.0912655024223023,1,Normal
2026-09-28,16:27:10,DEB-0001,Binary,Binary: /bin/curl,0.0912655024223023,1,Normal
2026-09-28,16:27:10,DEB-0001,Binary,Binary: /bin/cut,0.09214250104200927,1,Normal
2026-09-28,16:27:10,DEB-0001,Binary,Binary: /bin/cvtsudoers.ws,0.09210223591376793,1,Normal
2026-09-28,16:27:10,DEB-0001,Binary,Binary: /bin/dash,0.09277489863904298,1,Normal
2026-09-28,16:27:11,DEB-0001,Binary,Binary: /bin/date,0.09365716782367878,1,Normal
2026-09-28,16:27:11,DEB-0001,Binary,Binary: /bin/dbus-cleanup-sockets,0.09336845614295058,1,Normal
2026-09-28,16:27:11,DEB-0001,Binary,Binary: /bin/dbus-daemon,0.09288957151921362,1,Normal
2026-09-28,16:27:11,DEB-0001,Binary,Binary: /bin/dbus-monitor,0.09288957151921362,1,Normal
2026-09-28,16:27:11,DEB-0001,Binary,Binary: /bin/dbus-run-session,0.09305755623890077,1,Normal
2026-09-28,16:27:11,DEB-0001,Binary,Binary: /bin/dbus-send,0.09288957151921362,1,Normal
2026-09-28,16:27:11,DEB-0001,Binary,Binary: /bin/dbus-update-activation-environment,0.09288957151921362,1,Normal
2026-09-28,16:27:11,DEB-0001,Binary,Binary: /bin/dbus-uuidgen,0.09288957151921362,1,Normal
2026-09-28,16:27:11,DEB-0001,Binary,Binary: /bin/dbxtool,0.09305755623890077,1,Normal
2026-09-28,16:27:11,DEB-0001,Binary,Binary: /bin/dc,0.09305755623890077,1,Normal
2026-09-28,16:27:12,DEB-0001,Binary,Binary: /bin/dconf,0.09263508606344595,1,Normal
2026-09-28,16:27:12,DEB-0001,Binary,Binary: /bin/dd,0.09220868146836925,1,Normal
2026-09-28,16:27:12,DEB-0001,Binary,Binary: /bin/ddstdecode,0.09189705485095279,1,Normal
2026-09-28,16:27:12,DEB-0001,Binary,Binary: /bin/deallocvt,0.09189705485095279,1,Normal
2026-09-28,16:27:12,DEB-0001,Binary,Binary: /bin/deb-systemd-helper,0.09189705485095279,1,Normal
2026-09-28,16:27:12,DEB-0001,Binary,Binary: /bin/deb-systemd-invoke,0.09189705485095279,1,Normal
2026-09-28,16:27:12,DEB-0001,Binary,Binary: /bin/debconf,0.09380426602939479,1,Normal
2026-09-28,16:27:12,DEB-0001,Binary,Binary: /bin/debconf-apt-progress,0.09397194136652176,1,Normal
2026-09-28,16:27:12,DEB-0001,Binary,Binary: /bin/debconf-communicate,0.09397194136652176,1,Normal
2026-09-28,16:27:12,DEB-0001,Binary,Binary: /bin/debconf-copydb,0.09384886862206043,1,Normal
2026-09-28,16:27:13,DEB-0001,Binary,Binary: /bin/debconf-escape,0.09535737843731729,1,Normal
2026-09-28,16:27:13,DEB-0001,Binary,Binary: /bin/debconf-set-selections,0.09535737843731729,1,Normal
2026-09-28,16:27:13,DEB-0001,Binary,Binary: /bin/debconf-show,0.09552267193780228,1,Normal
2026-09-28,16:27:13,DEB-0001,Binary,Binary: /bin/debian-distro-info,0.0956897660482866,1,Normal
2026-09-28,16:27:13,DEB-0001,Binary,Binary: /bin/delv,0.0947597573695429,1,Normal
2026-09-28,16:27:13,DEB-0001,Binary,Binary: /bin/desktop-file-edit,0.09527650203762794,1,Normal
2026-09-28,16:27:13,DEB-0001,Binary,Binary: /bin/desktop-file-install,0.09646946173864301,1,Normal
2026-09-28,16:27:13,DEB-0001,Binary,Binary: /bin/desktop-file-validate,0.09646946173864301,1,Normal
2026-09-28,16:27:13,DEB-0001,Binary,Binary: /bin/df,0.0963659702756281,1,Normal
2026-09-28,16:27:13,DEB-0001,Binary,Binary: /bin/dh_bash-completion,0.0963659702756281,1,Normal
2026-09-28,16:27:14,DEB-0001,Binary,Binary: /bin/dh_installxmlcatalogs,0.0945449526430795,1,Normal
2026-09-28,16:27:14,DEB-0001,Binary,Binary: /bin/dh_perl_openssl,0.0947123774533713,1,Normal
2026-09-28,16:27:14,DEB-0001,Binary,Binary: /bin/diff,0.09423478993027118,1,Normal
2026-09-28,16:27:14,DEB-0001,Binary,Binary: /bin/diff3,0.09423478993027118,1,Normal
2026-09-28,16:27:14,DEB-0001,Binary,Binary: /bin/dig,0.09420003845070912,1,Normal
2026-09-28,16:27:14,DEB-0001,Binary,Binary: /bin/dir,0.09420003845070912,1,Normal
2026-09-28,16:27:14,DEB-0001,Binary,Binary: /bin/dircolors,0.09395275025001965,1,Normal
2026-09-28,16:27:14,DEB-0001,Binary,Binary: /bin/dirmngr,0.09512509127777363,1,Normal
2026-09-28,16:27:14,DEB-0001,Binary,Binary: /bin/dirmngr-client,0.09529231986432735,1,Normal
2026-09-28,16:27:14,DEB-0001,Binary,Binary: /bin/dirname,0.09654534037869028,1,Normal
2026-09-28,16:27:15,DEB-0001,Binary,Binary: /bin/distro-info,0.09765881242969277,1,Normal
2026-09-28,16:27:15,DEB-0001,Binary,Binary: /bin/dmesg,0.09782006586818343,1,Normal
2026-09-28,16:27:15,DEB-0001,Binary,Binary: /bin/dnsdomainname,0.09848892776067192,1,Normal
2026-09-28,16:27:15,DEB-0001,Binary,Binary: /bin/do-release-upgrade,0.09848892776067192,1,Normal
2026-09-28,16:27:15,DEB-0001,Binary,Binary: /bin/domainname,0.09960176469240217,1,Normal
2026-09-28,16:27:15,DEB-0001,Binary,Binary: /bin/dpkg,0.10015288293253577,1,Normal
2026-09-28,16:27:15,DEB-0001,Binary,Binary: /bin/dpkg-architecture,0.10031841093923866,1,Normal
2026-09-28,16:27:15,DEB-0001,Binary,Binary: /bin/dpkg-buildapi,0.10030222068518324,1,Normal
2026-09-28,16:27:15,DEB-0001,Binary,Binary: /bin/dpkg-buildflags,0.09983002826160275,1,Normal
2026-09-28,16:27:16,DEB-0001,Binary,Binary: /bin/dpkg-buildpackage,0.09983879350476338,1,Normal
2026-09-28,16:27:16,DEB-0001,Binary,Binary: /bin/dpkg-buildtree,0.09917177027116825,1,Normal
2026-09-28,16:27:16,DEB-0001,Binary,Binary: /bin/dpkg-checkbuilddeps,0.09917177027116825,1,Normal
2026-09-28,16:27:16,DEB-0001,Binary,Binary: /bin/dpkg-deb,0.10037998346078242,1,Normal
2026-09-28,16:27:16,DEB-0001,Binary,Binary: /bin/dpkg-distaddfile,0.09994617294999197,1,Normal
2026-09-28,16:27:16,DEB-0001,Binary,Binary: /bin/dpkg-divert,0.10027731278571966,1,Normal
2026-09-28,16:27:16,DEB-0001,Binary,Binary: /bin/dpkg-genbuildinfo,0.09974615661561903,1,Normal
2026-09-28,16:27:16,DEB-0001,Binary,Binary: /bin/dpkg-genchanges,0.09974615661561903,1,Normal
2026-09-28,16:27:16,DEB-0001,Binary,Binary: /bin/dpkg-gencontrol,0.10044975128508421,1,Normal
2026-09-28,16:27:16,DEB-0001,Binary,Binary: /bin/dpkg-gensymbols,0.10131017134962272,1,Normal
2026-09-28,16:27:17,DEB-0001,Binary,Binary: /bin/dpkg-maintscript-helper,0.10006531622487308,1,Normal
2026-09-28,16:27:17,DEB-0001,Binary,Binary: /bin/dpkg-mergechangelogs,0.10006531622487308,1,Normal
2026-09-28,16:27:17,DEB-0001,Binary,Binary: /bin/dpkg-name,0.09975861256500984,1,Normal
2026-09-28,16:27:17,DEB-0001,Binary,Binary: /bin/dpkg-parsechangelog,0.10006531622487308,1,Normal
2026-09-28,16:27:17,DEB-0001,Binary,Binary: /bin/dpkg-query,0.09986215663128684,1,Normal
2026-09-28,16:27:17,DEB-0001,Binary,Binary: /bin/dpkg-realpath,0.10064838374863089,1,Normal
2026-09-28,16:27:17,DEB-0001,Binary,Binary: /bin/dpkg-scanpackages,0.10064838374863089,1,Normal
2026-09-28,16:27:17,DEB-0001,Binary,Binary: /bin/dpkg-scansources,0.10123653057185988,1,Normal
2026-09-28,16:27:17,DEB-0001,Binary,Binary: /bin/dpkg-shlibdeps,0.10123653057185988,1,Normal
2026-09-28,16:27:17,DEB-0001,Binary,Binary: /bin/dpkg-source,0.10140169204998178,1,Normal
2026-09-28,16:27:17,DEB-0001,Binary,Binary: /bin/dpkg-split,0.10207643309926379,1,Normal
2026-09-28,16:27:18,DEB-0001,Binary,Binary: /bin/dpkg-statoverride,0.10122920732923252,1,Normal
2026-09-28,16:27:18,DEB-0001,Binary,Binary: /bin/dpkg-trigger,0.10155947937505799,1,Normal
2026-09-28,16:27:18,DEB-0001,Binary,Binary: /bin/dpkg-vendor,0.101044218879138,1,Normal
2026-09-28,16:27:18,DEB-0001,Binary,Binary: /bin/dracut,0.10120944540398663,1,Normal
2026-09-28,16:27:18,DEB-0001,Binary,Binary: /bin/dracut-catimages,0.10073812859845876,1,Normal
2026-09-28,16:27:18,DEB-0001,Binary,Binary: /bin/driverless,0.09941701288131938,1,Normal
2026-09-28,16:27:18,DEB-0001,Binary,Binary: /bin/driverless-fax,0.09941701288131938,1,Normal
2026-09-28,16:27:18,DEB-0001,Binary,Binary: /bin/du,0.09912640848424431,1,Normal
2026-09-28,16:27:18,DEB-0001,Binary,Binary: /bin/dumpkeys,0.09929228368150006,1,Normal
2026-09-28,16:27:19,DEB-0001,Binary,Binary: /bin/dvipdf,0.09895977457879374,1,Normal
2026-09-28,16:27:19,DEB-0001,Binary,Binary: /bin/eatmydata,0.09895977457879374,1,Normal
2026-09-28,16:27:19,DEB-0001,Binary,Binary: /bin/ec2metadata,0.09895977457879374,1,Normal
2026-09-28,16:27:19,DEB-0001,Binary,Binary: /bin/echo,0.09895977457879374,1,Normal
2026-09-28,16:27:19,DEB-0001,Binary,Binary: /bin/ed,0.09916109935031203,1,Normal
2026-09-28,16:27:19,DEB-0001,Binary,Binary: /bin/editor,0.09885859105158074,1,Normal
2026-09-28,16:27:19,DEB-0001,Binary,Binary: /bin/editres,0.09805830426189499,1,Normal
2026-09-28,16:27:19,DEB-0001,Binary,Binary: /bin/egrep,0.10012239951505508,1,Normal
2026-09-28,16:27:19,DEB-0001,Binary,Binary: /bin/eject,0.10012239951505508,1,Normal
2026-09-28,16:27:20,DEB-0001,Binary,Binary: /bin/elfedit,0.10025398083986825,1,Normal
2026-09-28,16:27:20,DEB-0001,Binary,Binary: /bin/enc2xs,0.10110457047754656,1,Normal
2026-09-28,16:27:20,DEB-0001,Binary,Binary: /bin/encguess,0.1007739905424413,1,Normal
2026-09-28,16:27:20,DEB-0001,Binary,Binary: /bin/enchant-2,0.10093930846822624,1,Normal
2026-09-28,16:27:20,DEB-0001,Binary,Binary: /bin/enchant-lsmod-2,0.10093930846822624,1,Normal
2026-09-28,16:27:20,DEB-0001,Binary,Binary: /bin/env,0.1015887914522473,1,Normal
2026-09-28,16:27:20,DEB-0001,Binary,Binary: /bin/envsubst,0.10085744703607152,1,Normal
2026-09-28,16:27:20,DEB-0001,Binary,Binary: /bin/eps2eps,0.10069779024317549,1,Normal
2026-09-28,16:27:20,DEB-0001,Binary,Binary: /bin/eqn,0.09965846861298272,1,Normal
2026-09-28,16:27:20,DEB-0001,Binary,Binary: /bin/esc-m,0.10062157525793325,1,Normal
2026-09-28,16:27:21,DEB-0001,Binary,Binary: /bin/eutp,0.10420880581199687,1,Normal
2026-09-28,16:27:21,DEB-0001,Binary,Binary: /bin/ex,0.10420880581199687,1,Normal
2026-09-28,16:27:21,DEB-0001,Binary,Binary: /bin/expand,0.10404459412189748,1,Normal
2026-09-28,16:27:21,DEB-0001,Binary,Binary: /bin/expiry,0.10404459412189748,1,Normal
2026-09-28,16:27:21,DEB-0001,Binary,Binary: /bin/expr,0.10404459412189748,1,Normal
2026-09-28,16:27:21,DEB-0001,Binary,Binary: /bin/factor,0.10368191777984709,1,Normal
2026-09-28,16:27:21,DEB-0001,Binary,Binary: /bin/faked-sysv,0.10341158789620825,1,Normal
2026-09-28,16:27:21,DEB-0001,Binary,Binary: /bin/faked-tcp,0.10425668824396789,1,Normal
2026-09-28,16:27:22,DEB-0001,Binary,Binary: /bin/fakeroot,0.10421109588324173,1,Normal
2026-09-28,16:27:22,DEB-0001,Binary,Binary: /bin/fakeroot-sysv,0.10384854392210546,1,Normal
2026-09-28,16:27:22,DEB-0001,Binary,Binary: /bin/fakeroot-tcp,0.10335537634175129,1,Normal
2026-09-28,16:27:22,DEB-0001,Binary,Binary: /bin/fallocate,0.10302631978638249,1,Normal
2026-09-28,16:27:22,DEB-0001,Binary,Binary: /bin/false,0.10302631978638249,1,Normal
2026-09-28,16:27:22,DEB-0001,Binary,Binary: /bin/fc-cache,0.10304582803809842,1,Normal
2026-09-28,16:27:22,DEB-0001,Binary,Binary: /bin/fc-cat,0.10337487139891527,1,Normal
2026-09-28,16:27:22,DEB-0001,Binary,Binary: /bin/fc-conflist,0.10337487139891527,1,Normal
2026-09-28,16:27:22,DEB-0001,Binary,Binary: /bin/fc-list,0.10337487139891527,1,Normal
2026-09-28,16:27:23,DEB-0001,Binary,Binary: /bin/fc-match,0.10460325991182723,1,Normal
2026-09-28,16:27:23,DEB-0001,Binary,Binary: /bin/fc-pattern,0.10460325991182723,1,Normal
2026-09-28,16:27:23,DEB-0001,Binary,Binary: /bin/fc-query,0.10586407366637024,1,Normal
2026-09-28,16:27:23,DEB-0001,Binary,Binary: /bin/fc-scan,0.1055367150356114,1,Normal
2026-09-28,16:27:23,DEB-0001,Binary,Binary: /bin/fc-validate,0.10523343974742855,1,Normal
2026-09-28,16:27:23,DEB-0001,Binary,Binary: /bin/fgconsole,0.10642736376448919,1,Normal
2026-09-28,16:27:23,DEB-0001,Binary,Binary: /bin/fgrep,0.1054165057075469,1,Normal
2026-09-28,16:27:23,DEB-0001,Binary,Binary: /bin/file,0.1057778872369759,1,Normal
2026-09-28,16:27:24,DEB-0001,Binary,Binary: /bin/file2brl,0.10360173427580688,1,Normal
2026-09-28,16:27:24,DEB-0001,Binary,Binary: /bin/find,0.10414835305026782,1,Normal
2026-09-28,16:27:24,DEB-0001,Binary,Binary: /bin/findmnt,0.10519700082295225,1,Normal
2026-09-28,16:27:24,DEB-0001,Binary,Binary: /bin/firefox,0.10531865275490815,1,Normal
2026-09-28,16:27:24,DEB-0001,Binary,Binary: /bin/flock,0.10660901973681286,1,Normal
2026-09-28,16:27:24,DEB-0001,Binary,Binary: /bin/fmt,0.10654699642725018,1,Normal
2026-09-28,16:27:24,DEB-0001,Binary,Binary: /bin/fold,0.10699207222694751,1,Normal
2026-09-28,16:27:24,DEB-0001,Binary,Binary: /bin/fonttosfnt,0.10661708107274159,1,Normal
2026-09-28,16:27:24,DEB-0001,Binary,Binary: /bin/foo2ddst,0.10661708107274159,1,Normal
2026-09-28,16:27:24,DEB-0001,Binary,Binary: /bin/foo2ddst-wrapper,0.1070133231791191,1,Normal
2026-09-28,16:27:25,DEB-0001,Binary,Binary: /bin/foo2hbpl2,0.10709460722869463,1,Normal
2026-09-28,16:27:25,DEB-0001,Binary,Binary: /bin/foo2hbpl2-wrapper,0.10652270221391547,1,Normal
2026-09-28,16:27:25,DEB-0001,Binary,Binary: /bin/foo2hiperc,0.10691711966767975,1,Normal
2026-09-28,16:27:25,DEB-0001,Binary,Binary: /bin/foo2hiperc-wrapper,0.10745499118257223,1,Normal
2026-09-28,16:27:25,DEB-0001,Binary,Binary: /bin/foo2hp,0.10725804247077336,1,Normal
2026-09-28,16:27:25,DEB-0001,Binary,Binary: /bin/foo2hp2600-wrapper,0.10738734095855906,1,Normal
2026-09-28,16:27:25,DEB-0001,Binary,Binary: /bin/foo2lava,0.10664661455744157,1,Normal
2026-09-28,16:27:25,DEB-0001,Binary,Binary: /bin/foo2lava-wrapper,0.10777049128413935,1,Normal
2026-09-28,16:27:25,DEB-0001,Binary,Binary: /bin/foo2oak,0.10793344274189914,1,Normal
2026-09-28,16:27:25,DEB-0001,Binary,Binary: /bin/foo2oak-wrapper,0.10773668949478699,1,Normal
2026-09-28,16:27:26,DEB-0001,Binary,Binary: /bin/foo2qpdl,0.10761424250073542,1,Normal
2026-09-28,16:27:26,DEB-0001,Binary,Binary: /bin/foo2qpdl-wrapper,0.10703652103006545,1,Normal
2026-09-28,16:27:26,DEB-0001,Binary,Binary: /bin/foo2slx,0.10703652103006545,1,Normal
2026-09-28,16:27:26,DEB-0001,Binary,Binary: /bin/foo2slx-wrapper,0.10782476556663928,1,Normal
2026-09-28,16:27:26,DEB-0001,Binary,Binary: /bin/foo2xqx,0.10680150632104035,1,Normal
2026-09-28,16:27:26,DEB-0001,Binary,Binary: /bin/foo2xqx-wrapper,0.10680150632104035,1,Normal
2026-09-28,16:27:26,DEB-0001,Binary,Binary: /bin/foo2zjs,0.1070181691138033,1,Normal
2026-09-28,16:27:26,DEB-0001,Binary,Binary: /bin/foo2zjs-icc2ps,0.10746424771916419,1,Normal
2026-09-28,16:27:26,DEB-0001,Binary,Binary: /bin/foo2zjs-pstops,0.10692638653198683,1,Normal
2026-09-28,16:27:26,DEB-0001,Binary,Binary: /bin/foo2zjs-wrapper,0.10794583234981614,1,Normal
2026-09-28,16:27:27,DEB-0001,Binary,Binary: /bin/foomatic-rip,0.11087697562464005,1,Normal
2026-09-28,16:27:27,DEB-0001,Binary,Binary: /bin/fprintd-delete,0.11071502011236478,1,Normal
2026-09-28,16:27:27,DEB-0001,Binary,Binary: /bin/fprintd-enroll,0.1099759020321957,1,Normal
2026-09-28,16:27:27,DEB-0001,Binary,Binary: /bin/fprintd-list,0.11114772662067218,1,Normal
2026-09-28,16:27:27,DEB-0001,Binary,Binary: /bin/fprintd-verify,0.11114772662067218,1,Normal
2026-09-28,16:27:27,DEB-0001,Binary,Binary: /bin/free,0.11068600185806826,1,Normal
2026-09-28,16:27:27,DEB-0001,Binary,Binary: /bin/ftp,0.11054801992115926,1,Normal
2026-09-28,16:27:27,DEB-0001,Binary,Binary: /bin/funzip,0.11084796718536011,1,Normal
2026-09-28,16:27:27,DEB-0001,Binary,Binary: /bin/fuser,0.11141998058811425,1,Normal
2026-09-28,16:27:28,DEB-0001,Binary,Binary: /bin/fusermount,0.1126080483740875,1,Normal
2026-09-28,16:27:28,DEB-0001,Binary,Binary: /bin/fusermount3,0.11313904920185774,1,Normal
2026-09-28,16:27:28,DEB-0001,Binary,Binary: /bin/fwupdmgr,0.11281661438549356,1,Normal
2026-09-28,16:27:28,DEB-0001,Binary,Binary: /bin/fwupdtool,0.11249396134032819,1,Normal
2026-09-28,16:27:28,DEB-0001,Binary,Binary: /bin/g++,0.11249396134032819,1,Normal
2026-09-28,16:27:28,DEB-0001,Binary,Binary: /bin/g++-15,0.11318679157370148,1,Normal
2026-09-28,16:27:28,DEB-0001,Binary,Binary: /bin/gamemoded,0.11414556527685349,1,Normal
2026-09-28,16:27:28,DEB-0001,Binary,Binary: /bin/gamma4scanimage,0.11450043085150086,1,Normal
2026-09-28,16:27:28,DEB-0001,Binary,Binary: /bin/gapplication,0.11450043085150086,1,Normal
2026-09-28,16:27:29,DEB-0001,Binary,Binary: /bin/gatttool,0.11509468827346392,1,Normal
2026-09-28,16:27:29,DEB-0001,Binary,Binary: /bin/gcalccmd,0.11509468827346392,1,Normal
2026-09-28,16:27:29,DEB-0001,Binary,Binary: /bin/gcc,0.1152884367407393,1,Normal
2026-09-28,16:27:29,DEB-0001,Binary,Binary: /bin/gcc-15,0.11512797384803158,1,Normal
2026-09-28,16:27:29,DEB-0001,Binary,Binary: /bin/gcc-ar,0.11512797384803158,1,Normal
2026-09-28,16:27:29,DEB-0001,Binary,Binary: /bin/gcc-ar-15,0.11578823355470808,1,Normal
2026-09-28,16:27:29,DEB-0001,Binary,Binary: /bin/gcc-nm,0.11458412185450756,1,Normal
2026-09-28,16:27:29,DEB-0001,Binary,Binary: /bin/gcc-nm-15,0.1141018551224115,1,Normal
2026-09-28,16:27:29,DEB-0001,Binary,Binary: /bin/gcc-ranlib,0.11429600903213438,1,Normal
2026-09-28,16:27:29,DEB-0001,Binary,Binary: /bin/gcc-ranlib-15,0.11415906732194575,1,Normal
2026-09-28,16:27:29,DEB-0001,Binary,Binary: /bin/gcore,0.11424788592688268,1,Normal
2026-09-28,16:27:29,DEB-0001,Binary,Binary: /bin/gcov,0.11359479233906894,1,Normal
2026-09-28,16:27:30,DEB-0001,Binary,Binary: /bin/gcov-15,0.11572024842388973,1,Normal
2026-09-28,16:27:30,DEB-0001,Binary,Binary: /bin/gcov-dump,0.11572024842388973,1,Normal
2026-09-28,16:27:30,DEB-0001,Binary,Binary: /bin/gcov-dump-15,0.11495844015740903,1,Normal
2026-09-28,16:27:30,DEB-0001,Binary,Binary: /bin/gcov-tool,0.11495844015740903,1,Normal
2026-09-28,16:27:30,DEB-0001,Binary,Binary: /bin/gcov-tool-15,0.11424557721964307,1,Normal
2026-09-28,16:27:30,DEB-0001,Binary,Binary: /bin/gcr-viewer,0.11424557721964307,1,Normal
2026-09-28,16:27:30,DEB-0001,Binary,Binary: /bin/gcr-viewer-gtk4,0.11424557721964307,1,Normal
2026-09-28,16:27:30,DEB-0001,Binary,Binary: /bin/gdb,0.11424557721964307,1,Normal
2026-09-28,16:27:30,DEB-0001,Binary,Binary: /bin/gdb-add-index,0.11461958815454965,1,Normal
2026-09-28,16:27:30,DEB-0001,Binary,Binary: /bin/gdbtui,0.11461958815454965,1,Normal
2026-09-28,16:27:31,DEB-0001,Binary,Binary: /bin/gdbus,0.11580445714421694,1,Normal
2026-09-28,16:27:31,DEB-0001,Binary,Binary: /bin/gdctl,0.1156441688472114,1,Normal
2026-09-28,16:27:31,DEB-0001,Binary,Binary: /bin/gdk-pixbuf-csource,0.1156441688472114,1,Normal
2026-09-28,16:27:31,DEB-0001,Binary,Binary: /bin/gdk-pixbuf-pixdata,0.1169353907328814,1,Normal
2026-09-28,16:27:31,DEB-0001,Binary,Binary: /bin/gdm-config,0.1169353907328814,1,Normal
2026-09-28,16:27:31,DEB-0001,Binary,Binary: /bin/gencat,0.11712856718022985,1,Normal
2026-09-28,16:27:31,DEB-0001,Binary,Binary: /bin/geqn,0.11679790067893353,1,Normal
2026-09-28,16:27:31,DEB-0001,Binary,Binary: /bin/getconf,0.11727743263770446,1,Normal
2026-09-28,16:27:31,DEB-0001,Binary,Binary: /bin/getent,0.11700063772322739,1,Normal
2026-09-28,16:27:31,DEB-0001,Binary,Binary: /bin/getfacl,0.11768692274434966,1,Normal
2026-09-28,16:27:32,DEB-0001,Binary,Binary: /bin/getkeycodes,0.11838924628753283,1,Normal
2026-09-28,16:27:32,DEB-0001,Binary,Binary: /bin/getopt,0.11755474686342032,1,Normal
2026-09-28,16:27:32,DEB-0001,Binary,Binary: /bin/gettext,0.11755474686342032,1,Normal
2026-09-28,16:27:32,DEB-0001,Binary,Binary: /bin/gettext.sh,0.1170232255886226,1,Normal
2026-09-28,16:27:32,DEB-0001,Binary,Binary: /bin/ghostscript,0.1170232255886226,1,Normal
2026-09-28,16:27:32,DEB-0001,Binary,Binary: /bin/ginstall-info,0.1172959514322246,1,Normal
2026-09-28,16:27:32,DEB-0001,Binary,Binary: /bin/gio,0.1172959514322246,1,Normal
2026-09-28,16:27:32,DEB-0001,Binary,Binary: /bin/gio-querymodules,0.11859790669757392,1,Normal
2026-09-28,16:27:32,DEB-0001,Binary,Binary: /bin/gipddecode,0.11859790669757392,1,Normal
2026-09-28,16:27:32,DEB-0001,Binary,Binary: /bin/gjs,0.11967328669432853,1,Normal
2026-09-28,16:27:33,DEB-0001,Binary,Binary: /bin/gjs-console,0.12103288281032493,1,Normal
2026-09-28,16:27:33,DEB-0001,Binary,Binary: /bin/glib-compile-schemas,0.12134976049206447,1,Normal
2026-09-28,16:27:33,DEB-0001,Binary,Binary: /bin/glycin-thumbnailer,0.12134976049206447,1,Normal
2026-09-28,16:27:33,DEB-0001,Binary,Binary: /bin/gmake,0.12150811895290037,1,Normal
2026-09-28,16:27:33,DEB-0001,Binary,Binary: /bin/gnome-calculator,0.12150811895290037,1,Normal
2026-09-28,16:27:33,DEB-0001,Binary,Binary: /bin/gnome-characters,0.12073014432062507,1,Normal
2026-09-28,16:27:33,DEB-0001,Binary,Binary: /bin/gnome-clocks,0.12104722676180718,1,Normal
2026-09-28,16:27:33,DEB-0001,Binary,Binary: /bin/gnome-control-center,0.12104722676180718,1,Normal
2026-09-28,16:27:33,DEB-0001,Binary,Binary: /bin/gnome-disk-image-mounter,0.12226373739580071,1,Normal
2026-09-28,16:27:33,DEB-0001,Binary,Binary: /bin/gnome-disks,0.12226373739580071,1,Normal
2026-09-28,16:27:33,DEB-0001,Binary,Binary: /bin/gnome-extensions,0.12297628949215583,1,Normal
2026-09-28,16:27:34,DEB-0001,Binary,Binary: /bin/gnome-font-viewer,0.12430391585037426,1,Normal
2026-09-28,16:27:34,DEB-0001,Binary,Binary: /bin/gnome-help,0.12488745799433165,1,Normal
2026-09-28,16:27:34,DEB-0001,Binary,Binary: /bin/gnome-keyring,0.1253156134293072,1,Normal
2026-09-28,16:27:34,DEB-0001,Binary,Binary: /bin/gnome-keyring-3,0.12515854323569375,1,Normal
2026-09-28,16:27:34,DEB-0001,Binary,Binary: /bin/gnome-keyring-daemon,0.12446081066232789,1,Normal
2026-09-28,16:27:34,DEB-0001,Binary,Binary: /bin/gnome-language-selector,0.12446081066232789,1,Normal
2026-09-28,16:27:34,DEB-0001,Binary,Binary: /bin/gnome-logs,0.12465073429399925,1,Normal
2026-09-28,16:27:34,DEB-0001,Binary,Binary: /bin/gnome-service-client,0.12446081066232778,1,Normal
2026-09-28,16:27:34,DEB-0001,Binary,Binary: /bin/gnome-session,0.12381263780063423,1,Normal
2026-09-28,16:27:34,DEB-0001,Binary,Binary: /bin/gnome-session-inhibit,0.12416028722479744,1,Normal
2026-09-28,16:27:34,DEB-0001,Binary,Binary: /bin/gnome-session-quit,0.12416028722479744,1,Normal
2026-09-28,16:27:34,DEB-0001,Binary,Binary: /bin/gnome-shell,0.12423642285786252,1,Normal
2026-09-28,16:27:34,DEB-0001,Binary,Binary: /bin/gnome-shell-extension-tool,0.12423642285786252,1,Normal
2026-09-28,16:27:35,DEB-0001,Binary,Binary: /bin/gnome-shell-test-tool,0.12415292027649727,1,Normal
2026-09-28,16:27:35,DEB-0001,Binary,Binary: /bin/gnome-text-editor,0.12383793981605151,1,Normal
2026-09-28,16:27:35,DEB-0001,Binary,Binary: /bin/gnome-thumbnail-font,0.12604204661473312,1,Normal
2026-09-28,16:27:35,DEB-0001,Binary,Binary: /bin/gnome-www-browser,0.12604204661473312,1,Normal
2026-09-28,16:27:35,DEB-0001,Binary,Binary: /bin/gnu[,0.12617608699876814,1,Normal
2026-09-28,16:27:35,DEB-0001,Binary,Binary: /bin/gnuarch,0.12604256854342222,1,Normal
2026-09-28,16:27:35,DEB-0001,Binary,Binary: /bin/gnub2sum,0.12599566989349253,1,Normal
2026-09-28,16:27:35,DEB-0001,Binary,Binary: /bin/gnubase32,0.12615245694078164,1,Normal
2026-09-28,16:27:35,DEB-0001,Binary,Binary: /bin/gnubase64,0.12636043461950697,1,Normal
2026-09-28,16:27:35,DEB-0001,Binary,Binary: /bin/gnubasename,0.12603301523117377,1,Normal
2026-09-28,16:27:35,DEB-0001,Binary,Binary: /bin/gnubasenc,0.12603301523117377,1,Normal
2026-09-28,16:27:36,DEB-0001,Binary,Binary: /bin/gnucat,0.12735517804364693,1,Normal
2026-09-28,16:27:36,DEB-0001,Binary,Binary: /bin/gnuchcon,0.12735517804364693,1,Normal
2026-09-28,16:27:36,DEB-0001,Binary,Binary: /bin/gnuchgrp,0.12688217516214634,1,Normal
2026-09-28,16:27:36,DEB-0001,Binary,Binary: /bin/gnuchmod,0.12762484316277312,1,Normal
2026-09-28,16:27:36,DEB-0001,Binary,Binary: /bin/gnuchown,0.12762484316277312,1,Normal
2026-09-28,16:27:36,DEB-0001,Binary,Binary: /bin/gnucksum,0.12765724965983571,1,Normal
2026-09-28,16:27:36,DEB-0001,Binary,Binary: /bin/gnucomm,0.12703182072776775,1,Normal
2026-09-28,16:27:36,DEB-0001,Binary,Binary: /bin/gnucp,0.12674082705319933,1,Normal
2026-09-28,16:27:36,DEB-0001,Binary,Binary: /bin/gnucsplit,0.12583273392456235,1,Normal
2026-09-28,16:27:36,DEB-0001,Binary,Binary: /bin/gnucut,0.1258674445848535,1,Normal
2026-09-28,16:27:36,DEB-0001,Binary,Binary: /bin/gnudate,0.12581164149377538,1,Normal
2026-09-28,16:27:36,DEB-0001,Binary,Binary: /bin/gnudd,0.1272306117492597,1,Normal
2026-09-28,16:27:36,DEB-0001,Binary,Binary: /bin/gnudf,0.1272306117492597,1,Normal
2026-09-28,16:27:36,DEB-0001,Binary,Binary: /bin/gnudir,0.1275757097687134,1,Normal
2026-09-28,16:27:36,DEB-0001,Binary,Binary: /bin/gnudircolors,0.1272306117492597,1,Normal
2026-09-28,16:27:37,DEB-0001,Binary,Binary: /bin/gnudirname,0.12647912243504567,1,Normal
2026-09-28,16:27:37,DEB-0001,Binary,Binary: /bin/gnudu,0.1264586109227216,1,Normal
2026-09-28,16:27:37,DEB-0001,Binary,Binary: /bin/gnuecho,0.12682301135803803,1,Normal
2026-09-28,16:27:37,DEB-0001,Binary,Binary: /bin/gnuenv,0.12604653694207985,1,Normal
2026-09-28,16:27:37,DEB-0001,Binary,Binary: /bin/gnuexpand,0.12620330678430475,1,Normal
2026-09-28,16:27:37,DEB-0001,Binary,Binary: /bin/gnuexpr,0.12620330678430475,1,Normal
2026-09-28,16:27:37,DEB-0001,Binary,Binary: /bin/gnufactor,0.12620330678430475,1,Normal
2026-09-28,16:27:37,DEB-0001,Binary,Binary: /bin/gnufalse,0.12564880347047952,1,Normal
2026-09-28,16:27:37,DEB-0001,Binary,Binary: /bin/gnufmt,0.12565363196218854,1,Normal
2026-09-28,16:27:37,DEB-0001,Binary,Binary: /bin/gnufold,0.12565363196218854,1,Normal
2026-09-28,16:27:37,DEB-0001,Binary,Binary: /bin/gnugroups,0.12549667613727578,1,Normal
2026-09-28,16:27:37,DEB-0001,Binary,Binary: /bin/gnuhead,0.12549667613727578,1,Normal
2026-09-28,16:27:37,DEB-0001,Binary,Binary: /bin/gnuhostid,0.12536296190909668,1,Normal
2026-09-28,16:27:37,DEB-0001,Binary,Binary: /bin/gnuid,0.12504880042328248,1,Normal
2026-09-28,16:27:38,DEB-0001,Binary,Binary: /bin/gnuinstall,0.1263117907338654,1,Normal
2026-09-28,16:27:38,DEB-0001,Binary,Binary: /bin/gnujoin,0.1261550575972265,1,Normal
2026-09-28,16:27:38,DEB-0001,Binary,Binary: /bin/gnulink,0.12565199502514968,1,Normal
2026-09-28,16:27:38,DEB-0001,Binary,Binary: /bin/gnuln,0.1252042692189128,1,Normal
2026-09-28,16:27:38,DEB-0001,Binary,Binary: /bin/gnulogname,0.12510305643747743,1,Normal
2026-09-28,16:27:38,DEB-0001,Binary,Binary: /bin/gnuls,0.12510305643747743,1,Normal
2026-09-28,16:27:38,DEB-0001,Binary,Binary: /bin/gnumd5sum,0.1249785087676748,1,Normal
2026-09-28,16:27:38,DEB-0001,Binary,Binary: /bin/gnumkdir,0.1249785087676748,1,Normal
2026-09-28,16:27:38,DEB-0001,Binary,Binary: /bin/gnumkfifo,0.1247200282612585,1,Normal
2026-09-28,16:27:38,DEB-0001,Binary,Binary: /bin/gnumknod,0.1247200282612585,1,Normal
2026-09-28,16:27:38,DEB-0001,Binary,Binary: /bin/gnumktemp,0.12436440180457925,1,Normal
2026-09-28,16:27:38,DEB-0001,Binary,Binary: /bin/gnumv,0.1244984036858372,1,Normal
2026-09-28,16:27:38,DEB-0001,Binary,Binary: /bin/gnunice,0.1244657755582127,1,Normal
2026-09-28,16:27:39,DEB-0001,Binary,Binary: /bin/gnunl,0.12635219845197282,1,Normal
2026-09-28,16:27:39,DEB-0001,Binary,Binary: /bin/gnunohup,0.126195478987301,1,Normal
2026-09-28,16:27:39,DEB-0001,Binary,Binary: /bin/gnunproc,0.1261293493439692,1,Normal
2026-09-28,16:27:39,DEB-0001,Binary,Binary: /bin/gnunumfmt,0.12594014374068885,1,Normal
2026-09-28,16:27:39,DEB-0001,Binary,Binary: /bin/gnuod,0.12594014374068885,1,Normal
2026-09-28,16:27:39,DEB-0001,Binary,Binary: /bin/gnupaste,0.12594014374068885,1,Normal
2026-09-28,16:27:39,DEB-0001,Binary,Binary: /bin/gnupathchk,0.12551546054615997,1,Normal
2026-09-28,16:27:39,DEB-0001,Binary,Binary: /bin/gnupinky,0.12515003038202632,1,Normal
2026-09-28,16:27:39,DEB-0001,Binary,Binary: /bin/gnupr,0.12499290416332498,1,Normal
2026-09-28,16:27:39,DEB-0001,Binary,Binary: /bin/gnuprintenv,0.12450722758047683,1,Normal
2026-09-28,16:27:40,DEB-0001,Binary,Binary: /bin/gnuprintf,0.12593577055172472,1,Normal
2026-09-28,16:27:40,DEB-0001,Binary,Binary: /bin/gnuptx,0.12624933212865613,1,Normal
2026-09-28,16:27:40,DEB-0001,Binary,Binary: /bin/gnupwd,0.12566803430297946,1,Normal
2026-09-28,16:27:40,DEB-0001,Binary,Binary: /bin/gnureadlink,0.12598177696532598,1,Normal
2026-09-28,16:27:40,DEB-0001,Binary,Binary: /bin/gnurealpath,0.12598177696532598,1,Normal
2026-09-28,16:27:40,DEB-0001,Binary,Binary: /bin/gnurm,0.12558293976860951,1,Normal
2026-09-28,16:27:40,DEB-0001,Binary,Binary: /bin/gnurmdir,0.1248393237764513,1,Normal
2026-09-28,16:27:40,DEB-0001,Binary,Binary: /bin/gnuruncon,0.1248393237764513,1,Normal
2026-09-28,16:27:40,DEB-0001,Binary,Binary: /bin/gnuseq,0.12375191339840441,1,Normal
2026-09-28,16:27:40,DEB-0001,Binary,Binary: /bin/gnusha1sum,0.12375191339840441,1,Normal
2026-09-28,16:27:41,DEB-0001,Binary,Binary: /bin/gnusha224sum,0.12242558924914426,1,Normal
2026-09-28,16:27:41,DEB-0001,Binary,Binary: /bin/gnusha256sum,0.12258358382602613,1,Normal
2026-09-28,16:27:41,DEB-0001,Binary,Binary: /bin/gnusha384sum,0.12282590876314864,1,Normal
2026-09-28,16:27:41,DEB-0001,Binary,Binary: /bin/gnusha512sum,0.12450995380731172,1,Normal
2026-09-28,16:27:41,DEB-0001,Binary,Binary: /bin/gnushred,0.1234542178380808,1,Normal
2026-09-28,16:27:41,DEB-0001,Binary,Binary: /bin/gnushuf,0.12377318656206115,1,Normal
2026-09-28,16:27:41,DEB-0001,Binary,Binary: /bin/gnusleep,0.12393072533309535,1,Normal
2026-09-28,16:27:41,DEB-0001,Binary,Binary: /bin/gnusort,0.12393072533309535,1,Normal
2026-09-28,16:27:41,DEB-0001,Binary,Binary: /bin/gnusplit,0.1237794751990447,1,Normal
2026-09-28,16:27:41,DEB-0001,Binary,Binary: /bin/gnustat,0.12362188525246931,1,Normal
2026-09-28,16:27:42,DEB-0001,Binary,Binary: /bin/gnustdbuf,0.12454175051016497,1,Normal
2026-09-28,16:27:42,DEB-0001,Binary,Binary: /bin/gnustty,0.12469902932524751,1,Normal
2026-09-28,16:27:42,DEB-0001,Binary,Binary: /bin/gnusum,0.12469902932524751,1,Normal
2026-09-28,16:27:42,DEB-0001,Binary,Binary: /bin/gnusync,0.12469902932524751,1,Normal
2026-09-28,16:27:42,DEB-0001,Binary,Binary: /bin/gnutac,0.1242036815065149,1,Normal
2026-09-28,16:27:42,DEB-0001,Binary,Binary: /bin/gnutail,0.1242036815065149,1,Normal
2026-09-28,16:27:42,DEB-0001,Binary,Binary: /bin/gnutee,0.12391210291627341,1,Normal
2026-09-28,16:27:42,DEB-0001,Binary,Binary: /bin/gnutest,0.1238887354020437,1,Normal
2026-09-28,16:27:42,DEB-0001,Binary,Binary: /bin/gnutimeout,0.12310968071924416,1,Normal
2026-09-28,16:27:43,DEB-0001,Binary,Binary: /bin/gnutouch,0.12404201830541928,1,Normal
2026-09-28,16:27:43,DEB-0001,Binary,Binary: /bin/gnutr,0.12466227770100324,1,Normal
2026-09-28,16:27:43,DEB-0001,Binary,Binary: /bin/gnutrue,0.1241109517016511,1,Normal
2026-09-28,16:27:43,DEB-0001,Binary,Binary: /bin/gnutruncate,0.1241109517016511,1,Normal
2026-09-28,16:27:43,DEB-0001,Binary,Binary: /bin/gnutsort,0.12392080754935797,1,Normal
2026-09-28,16:27:43,DEB-0001,Binary,Binary: /bin/gnutty,0.12392080754935797,1,Normal
2026-09-28,16:27:43,DEB-0001,Binary,Binary: /bin/gnuuname,0.12392080754935797,1,Normal
2026-09-28,16:27:43,DEB-0001,Binary,Binary: /bin/gnuunexpand,0.12388813889650457,1,Normal
2026-09-28,16:27:43,DEB-0001,Binary,Binary: /bin/gnuuniq,0.12388813889650457,1,Normal
2026-09-28,16:27:43,DEB-0001,Binary,Binary: /bin/gnuunlink,0.12388813889650457,1,Normal
2026-09-28,16:27:43,DEB-0001,Binary,Binary: /bin/gnuusers,0.1257356321776208,1,Normal
2026-09-28,16:27:44,DEB-0001,Binary,Binary: /bin/gnuvdir,0.12372658728556668,1,Normal
2026-09-28,16:27:44,DEB-0001,Binary,Binary: /bin/gnuwc,0.12353628610657197,1,Normal
2026-09-28,16:27:44,DEB-0001,Binary,Binary: /bin/gnuwho,0.12329152164712659,1,Normal
2026-09-28,16:27:44,DEB-0001,Binary,Binary: /bin/gnuwhoami,0.12396309992674764,1,Normal
2026-09-28,16:27:44,DEB-0001,Binary,Binary: /bin/gnuyes,0.12340113086264115,1,Normal
2026-09-28,16:27:44,DEB-0001,Binary,Binary: /bin/gp-archive,0.12340113086264115,1,Normal
2026-09-28,16:27:44,DEB-0001,Binary,Binary: /bin/gp-collect-app,0.12340113086264115,1,Normal
2026-09-28,16:27:44,DEB-0001,Binary,Binary: /bin/gp-display-html,0.12324341290311391,1,Normal
2026-09-28,16:27:44,DEB-0001,Binary,Binary: /bin/gp-display-src,0.12381745609519462,1,Normal
2026-09-28,16:27:44,DEB-0001,Binary,Binary: /bin/gp-display-text,0.12365987899947017,1,Normal
2026-09-28,16:27:44,DEB-0001,Binary,Binary: /bin/gpasswd,0.12331185575804543,1,Normal
2026-09-28,16:27:45,DEB-0001,Binary,Binary: /bin/gpg,0.12543263468210092,1,Normal
2026-09-28,16:27:45,DEB-0001,Binary,Binary: /bin/gpg-agent,0.12543263468210092,1,Normal
2026-09-28,16:27:45,DEB-0001,Binary,Binary: /bin/gpg-connect-agent,0.12574653655874235,1,Normal
2026-09-28,16:27:45,DEB-0001,Binary,Binary: /bin/gpg-mail-tube,0.12615045588646634,1,Normal
2026-09-28,16:27:45,DEB-0001,Binary,Binary: /bin/gpg-wks-client,0.12623640014871002,1,Normal
2026-09-28,16:27:45,DEB-0001,Binary,Binary: /bin/gpgconf,0.12623640014871002,1,Normal
2026-09-28,16:27:45,DEB-0001,Binary,Binary: /bin/gpgparsemail,0.1259460952574381,1,Normal
2026-09-28,16:27:45,DEB-0001,Binary,Binary: /bin/gpgsm,0.12578923838759398,1,Normal
2026-09-28,16:27:45,DEB-0001,Binary,Binary: /bin/gpgsplit,0.12520736327419585,1,Normal
2026-09-28,16:27:45,DEB-0001,Binary,Binary: /bin/gpgtar,0.12552513221978678,1,Normal
2026-09-28,16:27:45,DEB-0001,Binary,Binary: /bin/gpgv,0.12552513221978678,1,Normal
2026-09-28,16:27:45,DEB-0001,Binary,Binary: /bin/gpic,0.12552513221978678,1,Normal
2026-09-28,16:27:46,DEB-0001,Binary,Binary: /bin/gprof,0.12841823451404816,1,Normal
2026-09-28,16:27:46,DEB-0001,Binary,Binary: /bin/gprofng,0.12857420216290877,1,Normal
2026-09-28,16:27:46,DEB-0001,Binary,Binary: /bin/gprofng-archive,0.12856542914010577,1,Normal
2026-09-28,16:27:46,DEB-0001,Binary,Binary: /bin/gprofng-collect-app,0.12828303359601884,1,Normal
2026-09-28,16:27:46,DEB-0001,Binary,Binary: /bin/gprofng-display-html,0.12864599838366747,1,Normal
2026-09-28,16:27:46,DEB-0001,Binary,Binary: /bin/gprofng-display-src,0.12864599838366747,1,Normal
2026-09-28,16:27:46,DEB-0001,Binary,Binary: /bin/gprofng-display-text,0.12820116227315392,1,Normal
2026-09-28,16:27:46,DEB-0001,Binary,Binary: /bin/gprofng-gmon,0.12850904390686746,1,Normal
2026-09-28,16:27:46,DEB-0001,Binary,Binary: /bin/gpu-manager,0.12793058138136343,1,Normal
2026-09-28,16:27:46,DEB-0001,Binary,Binary: /bin/grdctl,0.1278981940617674,1,Normal
2026-09-28,16:27:46,DEB-0001,Binary,Binary: /bin/grep,0.12760427192433071,1,Normal
2026-09-28,16:27:46,DEB-0001,Binary,Binary: /bin/gresource,0.12675733135190637,1,Normal
2026-09-28,16:27:46,DEB-0001,Binary,Binary: /bin/groff,0.1260216339766963,1,Normal
2026-09-28,16:27:47,DEB-0001,Binary,Binary: /bin/grog,0.1258191518033795,1,Normal
2026-09-28,16:27:47,DEB-0001,Binary,Binary: /bin/grops,0.12628953292385142,1,Normal
2026-09-28,16:27:47,DEB-0001,Binary,Binary: /bin/grotty,0.12664924832913704,1,Normal
2026-09-28,16:27:47,DEB-0001,Binary,Binary: /bin/groups,0.12696232734003532,1,Normal
2026-09-28,16:27:47,DEB-0001,Binary,Binary: /bin/growpart,0.12696232734003532,1,Normal
2026-09-28,16:27:47,DEB-0001,Binary,Binary: /bin/grub-editenv,0.12735986514239783,1,Normal
2026-09-28,16:27:47,DEB-0001,Binary,Binary: /bin/grub-file,0.12733655302291197,1,Normal
2026-09-28,16:27:47,DEB-0001,Binary,Binary: /bin/grub-fstest,0.12820986337961293,1,Normal
2026-09-28,16:27:47,DEB-0001,Binary,Binary: /bin/grub-glue-efi,0.12852188685684507,1,Normal
2026-09-28,16:27:47,DEB-0001,Binary,Binary: /bin/grub-kbdcomp,0.1292596099844679,1,Normal
2026-09-28,16:27:47,DEB-0001,Binary,Binary: /bin/grub-menulst2cfg,0.1291038742436078,1,Normal
2026-09-28,16:27:47,DEB-0001,Binary,Binary: /bin/grub-mkfont,0.12894808580949974,1,Normal
2026-09-28,16:27:47,DEB-0001,Binary,Binary: /bin/grub-mkimage,0.12894808580949974,1,Normal
2026-09-28,16:27:47,DEB-0001,Binary,Binary: /bin/grub-mklayout,0.12827749850094022,1,Normal
2026-09-28,16:27:48,DEB-0001,Binary,Binary: /bin/grub-mknetdir,0.1273121664326129,1,Normal
2026-09-28,16:27:48,DEB-0001,Binary,Binary: /bin/grub-mkpasswd-pbkdf2,0.12683880394549274,1,Normal
2026-09-28,16:27:48,DEB-0001,Binary,Binary: /bin/grub-mkrelpath,0.12621226676542857,1,Normal
2026-09-28,16:27:48,DEB-0001,Binary,Binary: /bin/grub-mkrescue,0.12626352114987854,1,Normal
2026-09-28,16:27:48,DEB-0001,Binary,Binary: /bin/grub-mkstandalone,0.12585970037710675,1,Normal
2026-09-28,16:27:48,DEB-0001,Binary,Binary: /bin/grub-mount,0.12585970037710675,1,Normal
2026-09-28,16:27:48,DEB-0001,Binary,Binary: /bin/grub-ntldr-img,0.12585970037710675,1,Normal
2026-09-28,16:27:48,DEB-0001,Binary,Binary: /bin/grub-render-label,0.12585970037710675,1,Normal
2026-09-28,16:27:48,DEB-0001,Binary,Binary: /bin/grub-script-check,0.12585970037710675,1,Normal
2026-09-28,16:27:48,DEB-0001,Binary,Binary: /bin/grub-syslinux2cfg,0.12593425979552547,1,Normal
2026-09-28,16:27:48,DEB-0001,Binary,Binary: /bin/gs,0.12622457209823906,1,Normal
2026-09-28,16:27:48,DEB-0001,Binary,Binary: /bin/gsbj,0.1264994316837939,1,Normal
2026-09-28,16:27:49,DEB-0001,Binary,Binary: /bin/gsdj,0.12680824539960306,1,Normal
2026-09-28,16:27:49,DEB-0001,Binary,Binary: /bin/gsdj500,0.1264950621036975,1,Normal
2026-09-28,16:27:49,DEB-0001,Binary,Binary: /bin/gsettings,0.1261816668405608,1,Normal
2026-09-28,16:27:49,DEB-0001,Binary,Binary: /bin/gslj,0.12656003134271732,1,Normal
2026-09-28,16:27:49,DEB-0001,Binary,Binary: /bin/gslp,0.12600595494378836,1,Normal
2026-09-28,16:27:49,DEB-0001,Binary,Binary: /bin/gsnd,0.12600595494378836,1,Normal
2026-09-28,16:27:49,DEB-0001,Binary,Binary: /bin/gst-device-monitor-1.0,0.12600595494378836,1,Normal
2026-09-28,16:27:49,DEB-0001,Binary,Binary: /bin/gst-discoverer-1.0,0.12600595494378836,1,Normal
2026-09-28,16:27:49,DEB-0001,Binary,Binary: /bin/gst-inspect-1.0,0.12517128710278097,1,Normal
2026-09-28,16:27:49,DEB-0001,Binary,Binary: /bin/gst-launch-1.0,0.1246483431318654,1,Normal
2026-09-28,16:27:49,DEB-0001,Binary,Binary: /bin/gst-play-1.0,0.12417629555608034,1,Normal
2026-09-28,16:27:49,DEB-0001,Binary,Binary: /bin/gst-stats-1.0,0.12433369798116395,1,Normal
2026-09-28,16:27:49,DEB-0001,Binary,Binary: /bin/gst-tester-1.0,0.12349944899815374,1,Normal
2026-09-28,16:27:50,DEB-0001,Binary,Binary: /bin/gst-typefind-1.0,0.12233018749750302,1,Normal
2026-09-28,16:27:50,DEB-0001,Binary,Binary: /bin/gstack,0.12264618773751074,1,Normal
2026-09-28,16:27:50,DEB-0001,Binary,Binary: /bin/gstreamer-codec-install,0.12267894352187492,1,Normal
2026-09-28,16:27:50,DEB-0001,Binary,Binary: /bin/gtbl,0.1229135401318655,1,Normal
2026-09-28,16:27:50,DEB-0001,Binary,Binary: /bin/gted,0.1229135401318655,1,Normal
2026-09-28,16:27:50,DEB-0001,Binary,Binary: /bin/gtk-builder-tool,0.1232921277860366,1,Normal
2026-09-28,16:27:50,DEB-0001,Binary,Binary: /bin/gtk-encode-symbolic-svg,0.12313437294527646,1,Normal
2026-09-28,16:27:50,DEB-0001,Binary,Binary: /bin/gtk-launch,0.12356350429075197,1,Normal
2026-09-28,16:27:50,DEB-0001,Binary,Binary: /bin/gtk-query-settings,0.12340584127033666,1,Normal
2026-09-28,16:27:50,DEB-0001,Binary,Binary: /bin/gtk-update-icon-cache,0.12321540905504741,1,Normal
2026-09-28,16:27:50,DEB-0001,Binary,Binary: /bin/gtk4-broadwayd,0.12321540905504741,1,Normal
2026-09-28,16:27:50,DEB-0001,Binary,Binary: /bin/gtk4-builder-tool,0.12321540905504741,1,Normal
2026-09-28,16:27:50,DEB-0001,Binary,Binary: /bin/gtk4-encode-symbolic-svg,0.12354079193765194,1,Normal
2026-09-28,16:27:51,DEB-0001,Binary,Binary: /bin/gtk4-image-tool,0.12145198004999569,1,Normal
2026-09-28,16:27:51,DEB-0001,Binary,Binary: /bin/gtk4-launch,0.12145198004999569,1,Normal
2026-09-28,16:27:51,DEB-0001,Binary,Binary: /bin/gtk4-path-tool,0.12145198004999569,1,Normal
2026-09-28,16:27:51,DEB-0001,Binary,Binary: /bin/gtk4-query-settings,0.1224686238029889,1,Normal
2026-09-28,16:27:51,DEB-0001,Binary,Binary: /bin/gtk4-rendernode-tool,0.12295172404757576,1,Normal
2026-09-28,16:27:51,DEB-0001,Binary,Binary: /bin/gtk4-update-icon-cache,0.12311432841253567,1,Normal
2026-09-28,16:27:51,DEB-0001,Binary,Binary: /bin/gunzip,0.12311432841253567,1,Normal
2026-09-28,16:27:51,DEB-0001,Binary,Binary: /bin/gzexe,0.122956513413289,1,Normal
2026-09-28,16:27:51,DEB-0001,Binary,Binary: /bin/gzip,0.122956513413289,1,Normal
2026-09-28,16:27:51,DEB-0001,Binary,Binary: /bin/h2ph,0.12356406940346593,1,Normal
2026-09-28,16:27:52,DEB-0001,Binary,Binary: /bin/h2xs,0.12067210468845613,1,Normal
2026-09-28,16:27:52,DEB-0001,Binary,Binary: /bin/hardlink,0.12067210468845613,1,Normal
2026-09-28,16:27:52,DEB-0001,Binary,Binary: /bin/hashsum,0.12228189844036136,1,Normal
2026-09-28,16:27:52,DEB-0001,Binary,Binary: /bin/hbpldecode,0.12343005206063234,1,Normal
2026-09-28,16:27:52,DEB-0001,Binary,Binary: /bin/hciattach,0.12360171340539544,1,Normal
2026-09-28,16:27:52,DEB-0001,Binary,Binary: /bin/hciconfig,0.12309428874406081,1,Normal
2026-09-28,16:27:52,DEB-0001,Binary,Binary: /bin/hcitool,0.12309428874406081,1,Normal
2026-09-28,16:27:52,DEB-0001,Binary,Binary: /bin/hd,0.12391153873724536,1,Normal
2026-09-28,16:27:52,DEB-0001,Binary,Binary: /bin/head,0.12310438390671635,1,Normal
2026-09-28,16:27:52,DEB-0001,Binary,Binary: /bin/heif-thumbnailer,0.12366764648672268,1,Normal
2026-09-28,16:27:52,DEB-0001,Binary,Binary: /bin/helpztags,0.12351001870285949,1,Normal
2026-09-28,16:27:52,DEB-0001,Binary,Binary: /bin/hex2hcd,0.12291622213818382,1,Normal
2026-09-28,16:27:53,DEB-0001,Binary,Binary: /bin/hexdump,0.1244365632731379,1,Normal
2026-09-28,16:27:53,DEB-0001,Binary,Binary: /bin/hipercdecode,0.1244365632731379,1,Normal
2026-09-28,16:27:53,DEB-0001,Binary,Binary: /bin/host,0.12427919565256551,1,Normal
2026-09-28,16:27:53,DEB-0001,Binary,Binary: /bin/hostid,0.12318537239860278,1,Normal
2026-09-28,16:27:53,DEB-0001,Binary,Binary: /bin/hostname,0.12341322231324225,1,Normal
2026-09-28,16:27:53,DEB-0001,Binary,Binary: /bin/hostnamectl,0.12391871272338562,1,Normal
2026-09-28,16:27:53,DEB-0001,Binary,Binary: /bin/hp-align,0.12391871272338562,1,Normal
2026-09-28,16:27:53,DEB-0001,Binary,Binary: /bin/hp-check,0.1245022027031279,1,Normal
2026-09-28,16:27:53,DEB-0001,Binary,Binary: /bin/hp-clean,0.12369721066873413,1,Normal
2026-09-28,16:27:53,DEB-0001,Binary,Binary: /bin/hp-colorcal,0.12353959288792327,1,Normal
2026-09-28,16:27:53,DEB-0001,Binary,Binary: /bin/hp-config_usb_printer,0.12317260667881735,1,Normal
2026-09-28,16:27:53,DEB-0001,Binary,Binary: /bin/hp-doctor,0.12338192177707563,1,Normal
2026-09-28,16:27:53,DEB-0001,Binary,Binary: /bin/hp-firmware,0.12322419731814693,1,Normal
2026-09-28,16:27:54,DEB-0001,Binary,Binary: /bin/hp-info,0.12370098012719216,1,Normal
2026-09-28,16:27:54,DEB-0001,Binary,Binary: /bin/hp-levels,0.12406755055649005,1,Normal
2026-09-28,16:27:54,DEB-0001,Binary,Binary: /bin/hp-logcapture,0.12406755055649005,1,Normal
2026-09-28,16:27:54,DEB-0001,Binary,Binary: /bin/hp-makeuri,0.12406755055649005,1,Normal
2026-09-28,16:27:54,DEB-0001,Binary,Binary: /bin/hp-pkservice,0.12406755055649005,1,Normal
2026-09-28,16:27:54,DEB-0001,Binary,Binary: /bin/hp-plugin,0.12435903180442825,1,Normal
2026-09-28,16:27:54,DEB-0001,Binary,Binary: /bin/hp-plugin-ubuntu,0.12387753949554542,1,Normal
2026-09-28,16:27:54,DEB-0001,Binary,Binary: /bin/hp-probe,0.12340097756970025,1,Normal
2026-09-28,16:27:54,DEB-0001,Binary,Binary: /bin/hp-query,0.12453443926882962,1,Normal
2026-09-28,16:27:54,DEB-0001,Binary,Binary: /bin/hp-scan,0.12397435412702373,1,Normal
2026-09-28,16:27:54,DEB-0001,Binary,Binary: /bin/hp-setup,0.12397435412702373,1,Normal
2026-09-28,16:27:55,DEB-0001,Binary,Binary: /bin/hp-testpage,0.12297609611662214,1,Normal
2026-09-28,16:27:55,DEB-0001,Binary,Binary: /bin/hp-timedate,0.12313390449229467,1,Normal
2026-09-28,16:27:55,DEB-0001,Binary,Binary: /bin/hwctl,0.12360700943273328,1,Normal
2026-09-28,16:27:55,DEB-0001,Binary,Binary: /bin/hwe-support-status,0.12392214608467167,1,Normal
2026-09-28,16:27:55,DEB-0001,Binary,Binary: /bin/i386,0.12392214608467167,1,Normal
2026-09-28,16:27:55,DEB-0001,Binary,Binary: /bin/ibus,0.12392214608467167,1,Normal
2026-09-28,16:27:55,DEB-0001,Binary,Binary: /bin/ibus-daemon,0.12392214608467167,1,Normal
2026-09-28,16:27:55,DEB-0001,Binary,Binary: /bin/ibus-setup,0.12376460441084547,1,Normal
2026-09-28,16:27:55,DEB-0001,Binary,Binary: /bin/ibus-table-createdb,0.12378577942433444,1,Normal
2026-09-28,16:27:55,DEB-0001,Binary,Binary: /bin/iceauth,0.12306581829880087,1,Normal
2026-09-28,16:27:55,DEB-0001,Binary,Binary: /bin/iconv,0.12397213716646327,1,Normal
2026-09-28,16:27:56,DEB-0001,Binary,Binary: /bin/id,0.12401561133033862,1,Normal
2026-09-28,16:27:56,DEB-0001,Binary,Binary: /bin/iecset,0.12400965996323171,1,Normal
2026-09-28,16:27:56,DEB-0001,Binary,Binary: /bin/ijs_pxljr,0.1243245242794711,1,Normal
2026-09-28,16:27:56,DEB-0001,Binary,Binary: /bin/im-config,0.12395815622337769,1,Normal
2026-09-28,16:27:56,DEB-0001,Binary,Binary: /bin/im-launch,0.12454159677468452,1,Normal
2026-09-28,16:27:56,DEB-0001,Binary,Binary: /bin/inetutils-telnet,0.12469887564176596,1,Normal
2026-09-28,16:27:56,DEB-0001,Binary,Binary: /bin/info,0.12469887564176596,1,Normal
2026-09-28,16:27:56,DEB-0001,Binary,Binary: /bin/infobrowser,0.12469887564176596,1,Normal
2026-09-28,16:27:56,DEB-0001,Binary,Binary: /bin/infocmp,0.12440760733955292,1,Normal
2026-09-28,16:27:56,DEB-0001,Binary,Binary: /bin/infotocap,0.12425022992172918,1,Normal
2026-09-28,16:27:57,DEB-0001,Binary,Binary: /bin/inputattach,0.12004251641119817,1,Normal
2026-09-28,16:27:57,DEB-0001,Binary,Binary: /bin/install,0.12050946233036158,1,Normal
2026-09-28,16:27:57,DEB-0001,Binary,Binary: /bin/install-info,0.12091160220587405,1,Normal
2026-09-28,16:27:57,DEB-0001,Binary,Binary: /bin/install-menu,0.12064096444215594,1,Normal
2026-09-28,16:27:57,DEB-0001,Binary,Binary: /bin/instmodsh,0.12129824348142926,1,Normal
2026-09-28,16:27:57,DEB-0001,Binary,Binary: /bin/ionice,0.1211398140091467,1,Normal
2026-09-28,16:27:57,DEB-0001,Binary,Binary: /bin/iostat,0.12124189048494849,1,Normal
2026-09-28,16:27:57,DEB-0001,Binary,Binary: /bin/ip,0.1223529037339765,1,Normal
2026-09-28,16:27:57,DEB-0001,Binary,Binary: /bin/ipcmk,0.1223529037339765,1,Normal
2026-09-28,16:27:58,DEB-0001,Binary,Binary: /bin/ipcrm,0.1240414035413212,1,Normal
2026-09-28,16:27:58,DEB-0001,Binary,Binary: /bin/ipcs,0.1240414035413212,1,Normal
2026-09-28,16:27:58,DEB-0001,Binary,Binary: /bin/ippfind,0.1241988515917325,1,Normal
2026-09-28,16:27:58,DEB-0001,Binary,Binary: /bin/ipptool,0.12427743730496676,1,Normal
2026-09-28,16:27:58,DEB-0001,Binary,Binary: /bin/iptables-xml,0.12427743730496676,1,Normal
2026-09-28,16:27:58,DEB-0001,Binary,Binary: /bin/ischroot,0.12427743730496676,1,Normal
2026-09-28,16:27:58,DEB-0001,Binary,Binary: /bin/ispell-wrapper,0.12390122882871069,1,Normal
2026-09-28,16:27:58,DEB-0001,Binary,Binary: /bin/join,0.12442017192964933,1,Normal
2026-09-28,16:27:59,DEB-0001,Binary,Binary: /bin/journalctl,0.1239124545429961,1,Normal
2026-09-28,16:27:59,DEB-0001,Binary,Binary: /bin/jpgicc,0.12491780726422741,1,Normal
2026-09-28,16:27:59,DEB-0001,Binary,Binary: /bin/jq,0.12510772090416566,1,Normal
2026-09-28,16:27:59,DEB-0001,Binary,Binary: /bin/json-patch-jsondiff,0.1249179839679766,1,Normal
2026-09-28,16:27:59,DEB-0001,Binary,Binary: /bin/json_pp,0.1249179839679766,1,Normal
2026-09-28,16:27:59,DEB-0001,Binary,Binary: /bin/jsondiff,0.12538927920125037,1,Normal
2026-09-28,16:27:59,DEB-0001,Binary,Binary: /bin/jsonpatch,0.12609907227705636,1,Normal
2026-09-28,16:27:59,DEB-0001,Binary,Binary: /bin/jsonpointer,0.12625582434994276,1,Normal
2026-09-28,16:27:59,DEB-0001,Binary,Binary: /bin/jsonschema,0.12622331952625027,1,Normal
2026-09-28,16:27:59,DEB-0001,Binary,Binary: /bin/kbd_mode,0.1268445007537536,1,Normal
2026-09-28,16:28:00,DEB-0001,Binary,Binary: /bin/kbdinfo,0.12894266709428326,1,Normal
2026-09-28,16:28:00,DEB-0001,Binary,Binary: /bin/kbxutil,0.12983099877967913,1,Normal
2026-09-28,16:28:00,DEB-0001,Binary,Binary: /bin/kernel-install,0.13103384770096738,1,Normal
2026-09-28,16:28:00,DEB-0001,Binary,Binary: /bin/kill,0.13103384770096738,1,Normal
2026-09-28,16:28:00,DEB-0001,Binary,Binary: /bin/killall,0.13150808876472553,1,Normal
2026-09-28,16:28:00,DEB-0001,Binary,Binary: /bin/kmod,0.13175310320946015,1,Normal
2026-09-28,16:28:00,DEB-0001,Binary,Binary: /bin/kmodsign,0.13175310320946015,1,Normal
2026-09-28,16:28:00,DEB-0001,Binary,Binary: /bin/l2ping,0.13194004889369404,1,Normal
2026-09-28,16:28:00,DEB-0001,Binary,Binary: /bin/l2test,0.13111944031675,1,Normal
2026-09-28,16:28:01,DEB-0001,Binary,Binary: /bin/laptop-detect,0.131431525047277,1,Normal
2026-09-28,16:28:01,DEB-0001,Binary,Binary: /bin/lavadecode,0.131431525047277,1,Normal
2026-09-28,16:28:01,DEB-0001,Binary,Binary: /bin/ld,0.13156723734519105,1,Normal
2026-09-28,16:28:01,DEB-0001,Binary,Binary: /bin/ld.bfd,0.13239216985481028,1,Normal
2026-09-28,16:28:01,DEB-0001,Binary,Binary: /bin/ld.so,0.13270502182346916,1,Normal
2026-09-28,16:28:01,DEB-0001,Binary,Binary: /bin/ldapadd,0.13358438374198606,1,Normal
2026-09-28,16:28:01,DEB-0001,Binary,Binary: /bin/ldapcompare,0.13343011128999227,1,Normal
2026-09-28,16:28:01,DEB-0001,Binary,Binary: /bin/ldapdelete,0.13343011128999227,1,Normal
2026-09-28,16:28:01,DEB-0001,Binary,Binary: /bin/ldapexop,0.13343011128999227,1,Normal
2026-09-28,16:28:02,DEB-0001,Binary,Binary: /bin/ldapmodify,0.1351395492937259,1,Normal
2026-09-28,16:28:02,DEB-0001,Binary,Binary: /bin/ldapmodrdn,0.13529324355234468,1,Normal
2026-09-28,16:28:02,DEB-0001,Binary,Binary: /bin/ldappasswd,0.1351395492937259,1,Normal
2026-09-28,16:28:02,DEB-0001,Binary,Binary: /bin/ldapsearch,0.13551846616357172,1,Normal
2026-09-28,16:28:02,DEB-0001,Binary,Binary: /bin/ldapurl,0.13551846616357172,1,Normal
2026-09-28,16:28:02,DEB-0001,Binary,Binary: /bin/ldapwhoami,0.13551846616357172,1,Normal
2026-09-28,16:28:02,DEB-0001,Binary,Binary: /bin/ldd,0.13551846616357172,1,Normal
2026-09-28,16:28:02,DEB-0001,Binary,Binary: /bin/less,0.1348717839412379,1,Normal
2026-09-28,16:28:02,DEB-0001,Binary,Binary: /bin/lessecho,0.13414378184762793,1,Normal
2026-09-28,16:28:02,DEB-0001,Binary,Binary: /bin/lessfile,0.13414378184762793,1,Normal
2026-09-28,16:28:02,DEB-0001,Binary,Binary: /bin/lesskey,0.13432430233335846,1,Normal
2026-09-28,16:28:03,DEB-0001,Binary,Binary: /bin/lesspipe,0.13587962078600835,1,Normal
2026-09-28,16:28:03,DEB-0001,Binary,Binary: /bin/lexgrog,0.13587962078600835,1,Normal
2026-09-28,16:28:03,DEB-0001,Binary,Binary: /bin/libnetcfg,0.13601030550270266,1,Normal
2026-09-28,16:28:03,DEB-0001,Binary,Binary: /bin/link,0.13601030550270266,1,Normal
2026-09-28,16:28:03,DEB-0001,Binary,Binary: /bin/linkicc,0.13601030550270266,1,Normal
2026-09-28,16:28:03,DEB-0001,Binary,Binary: /bin/linux-boot-prober,0.13616370524027405,1,Normal
2026-09-28,16:28:03,DEB-0001,Binary,Binary: /bin/linux-check-removal,0.1363170530925406,1,Normal
2026-09-28,16:28:03,DEB-0001,Binary,Binary: /bin/linux-run-hooks,0.1363170530925406,1,Normal
2026-09-28,16:28:03,DEB-0001,Binary,Binary: /bin/linux-update-symlinks,0.1363170530925406,1,Normal
2026-09-28,16:28:03,DEB-0001,Binary,Binary: /bin/linux-version,0.137236051597093,1,Normal
2026-09-28,16:28:04,DEB-0001,Binary,Binary: /bin/linux32,0.1367533278483713,1,Normal
2026-09-28,16:28:04,DEB-0001,Binary,Binary: /bin/linux64,0.13799775627225747,1,Normal
2026-09-28,16:28:04,DEB-0001,Binary,Binary: /bin/listres,0.13799775627225747,1,Normal
2026-09-28,16:28:04,DEB-0001,Binary,Binary: /bin/ln,0.1383031596348971,1,Normal
2026-09-28,16:28:04,DEB-0001,Binary,Binary: /bin/lnstat,0.13936764924189854,1,Normal
2026-09-28,16:28:04,DEB-0001,Binary,Binary: /bin/loadkeys,0.13942182105768763,1,Normal
2026-09-28,16:28:04,DEB-0001,Binary,Binary: /bin/loadunimap,0.1392695237048578,1,Normal
2026-09-28,16:28:04,DEB-0001,Binary,Binary: /bin/locale,0.1392695237048578,1,Normal
2026-09-28,16:28:04,DEB-0001,Binary,Binary: /bin/locale-check,0.13951258676785944,1,Normal
2026-09-28,16:28:04,DEB-0001,Binary,Binary: /bin/localectl,0.14051336516844065,1,Normal
2026-09-28,16:28:05,DEB-0001,Binary,Binary: /bin/localedef,0.13994752455812204,1,Normal
2026-09-28,16:28:05,DEB-0001,Binary,Binary: /bin/localsearch,0.13994752455812204,1,Normal
2026-09-28,16:28:05,DEB-0001,Binary,Binary: /bin/logger,0.13994752455812204,1,Normal
2026-09-28,16:28:05,DEB-0001,Binary,Binary: /bin/login,0.139795405077274,1,Normal
2026-09-28,16:28:05,DEB-0001,Binary,Binary: /bin/loginctl,0.13994752455812204,1,Normal
2026-09-28,16:28:05,DEB-0001,Binary,Binary: /bin/logname,0.14036054794011088,1,Normal
2026-09-28,16:28:05,DEB-0001,Binary,Binary: /bin/look,0.14062310799369987,1,Normal
2026-09-28,16:28:05,DEB-0001,Binary,Binary: /bin/loupe,0.14036385385115907,1,Normal
2026-09-28,16:28:05,DEB-0001,Binary,Binary: /bin/lowntfs-3g,0.13979383917480231,1,Normal
2026-09-28,16:28:05,DEB-0001,Binary,Binary: /bin/lp,0.13979383917480231,1,Normal
2026-09-28,16:28:05,DEB-0001,Binary,Binary: /bin/lpoptions,0.13979383917480231,1,Normal
2026-09-28,16:28:06,DEB-0001,Binary,Binary: /bin/lpq,0.13942421713102704,1,Normal
2026-09-28,16:28:06,DEB-0001,Binary,Binary: /bin/lpr,0.13942421713102704,1,Normal
2026-09-28,16:28:06,DEB-0001,Binary,Binary: /bin/lprm,0.1390118861201105,1,Normal
2026-09-28,16:28:06,DEB-0001,Binary,Binary: /bin/lpstat,0.138827829535978,1,Normal
2026-09-28,16:28:06,DEB-0001,Binary,Binary: /bin/ls,0.138827829535978,1,Normal
2026-09-28,16:28:06,DEB-0001,Binary,Binary: /bin/lsattr,0.13852278127792922,1,Normal
2026-09-28,16:28:06,DEB-0001,Binary,Binary: /bin/lsb_release,0.13867533120588799,1,Normal
2026-09-28,16:28:06,DEB-0001,Binary,Binary: /bin/lsblk,0.13849113712695654,1,Normal
2026-09-28,16:28:06,DEB-0001,Binary,Binary: /bin/lscpu,0.13849113712695654,1,Normal
2026-09-28,16:28:06,DEB-0001,Binary,Binary: /bin/lshw,0.13882782953597794,1,Normal
2026-09-28,16:28:06,DEB-0001,Binary,Binary: /bin/lsinitramfs,0.1390118861201105,1,Normal
2026-09-28,16:28:07,DEB-0001,Binary,Binary: /bin/lsinitrd,0.14194615266407207,1,Normal
2026-09-28,16:28:07,DEB-0001,Binary,Binary: /bin/lsipc,0.14194615266407207,1,Normal
2026-09-28,16:28:07,DEB-0001,Binary,Binary: /bin/lslocks,0.14194615266407207,1,Normal
2026-09-28,16:28:07,DEB-0001,Binary,Binary: /bin/lsmod,0.1419147487032606,1,Normal
2026-09-28,16:28:07,DEB-0001,Binary,Binary: /bin/lsns,0.1419147487032606,1,Normal
2026-09-28,16:28:07,DEB-0001,Binary,Binary: /bin/lsof,0.1414153246747123,1,Normal
2026-09-28,16:28:07,DEB-0001,Binary,Binary: /bin/lspci,0.14118798520167503,1,Normal
2026-09-28,16:28:07,DEB-0001,Binary,Binary: /bin/lspgpot,0.1413710779710028,1,Normal
2026-09-28,16:28:07,DEB-0001,Binary,Binary: /bin/lspower,0.14121944015000032,1,Normal
2026-09-28,16:28:07,DEB-0001,Binary,Binary: /bin/lsusb,0.14245550059693807,1,Normal
2026-09-28,16:28:07,DEB-0001,Binary,Binary: /bin/lto-dump,0.14193873195999362,1,Normal
2026-09-28,16:28:08,DEB-0001,Binary,Binary: /bin/lto-dump-15,0.1418283414585806,1,Normal
2026-09-28,16:28:08,DEB-0001,Binary,Binary: /bin/luit,0.14164543549784947,1,Normal
2026-09-28,16:28:08,DEB-0001,Binary,Binary: /bin/lwp-download,0.14132868387441033,1,Normal
2026-09-28,16:28:08,DEB-0001,Binary,Binary: /bin/lwp-dump,0.14129723659082966,1,Normal
2026-09-28,16:28:08,DEB-0001,Binary,Binary: /bin/lwp-mirror,0.14129723659082966,1,Normal
2026-09-28,16:28:08,DEB-0001,Binary,Binary: /bin/lwp-request,0.14139492023610434,1,Normal
2026-09-28,16:28:08,DEB-0001,Binary,Binary: /bin/lzcat,0.14087692571059052,1,Normal
2026-09-28,16:28:08,DEB-0001,Binary,Binary: /bin/lzcmp,0.14141322634932607,1,Normal
2026-09-28,16:28:09,DEB-0001,Binary,Binary: /bin/lzdiff,0.14153303797592676,1,Normal
2026-09-28,16:28:09,DEB-0001,Binary,Binary: /bin/lzegrep,0.14153303797592676,1,Normal
2026-09-28,16:28:09,DEB-0001,Binary,Binary: /bin/lzfgrep,0.14289965215804534,1,Normal
2026-09-28,16:28:09,DEB-0001,Binary,Binary: /bin/lzgrep,0.14289965215804534,1,Normal
2026-09-28,16:28:09,DEB-0001,Binary,Binary: /bin/lzless,0.1423343679458829,1,Normal
2026-09-28,16:28:09,DEB-0001,Binary,Binary: /bin/lzma,0.14248562865823122,1,Normal
2026-09-28,16:28:09,DEB-0001,Binary,Binary: /bin/lzmainfo,0.14281933931120128,1,Normal
2026-09-28,16:28:09,DEB-0001,Binary,Binary: /bin/lzmore,0.14300176588580926,1,Normal
2026-09-28,16:28:09,DEB-0001,Binary,Binary: /bin/m17n-db,0.14369095760182993,1,Normal
2026-09-28,16:28:09,DEB-0001,Binary,Binary: /bin/m2300w,0.14313586037317433,1,Normal
2026-09-28,16:28:09,DEB-0001,Binary,Binary: /bin/m2300w-wrapper,0.14328684999197577,1,Normal
2026-09-28,16:28:09,DEB-0001,Binary,Binary: /bin/m2400w,0.14358867603650421,1,Normal
2026-09-28,16:28:10,DEB-0001,Binary,Binary: /bin/make,0.14530072760670099,1,Normal
2026-09-28,16:28:10,DEB-0001,Binary,Binary: /bin/make-first-existing-target,0.1456075880535131,1,Normal
2026-09-28,16:28:10,DEB-0001,Binary,Binary: /bin/makedumpfile,0.1456075880535131,1,Normal
2026-09-28,16:28:10,DEB-0001,Binary,Binary: /bin/makedumpfile-R.pl,0.1456075880535131,1,Normal
2026-09-28,16:28:10,DEB-0001,Binary,Binary: /bin/man,0.1456075880535131,1,Normal
2026-09-28,16:28:10,DEB-0001,Binary,Binary: /bin/man-recode,0.1456075880535131,1,Normal
2026-09-28,16:28:10,DEB-0001,Binary,Binary: /bin/mandb,0.1456075880535131,1,Normal
2026-09-28,16:28:10,DEB-0001,Binary,Binary: /bin/manpath,0.1456075880535131,1,Normal
2026-09-28,16:28:10,DEB-0001,Binary,Binary: /bin/mapscrn,0.14547966880216856,1,Normal
2026-09-28,16:28:10,DEB-0001,Binary,Binary: /bin/markdown-it,0.1447553779446994,1,Normal
2026-09-28,16:28:10,DEB-0001,Binary,Binary: /bin/mawk,0.14446526630502532,1,Normal
2026-09-28,16:28:10,DEB-0001,Binary,Binary: /bin/mbim-network,0.14446526630502532,1,Normal
2026-09-28,16:28:10,DEB-0001,Binary,Binary: /bin/mbimcli,0.14431467540383713,1,Normal
2026-09-28,16:28:11,DEB-0001,Binary,Binary: /bin/mcookie,0.14385578808234073,1,Normal
2026-09-28,16:28:11,DEB-0001,Binary,Binary: /bin/md5sum,0.1439094198136064,1,Normal
2026-09-28,16:28:11,DEB-0001,Binary,Binary: /bin/mdig,0.14334390454962026,1,Normal
2026-09-28,16:28:11,DEB-0001,Binary,Binary: /bin/memhog,0.14254374641253315,1,Normal
2026-09-28,16:28:11,DEB-0001,Binary,Binary: /bin/mesa-overlay-control.py,0.14287741368251833,1,Normal
2026-09-28,16:28:11,DEB-0001,Binary,Binary: /bin/mesa-screenshot-control.py,0.14287741368251833,1,Normal
2026-09-28,16:28:11,DEB-0001,Binary,Binary: /bin/migrate-pubring-from-classic-gpg,0.14243756484450193,1,Normal
2026-09-28,16:28:11,DEB-0001,Binary,Binary: /bin/migratepages,0.14183214976845399,1,Normal
2026-09-28,16:28:11,DEB-0001,Binary,Binary: /bin/migspeed,0.14183214976845399,1,Normal
2026-09-28,16:28:11,DEB-0001,Binary,Binary: /bin/mimeopen,0.14170314262126993,1,Normal
2026-09-28,16:28:11,DEB-0001,Binary,Binary: /bin/mimetype,0.14205554705549434,1,Normal
2026-09-28,16:28:11,DEB-0001,Binary,Binary: /bin/min12xxw,0.1417751544219718,1,Normal
2026-09-28,16:28:11,DEB-0001,Binary,Binary: /bin/mk_modmap,0.14165507770356905,1,Normal
2026-09-28,16:28:12,DEB-0001,Binary,Binary: /bin/mkdir,0.14092631091056074,1,Normal
2026-09-28,16:28:12,DEB-0001,Binary,Binary: /bin/mkfifo,0.14092631091056074,1,Normal
2026-09-28,16:28:12,DEB-0001,Binary,Binary: /bin/mkfontdir,0.14100190113782474,1,Normal
2026-09-28,16:28:12,DEB-0001,Binary,Binary: /bin/mkfontscale,0.14153788200648515,1,Normal
2026-09-28,16:28:12,DEB-0001,Binary,Binary: /bin/mknod,0.1416894121190061,1,Normal
2026-09-28,16:28:12,DEB-0001,Binary,Binary: /bin/mksquashfs,0.14137282873170454,1,Normal
2026-09-28,16:28:12,DEB-0001,Binary,Binary: /bin/mktemp,0.14137282873170454,1,Normal
2026-09-28,16:28:12,DEB-0001,Binary,Binary: /bin/mmcli,0.14101988663980314,1,Normal
2026-09-28,16:28:12,DEB-0001,Binary,Binary: /bin/mokutil,0.14101988663980314,1,Normal
2026-09-28,16:28:12,DEB-0001,Binary,Binary: /bin/monitor-sensor,0.14101988663980314,1,Normal
2026-09-28,16:28:12,DEB-0001,Binary,Binary: /bin/more,0.1406488123214702,1,Normal
2026-09-28,16:28:12,DEB-0001,Binary,Binary: /bin/mount,0.1406488123214702,1,Normal
2026-09-28,16:28:12,DEB-0001,Fount known binary,Fount known binary: mount (File system tool) - /bin/mount,-0.017302928944638585,-1,Anomalía
2026-09-28,16:28:12,DEB-0001,Binary,Binary: /bin/mountpoint,0.14097057621260012,1,Normal
2026-09-28,16:28:12,DEB-0001,Binary,Binary: /bin/mpris-proxy,0.14088109517784264,1,Normal
2026-09-28,16:28:13,DEB-0001,Binary,Binary: /bin/mpstat,0.14029467979896976,1,Normal
2026-09-28,16:28:13,DEB-0001,Binary,Binary: /bin/mscompress,0.13975704052465865,1,Normal
2026-09-28,16:28:13,DEB-0001,Binary,Binary: /bin/msexpand,0.13998841424217479,1,Normal
2026-09-28,16:28:13,DEB-0001,Binary,Binary: /bin/mt,0.14033031937409007,1,Normal
2026-09-28,16:28:13,DEB-0001,Binary,Binary: /bin/mt-gnu,0.14014680141740676,1,Normal
2026-09-28,16:28:13,DEB-0001,Binary,Binary: /bin/mtr,0.1403223592711615,1,Normal
2026-09-28,16:28:13,DEB-0001,Binary,Binary: /bin/mtr-packet,0.1405160615880216,1,Normal
2026-09-28,16:28:13,DEB-0001,Binary,Binary: /bin/mv,0.1402564819804703,1,Normal
2026-09-28,16:28:13,DEB-0001,Binary,Binary: /bin/namei,0.1410199447919192,1,Normal
2026-09-28,16:28:13,DEB-0001,Binary,Binary: /bin/nano,0.1410199447919192,1,Normal
2026-09-28,16:28:13,DEB-0001,Binary,Binary: /bin/nautilus,0.1410199447919192,1,Normal
2026-09-28,16:28:13,DEB-0001,Binary,Binary: /bin/nautilus-autorun-software,0.1410199447919192,1,Normal
2026-09-28,16:28:13,DEB-0001,Binary,Binary: /bin/nautilus-sendto,0.14089966554918176,1,Normal
2026-09-28,16:28:13,DEB-0001,Binary,Binary: /bin/nawk,0.14118937935069703,1,Normal
2026-09-28,16:28:13,DEB-0001,Binary,Binary: /bin/nc,0.14137247155069743,1,Normal
2026-09-28,16:28:13,DEB-0001,Binary,Binary: /bin/nc.openbsd,0.14027312661480285,1,Normal
2026-09-28,16:28:13,DEB-0001,Binary,Binary: /bin/neqn,0.14012111730153615,1,Normal
2026-09-28,16:28:13,DEB-0001,Binary,Binary: /bin/netaddr,0.13966478069766314,1,Normal
2026-09-28,16:28:13,DEB-0001,Binary,Binary: /bin/netcat,0.13897399027030066,1,Normal
2026-09-28,16:28:13,DEB-0001,Binary,Binary: /bin/netshaper,0.13851648887979212,1,Normal
2026-09-28,16:28:13,DEB-0001,Binary,Binary: /bin/networkctl,0.13851648887979212,1,Normal
2026-09-28,16:28:13,DEB-0001,Binary,Binary: /bin/networkd-dispatcher,0.13903909875753467,1,Normal
2026-09-28,16:28:13,DEB-0001,Binary,Binary: /bin/ngettext,0.13919147404836385,1,Normal
2026-09-28,16:28:13,DEB-0001,Binary,Binary: /bin/nhlt-dmic-info,0.1393949708620824,1,Normal
2026-09-28,16:28:14,DEB-0001,Binary,Binary: /bin/nice,0.13839679447112246,1,Normal
2026-09-28,16:28:14,DEB-0001,Binary,Binary: /bin/nisdomainname,0.13839679447112246,1,Normal
2026-09-28,16:28:14,DEB-0001,Binary,Binary: /bin/nl,0.1382241599266193,1,Normal
2026-09-28,16:28:14,DEB-0001,Binary,Binary: /bin/nm,0.13804956941404428,1,Normal
2026-09-28,16:28:14,DEB-0001,Binary,Binary: /bin/nm-connection-editor,0.13804956941404428,1,Normal
2026-09-28,16:28:14,DEB-0001,Binary,Binary: /bin/nm-online,0.13804956941404428,1,Normal
2026-09-28,16:28:14,DEB-0001,Binary,Binary: /bin/nmcli,0.13774399441767565,1,Normal
2026-09-28,16:28:14,DEB-0001,Binary,Binary: /bin/nmtui,0.13774399441767565,1,Normal
2026-09-28,16:28:14,DEB-0001,Binary,Binary: /bin/nmtui-connect,0.13774399441767565,1,Normal
2026-09-28,16:28:14,DEB-0001,Binary,Binary: /bin/nmtui-edit,0.1382358373398243,1,Normal
2026-09-28,16:28:14,DEB-0001,Binary,Binary: /bin/nmtui-hostname,0.13920076819998967,1,Normal
2026-09-28,16:28:14,DEB-0001,Binary,Binary: /bin/nohup,0.13920076819998967,1,Normal
2026-09-28,16:28:14,DEB-0001,Binary,Binary: /bin/notify-send,0.13920076819998967,1,Normal
2026-09-28,16:28:14,DEB-0001,Binary,Binary: /bin/nproc,0.13948277293057448,1,Normal
2026-09-28,16:28:14,DEB-0001,Binary,Binary: /bin/nroff,0.1395053578965108,1,Normal
2026-09-28,16:28:14,DEB-0001,Binary,Binary: /bin/nsenter,0.13952432985260121,1,Normal
2026-09-28,16:28:14,DEB-0001,Binary,Binary: /bin/nslookup,0.139242351161532,1,Normal
2026-09-28,16:28:14,DEB-0001,Binary,Binary: /bin/nstat,0.13908999308499365,1,Normal
2026-09-28,16:28:14,DEB-0001,Binary,Binary: /bin/nsupdate,0.13908999308499365,1,Normal
2026-09-28,16:28:14,DEB-0001,Binary,Binary: /bin/ntfs-3g,0.1393499824721578,1,Normal
2026-09-28,16:28:14,DEB-0001,Binary,Binary: /bin/ntfs-3g.probe,0.14011441621704512,1,Normal
2026-09-28,16:28:14,DEB-0001,Binary,Binary: /bin/ntfscat,0.1399623532040541,1,Normal
2026-09-28,16:28:14,DEB-0001,Binary,Binary: /bin/ntfscluster,0.14028419285226412,1,Normal
2026-09-28,16:28:14,DEB-0001,Binary,Binary: /bin/ntfscmp,0.14028419285226412,1,Normal
2026-09-28,16:28:14,DEB-0001,Binary,Binary: /bin/ntfsdecrypt,0.14018459247033932,1,Normal
2026-09-28,16:28:14,DEB-0001,Binary,Binary: /bin/ntfsfallocate,0.1405958501982535,1,Normal
2026-09-28,16:28:14,DEB-0001,Binary,Binary: /bin/ntfsfix,0.14074769893979133,1,Normal
2026-09-28,16:28:14,DEB-0001,Binary,Binary: /bin/ntfsinfo,0.14077918477725992,1,Normal
2026-09-28,16:28:15,DEB-0001,Binary,Binary: /bin/ntfsls,0.14031111671420649,1,Normal
2026-09-28,16:28:15,DEB-0001,Binary,Binary: /bin/ntfsmove,0.14057040129547138,1,Normal
2026-09-28,16:28:15,DEB-0001,Binary,Binary: /bin/ntfsrecover,0.14057040129547138,1,Normal
2026-09-28,16:28:15,DEB-0001,Binary,Binary: /bin/ntfssecaudit,0.14089222397769657,1,Normal
2026-09-28,16:28:15,DEB-0001,Binary,Binary: /bin/ntfstruncate,0.14089222397769657,1,Normal
2026-09-28,16:28:15,DEB-0001,Binary,Binary: /bin/ntfsusermap,0.14084258803635435,1,Normal
2026-09-28,16:28:15,DEB-0001,Binary,Binary: /bin/ntfswipe,0.14099435332228694,1,Normal
2026-09-28,16:28:15,DEB-0001,Binary,Binary: /bin/numactl,0.14099435332228694,1,Normal
2026-09-28,16:28:15,DEB-0001,Binary,Binary: /bin/numastat,0.14099435332228694,1,Normal
2026-09-28,16:28:15,DEB-0001,Binary,Binary: /bin/numfmt,0.14099435332228694,1,Normal
2026-09-28,16:28:16,DEB-0001,Binary,Binary: /bin/oakdecode,0.14352608931560618,1,Normal
2026-09-28,16:28:16,DEB-0001,Binary,Binary: /bin/obexctl,0.14352608931560618,1,Normal
2026-09-28,16:28:16,DEB-0001,Binary,Binary: /bin/objcopy,0.14337518064352206,1,Normal
2026-09-28,16:28:16,DEB-0001,Binary,Binary: /bin/objdump,0.1445070700803357,1,Normal
2026-09-28,16:28:16,DEB-0001,Binary,Binary: /bin/od,0.1445070700803357,1,Normal
2026-09-28,16:28:16,DEB-0001,Binary,Binary: /bin/oem-getlogs,0.1445070700803357,1,Normal
2026-09-28,16:28:16,DEB-0001,Binary,Binary: /bin/on_ac_power,0.1445070700803357,1,Normal
2026-09-28,16:28:16,DEB-0001,Binary,Binary: /bin/oomctl,0.1443564933234711,1,Normal
2026-09-28,16:28:16,DEB-0001,Binary,Binary: /bin/open,0.14536538339929822,1,Normal
2026-09-28,16:28:16,DEB-0001,Binary,Binary: /bin/openssl,0.14536538339929822,1,Normal
2026-09-28,16:28:16,DEB-0001,Binary,Binary: /bin/openvt,0.14454177455633627,1,Normal
2026-09-28,16:28:16,DEB-0001,Binary,Binary: /bin/opldecode,0.14464200818826978,1,Normal
2026-09-28,16:28:16,DEB-0001,Binary,Binary: /bin/orca,0.14502435209857073,1,Normal
2026-09-28,16:28:16,DEB-0001,Binary,Binary: /bin/orca-dm-wrapper,0.1448739503642762,1,Normal
2026-09-28,16:28:16,DEB-0001,Binary,Binary: /bin/os-prober,0.14437782798012821,1,Normal
2026-09-28,16:28:16,DEB-0001,Binary,Binary: /bin/p11-kit,0.14455961811601575,1,Normal
2026-09-28,16:28:16,DEB-0001,Binary,Binary: /bin/pager,0.14501098956981173,1,Normal
2026-09-28,16:28:16,DEB-0001,Binary,Binary: /bin/paper,0.14501098956981173,1,Normal
2026-09-28,16:28:16,DEB-0001,Binary,Binary: /bin/paperconf,0.14558508439466955,1,Normal
2026-09-28,16:28:16,DEB-0001,Binary,Binary: /bin/papers,0.14558508439466955,1,Normal
2026-09-28,16:28:16,DEB-0001,Binary,Binary: /bin/papers-previewer,0.14445212209456348,1,Normal
2026-09-28,16:28:16,DEB-0001,Binary,Binary: /bin/papers-thumbnailer,0.14445212209456348,1,Normal
2026-09-28,16:28:16,DEB-0001,Binary,Binary: /bin/partx,0.1440299673744212,1,Normal
2026-09-28,16:28:16,DEB-0001,Binary,Binary: /bin/passwd,0.14513535140318734,1,Normal
2026-09-28,16:28:16,DEB-0001,Binary,Binary: /bin/paste,0.14528566472225496,1,Normal
2026-09-28,16:28:16,DEB-0001,Binary,Binary: /bin/patch,0.14528566472225496,1,Normal
2026-09-28,16:28:16,DEB-0001,Binary,Binary: /bin/pathchk,0.1461080758213767,1,Normal
2026-09-28,16:28:17,DEB-0001,Binary,Binary: /bin/pcilmr,0.14666845204713685,1,Normal
2026-09-28,16:28:17,DEB-0001,Binary,Binary: /bin/pdb3,0.14681824681646277,1,Normal
2026-09-28,16:28:17,DEB-0001,Binary,Binary: /bin/pdb3.14,0.14651860659469312,1,Normal
2026-09-28,16:28:17,DEB-0001,Binary,Binary: /bin/pdf2dsc,0.1466995225025997,1,Normal
2026-09-28,16:28:17,DEB-0001,Binary,Binary: /bin/pdf2ps,0.1466995225025997,1,Normal
2026-09-28,16:28:17,DEB-0001,Binary,Binary: /bin/pdfattach,0.14684075151765003,1,Normal
2026-09-28,16:28:17,DEB-0001,Binary,Binary: /bin/pdfdetach,0.14717824977940502,1,Normal
2026-09-28,16:28:17,DEB-0001,Binary,Binary: /bin/pdffonts,0.14705962200742612,1,Normal
2026-09-28,16:28:17,DEB-0001,Binary,Binary: /bin/pdfimages,0.14780994912930573,1,Normal
2026-09-28,16:28:17,DEB-0001,Binary,Binary: /bin/pdfinfo,0.14780994912930573,1,Normal
2026-09-28,16:28:17,DEB-0001,Binary,Binary: /bin/pdfseparate,0.14780994912930573,1,Normal
2026-09-28,16:28:17,DEB-0001,Binary,Binary: /bin/pdfsig,0.14821536009499237,1,Normal
2026-09-28,16:28:17,DEB-0001,Binary,Binary: /bin/pdftocairo,0.1474554623783627,1,Normal
2026-09-28,16:28:17,DEB-0001,Binary,Binary: /bin/pdftohtml,0.1469086486489895,1,Normal
2026-09-28,16:28:17,DEB-0001,Binary,Binary: /bin/pdftoppm,0.14737512198536468,1,Normal
2026-09-28,16:28:17,DEB-0001,Binary,Binary: /bin/pdftops,0.147200275050901,1,Normal
2026-09-28,16:28:17,DEB-0001,Binary,Binary: /bin/pdftotext,0.147200275050901,1,Normal
2026-09-28,16:28:17,DEB-0001,Binary,Binary: /bin/pdfunite,0.14734988993857173,1,Normal
2026-09-28,16:28:17,DEB-0001,Binary,Binary: /bin/peekfd,0.14734988993857173,1,Normal
2026-09-28,16:28:17,DEB-0001,Binary,Binary: /bin/perf,0.14734988993857173,1,Normal
2026-09-28,16:28:17,DEB-0001,Binary,Binary: /bin/perl,0.14734988993857173,1,Normal
2026-09-28,16:28:17,DEB-0001,Binary,Binary: /bin/perl5.40-x86_64-linux-gnu,0.14672005975101798,1,Normal
2026-09-28,16:28:17,DEB-0001,Binary,Binary: /bin/perl5.40.1,0.14662883599027932,1,Normal
2026-09-28,16:28:17,DEB-0001,Binary,Binary: /bin/perlbug,0.14662883599027932,1,Normal
2026-09-28,16:28:17,DEB-0001,Binary,Binary: /bin/perldoc,0.14662883599027932,1,Normal
2026-09-28,16:28:17,DEB-0001,Binary,Binary: /bin/perli11ndoc,0.1463566139297488,1,Normal
2026-09-28,16:28:17,DEB-0001,Binary,Binary: /bin/perlivp,0.1463566139297488,1,Normal
2026-09-28,16:28:17,DEB-0001,Binary,Binary: /bin/perlthanks,0.14628533894396073,1,Normal
2026-09-28,16:28:17,DEB-0001,Binary,Binary: /bin/pf2afm,0.14628533894396073,1,Normal
2026-09-28,16:28:17,DEB-0001,Binary,Binary: /bin/pfbtopfa,0.14598533804201547,1,Normal
2026-09-28,16:28:17,DEB-0001,Binary,Binary: /bin/pgrep,0.14632296512965343,1,Normal
2026-09-28,16:28:18,DEB-0001,Binary,Binary: /bin/pic,0.1469708530520869,1,Normal
2026-09-28,16:28:18,DEB-0001,Binary,Binary: /bin/pico,0.14667131611654494,1,Normal
2026-09-28,16:28:18,DEB-0001,Binary,Binary: /bin/piconv,0.1464903886853141,1,Normal
2026-09-28,16:28:18,DEB-0001,Binary,Binary: /bin/pidof,0.1464903886853141,1,Normal
2026-09-28,16:28:18,DEB-0001,Binary,Binary: /bin/pidstat,0.1463404829850633,1,Normal
2026-09-28,16:28:18,DEB-0001,Binary,Binary: /bin/pidwait,0.1463404829850633,1,Normal
2026-09-28,16:28:18,DEB-0001,Binary,Binary: /bin/pinentry,0.14629040952980915,1,Normal
2026-09-28,16:28:18,DEB-0001,Binary,Binary: /bin/pinentry-curses,0.14679126544431287,1,Normal
2026-09-28,16:28:18,DEB-0001,Binary,Binary: /bin/pinentry-gnome3,0.14679126544431287,1,Normal
2026-09-28,16:28:18,DEB-0001,Binary,Binary: /bin/pinentry-x11,0.14679126544431287,1,Normal
2026-09-28,16:28:18,DEB-0001,Binary,Binary: /bin/ping,0.14679126544431287,1,Normal
2026-09-28,16:28:18,DEB-0001,Binary,Binary: /bin/ping4,0.1466441825630051,1,Normal
2026-09-28,16:28:18,DEB-0001,Binary,Binary: /bin/ping6,0.1466131082247883,1,Normal
2026-09-28,16:28:18,DEB-0001,Binary,Binary: /bin/pinky,0.14713712125506168,1,Normal
2026-09-28,16:28:18,DEB-0001,Binary,Binary: /bin/pipewire,0.14765804503784902,1,Normal
2026-09-28,16:28:18,DEB-0001,Binary,Binary: /bin/pipewire-aes67,0.147934753767768,1,Normal
2026-09-28,16:28:18,DEB-0001,Binary,Binary: /bin/pipewire-avb,0.1488387415031785,1,Normal
2026-09-28,16:28:18,DEB-0001,Binary,Binary: /bin/pipewire-pulse,0.14942455301703605,1,Normal
2026-09-28,16:28:18,DEB-0001,Binary,Binary: /bin/pkaction,0.1495734155739517,1,Normal
2026-09-28,16:28:18,DEB-0001,Binary,Binary: /bin/pkcheck,0.1495734155739517,1,Normal
2026-09-28,16:28:18,DEB-0001,Binary,Binary: /bin/pkexec,0.14905474977906907,1,Normal
2026-09-28,16:28:18,DEB-0001,Binary,Binary: /bin/pkgcli,0.14905474977906907,1,Normal
2026-09-28,16:28:18,DEB-0001,Binary,Binary: /bin/pkill,0.14887479606629583,1,Normal
2026-09-28,16:28:18,DEB-0001,Binary,Binary: /bin/pkttyagent,0.1487071687469072,1,Normal
2026-09-28,16:28:18,DEB-0001,Binary,Binary: /bin/pl2pm,0.14898774058890085,1,Normal
2026-09-28,16:28:18,DEB-0001,Binary,Binary: /bin/pldd,0.14898774058890085,1,Normal
2026-09-28,16:28:18,DEB-0001,Binary,Binary: /bin/plog,0.1491194179188604,1,Normal
2026-09-28,16:28:18,DEB-0001,Binary,Binary: /bin/plymouth,0.14839976024411045,1,Normal
2026-09-28,16:28:18,DEB-0001,Binary,Binary: /bin/pmap,0.1490377368668066,1,Normal
2026-09-28,16:28:19,DEB-0001,Binary,Binary: /bin/pnm2ppa,0.14852747791759868,1,Normal
2026-09-28,16:28:19,DEB-0001,Binary,Binary: /bin/pod2html,0.14852747791759868,1,Normal
2026-09-28,16:28:19,DEB-0001,Binary,Binary: /bin/pod2man,0.14785025347164837,1,Normal
2026-09-28,16:28:19,DEB-0001,Binary,Binary: /bin/pod2text,0.1479996485132551,1,Normal
2026-09-28,16:28:19,DEB-0001,Binary,Binary: /bin/pod2usage,0.14827614332890027,1,Normal
2026-09-28,16:28:19,DEB-0001,Binary,Binary: /bin/podchecker,0.14827614332890027,1,Normal
2026-09-28,16:28:19,DEB-0001,Binary,Binary: /bin/poff,0.14827614332890027,1,Normal
2026-09-28,16:28:19,DEB-0001,Binary,Binary: /bin/pon,0.14842539431924962,1,Normal
2026-09-28,16:28:19,DEB-0001,Binary,Binary: /bin/powerprofilesctl,0.14842539431924962,1,Normal
2026-09-28,16:28:19,DEB-0001,Binary,Binary: /bin/ppdc,0.14842539431924962,1,Normal
2026-09-28,16:28:19,DEB-0001,Binary,Binary: /bin/ppdhtml,0.14842539431924962,1,Normal
2026-09-28,16:28:19,DEB-0001,Binary,Binary: /bin/ppdi,0.1483104875908005,1,Normal
2026-09-28,16:28:19,DEB-0001,Binary,Binary: /bin/ppdmerge,0.1483104875908005,1,Normal
2026-09-28,16:28:19,DEB-0001,Binary,Binary: /bin/ppdpo,0.1482825360972868,1,Normal
2026-09-28,16:28:19,DEB-0001,Binary,Binary: /bin/pphs,0.1482825360972868,1,Normal
2026-09-28,16:28:19,DEB-0001,Binary,Binary: /bin/pr,0.1482825360972868,1,Normal
2026-09-28,16:28:19,DEB-0001,Binary,Binary: /bin/precat,0.1482825360972868,1,Normal
2026-09-28,16:28:19,DEB-0001,Binary,Binary: /bin/preconv,0.14898290085041993,1,Normal
2026-09-28,16:28:19,DEB-0001,Binary,Binary: /bin/preunzip,0.14883383849262016,1,Normal
2026-09-28,16:28:19,DEB-0001,Binary,Binary: /bin/prezip,0.14868472569951408,1,Normal
2026-09-28,16:28:19,DEB-0001,Binary,Binary: /bin/prezip-bin,0.14992279368613137,1,Normal
2026-09-28,16:28:19,DEB-0001,Binary,Binary: /bin/printafm,0.14992279368613137,1,Normal
2026-09-28,16:28:19,DEB-0001,Binary,Binary: /bin/printenv,0.14992279368613137,1,Normal
2026-09-28,16:28:19,DEB-0001,Binary,Binary: /bin/printer-profile,0.14992279368613137,1,Normal
2026-09-28,16:28:19,DEB-0001,Binary,Binary: /bin/printf,0.1495764175788516,1,Normal
2026-09-28,16:28:19,DEB-0001,Binary,Binary: /bin/prlimit,0.1495764175788516,1,Normal
2026-09-28,16:28:19,DEB-0001,Binary,Binary: /bin/pro,0.1500489607822556,1,Normal
2026-09-28,16:28:20,DEB-0001,Binary,Binary: /bin/prove,0.14932811544521518,1,Normal
2026-09-28,16:28:20,DEB-0001,Binary,Binary: /bin/prtstat,0.14932811544521518,1,Normal
2026-09-28,16:28:20,DEB-0001,Binary,Binary: /bin/ps,0.14871065969742353,1,Normal
2026-09-28,16:28:20,DEB-0001,Binary,Binary: /bin/ps2ascii,0.14871065969742353,1,Normal
2026-09-28,16:28:20,DEB-0001,Binary,Binary: /bin/ps2epsi,0.1481719946496236,1,Normal
2026-09-28,16:28:20,DEB-0001,Binary,Binary: /bin/ps2pdf,0.14721051649870193,1,Normal
2026-09-28,16:28:20,DEB-0001,Binary,Binary: /bin/ps2pdf12,0.14702980935023913,1,Normal
2026-09-28,16:28:20,DEB-0001,Binary,Binary: /bin/ps2pdf13,0.1469333539626122,1,Normal
2026-09-28,16:28:20,DEB-0001,Binary,Binary: /bin/ps2pdf14,0.1469333539626122,1,Normal
2026-09-28,16:28:20,DEB-0001,Binary,Binary: /bin/ps2pdfwr,0.1469333539626122,1,Normal
2026-09-28,16:28:20,DEB-0001,Binary,Binary: /bin/ps2ps,0.1472771746754184,1,Normal
2026-09-28,16:28:20,DEB-0001,Binary,Binary: /bin/ps2ps2,0.14716865877682944,1,Normal
2026-09-28,16:28:20,DEB-0001,Binary,Binary: /bin/ps2txt,0.14716865877682944,1,Normal
2026-09-28,16:28:20,DEB-0001,Binary,Binary: /bin/psfaddtable,0.14701055511479033,1,Normal
2026-09-28,16:28:20,DEB-0001,Binary,Binary: /bin/psfgettable,0.1473597969349581,1,Normal
2026-09-28,16:28:20,DEB-0001,Binary,Binary: /bin/psfstriptable,0.1473597969349581,1,Normal
2026-09-28,16:28:20,DEB-0001,Binary,Binary: /bin/psfxtable,0.1477031511837823,1,Normal
2026-09-28,16:28:20,DEB-0001,Binary,Binary: /bin/psicc,0.14818733823339963,1,Normal
2026-09-28,16:28:21,DEB-0001,Binary,Binary: /bin/pslog,0.1481543708789203,1,Normal
2026-09-28,16:28:21,DEB-0001,Binary,Binary: /bin/pstree,0.1481543708789203,1,Normal
2026-09-28,16:28:21,DEB-0001,Binary,Binary: /bin/pstree.x11,0.1481543708789203,1,Normal
2026-09-28,16:28:21,DEB-0001,Binary,Binary: /bin/ptar,0.14857413518485268,1,Normal
2026-09-28,16:28:21,DEB-0001,Binary,Binary: /bin/ptardiff,0.14857413518485268,1,Normal
2026-09-28,16:28:21,DEB-0001,Binary,Binary: /bin/ptargrep,0.1487542116782598,1,Normal
2026-09-28,16:28:21,DEB-0001,Binary,Binary: /bin/ptx,0.14861705954793575,1,Normal
2026-09-28,16:28:21,DEB-0001,Binary,Binary: /bin/ptyxis,0.1489125734011369,1,Normal
2026-09-28,16:28:21,DEB-0001,Binary,Binary: /bin/pw-cat,0.14875329158805833,1,Normal
2026-09-28,16:28:21,DEB-0001,Binary,Binary: /bin/pw-cli,0.14953757746543223,1,Normal
2026-09-28,16:28:22,DEB-0001,Binary,Binary: /bin/pw-config,0.14957832287153805,1,Normal
2026-09-28,16:28:22,DEB-0001,Binary,Binary: /bin/pw-container,0.14957832287153805,1,Normal
2026-09-28,16:28:22,DEB-0001,Binary,Binary: /bin/pw-dot,0.14957832287153805,1,Normal
2026-09-28,16:28:22,DEB-0001,Binary,Binary: /bin/pw-dsdplay,0.14913158906348223,1,Normal
2026-09-28,16:28:22,DEB-0001,Binary,Binary: /bin/pw-dump,0.14913158906348223,1,Normal
2026-09-28,16:28:22,DEB-0001,Binary,Binary: /bin/pw-encplay,0.14913158906348223,1,Normal
2026-09-28,16:28:22,DEB-0001,Binary,Binary: /bin/pw-link,0.14913158906348223,1,Normal
2026-09-28,16:28:22,DEB-0001,Binary,Binary: /bin/pw-loopback,0.14913158906348223,1,Normal
2026-09-28,16:28:22,DEB-0001,Binary,Binary: /bin/pw-metadata,0.14898257701439654,1,Normal
2026-09-28,16:28:22,DEB-0001,Binary,Binary: /bin/pw-midi2play,0.14883351454702665,1,Normal
2026-09-28,16:28:22,DEB-0001,Binary,Binary: /bin/pw-midi2record,0.14883351454702665,1,Normal
2026-09-28,16:28:23,DEB-0001,Binary,Binary: /bin/pw-mididump,0.1491830228585585,1,Normal
2026-09-28,16:28:23,DEB-0001,Binary,Binary: /bin/pw-midiplay,0.1491830228585585,1,Normal
2026-09-28,16:28:23,DEB-0001,Binary,Binary: /bin/pw-midirecord,0.14892871216524883,1,Normal
2026-09-28,16:28:23,DEB-0001,Binary,Binary: /bin/pw-mon,0.14889779811391635,1,Normal
2026-09-28,16:28:23,DEB-0001,Binary,Binary: /bin/pw-play,0.14889779811391635,1,Normal
2026-09-28,16:28:23,DEB-0001,Binary,Binary: /bin/pw-profiler,0.14859956536418045,1,Normal
2026-09-28,16:28:23,DEB-0001,Binary,Binary: /bin/pw-record,0.14797422799191456,1,Normal
2026-09-28,16:28:23,DEB-0001,Binary,Binary: /bin/pw-reserve,0.1479741864945805,1,Normal
2026-09-28,16:28:23,DEB-0001,Binary,Binary: /bin/pw-sysex,0.1479741864945805,1,Normal
2026-09-28,16:28:23,DEB-0001,Binary,Binary: /bin/pw-top,0.1479741864945805,1,Normal
2026-09-28,16:28:23,DEB-0001,Binary,Binary: /bin/pwd,0.1482148654955467,1,Normal
2026-09-28,16:28:24,DEB-0001,Binary,Binary: /bin/pwdx,0.14633586120375242,1,Normal
2026-09-28,16:28:24,DEB-0001,Binary,Binary: /bin/py3clean,0.14631705179427712,1,Normal
2026-09-28,16:28:24,DEB-0001,Binary,Binary: /bin/py3compile,0.14646696541979887,1,Normal
2026-09-28,16:28:24,DEB-0001,Binary,Binary: /bin/py3versions,0.14646696541979887,1,Normal
2026-09-28,16:28:24,DEB-0001,Binary,Binary: /bin/pybabel,0.1454627138095545,1,Normal
2026-09-28,16:28:24,DEB-0001,Binary,Binary: /bin/pybabel-python3,0.1454627138095545,1,Normal
2026-09-28,16:28:24,DEB-0001,Binary,Binary: /bin/pydoc3,0.14561291640288998,1,Normal
2026-09-28,16:28:24,DEB-0001,Binary,Binary: /bin/pydoc3.14,0.1461435559562705,1,Normal
2026-09-28,16:28:24,DEB-0001,Binary,Binary: /bin/pygettext3,0.14629352826432052,1,Normal
2026-09-28,16:28:24,DEB-0001,Binary,Binary: /bin/pygettext3.14,0.14629352826432052,1,Normal
2026-09-28,16:28:24,DEB-0001,Binary,Binary: /bin/pygmentize,0.14629352826432052,1,Normal
2026-09-28,16:28:25,DEB-0001,Binary,Binary: /bin/pyserial-miniterm,0.1444127631817519,1,Normal
2026-09-28,16:28:25,DEB-0001,Binary,Binary: /bin/pyserial-ports,0.14411149489197167,1,Normal
2026-09-28,16:28:25,DEB-0001,Binary,Binary: /bin/python3,0.14426215451611185,1,Normal
2026-09-28,16:28:25,DEB-0001,Binary,Binary: /bin/python3.14,0.14356716803809982,1,Normal
2026-09-28,16:28:25,DEB-0001,Binary,Binary: /bin/pzstd,0.14356716803809982,1,Normal
2026-09-28,16:28:25,DEB-0001,Binary,Binary: /bin/qmi-firmware-update,0.14356716803809982,1,Normal
2026-09-28,16:28:25,DEB-0001,Binary,Binary: /bin/qmi-network,0.14356716803809982,1,Normal
2026-09-28,16:28:25,DEB-0001,Binary,Binary: /bin/qmicli,0.14341627326501727,1,Normal
2026-09-28,16:28:25,DEB-0001,Binary,Binary: /bin/qpdldecode,0.14341627326501727,1,Normal
2026-09-28,16:28:25,DEB-0001,Binary,Binary: /bin/quirks-handler,0.14341627326501727,1,Normal
2026-09-28,16:28:26,DEB-0001,Binary,Binary: /bin/ranlib,0.1419829668609443,1,Normal
2026-09-28,16:28:26,DEB-0001,Binary,Binary: /bin/rbash,0.14183153607278337,1,Normal
2026-09-28,16:28:26,DEB-0001,Binary,Binary: /bin/rctest,0.14183153607278337,1,Normal
2026-09-28,16:28:26,DEB-0001,Binary,Binary: /bin/rdma,0.14173694767325346,1,Normal
2026-09-28,16:28:26,DEB-0001,Binary,Binary: /bin/readelf,0.14207121719186128,1,Normal
2026-09-28,16:28:26,DEB-0001,Binary,Binary: /bin/readlink,0.14207121719186128,1,Normal
2026-09-28,16:28:26,DEB-0001,Binary,Binary: /bin/realpath,0.14244506320087635,1,Normal
2026-09-28,16:28:26,DEB-0001,Binary,Binary: /bin/red,0.1425243735473939,1,Normal
2026-09-28,16:28:26,DEB-0001,Binary,Binary: /bin/renice,0.1427619482833581,1,Normal
2026-09-28,16:28:26,DEB-0001,Binary,Binary: /bin/reset,0.1427619482833581,1,Normal
2026-09-28,16:28:27,DEB-0001,Binary,Binary: /bin/resizecons,0.14368492794445165,1,Normal
2026-09-28,16:28:27,DEB-0001,Binary,Binary: /bin/resolvectl,0.1428405626042783,1,Normal
2026-09-28,16:28:27,DEB-0001,Binary,Binary: /bin/resources,0.1428405626042783,1,Normal
2026-09-28,16:28:27,DEB-0001,Binary,Binary: /bin/rev,0.14318742605924867,1,Normal
2026-09-28,16:28:27,DEB-0001,Binary,Binary: /bin/rfcomm,0.14318742605924867,1,Normal
2026-09-28,16:28:27,DEB-0001,Binary,Binary: /bin/rgrep,0.14153996504579386,1,Normal
2026-09-28,16:28:27,DEB-0001,Binary,Binary: /bin/rm,0.14202579790169162,1,Normal
2026-09-28,16:28:27,DEB-0001,Binary,Binary: /bin/rmdir,0.14248483026733616,1,Normal
2026-09-28,16:28:27,DEB-0001,Binary,Binary: /bin/rnano,0.14248483026733616,1,Normal
2026-09-28,16:28:27,DEB-0001,Binary,Binary: /bin/routel,0.14201410545185322,1,Normal
2026-09-28,16:28:28,DEB-0001,Binary,Binary: /bin/rpcgen,0.1442382293363217,1,Normal
2026-09-28,16:28:28,DEB-0001,Binary,Binary: /bin/rrsync,0.1442382293363217,1,Normal
2026-09-28,16:28:28,DEB-0001,Binary,Binary: /bin/rsync,0.14438884609431746,1,Normal
2026-09-28,16:28:28,DEB-0001,Binary,Binary: /bin/rsync-ssl,0.14438884609431746,1,Normal
2026-09-28,16:28:28,DEB-0001,Binary,Binary: /bin/rtla,0.14410991550306673,1,Normal
2026-09-28,16:28:28,DEB-0001,Binary,Binary: /bin/rtstat,0.14410991550306673,1,Normal
2026-09-28,16:28:28,DEB-0001,Binary,Binary: /bin/run-parts,0.1438308101342548,1,Normal
2026-09-28,16:28:28,DEB-0001,Binary,Binary: /bin/run-with-aspell,0.14379953840454845,1,Normal
2026-09-28,16:28:28,DEB-0001,Binary,Binary: /bin/run0,0.1441404711664025,1,Normal
2026-09-28,16:28:29,DEB-0001,Binary,Binary: /bin/runcon,0.14598382073813948,1,Normal
2026-09-28,16:28:29,DEB-0001,Binary,Binary: /bin/rview,0.1469754762755563,1,Normal
2026-09-28,16:28:29,DEB-0001,Binary,Binary: /bin/rygel,0.1464446510101199,1,Normal
2026-09-28,16:28:29,DEB-0001,Binary,Binary: /bin/sadf,0.1464446510101199,1,Normal
2026-09-28,16:28:29,DEB-0001,Binary,Binary: /bin/sane-find-scanner,0.14687189619215263,1,Normal
2026-09-28,16:28:29,DEB-0001,Binary,Binary: /bin/sar,0.14672211957511366,1,Normal
2026-09-28,16:28:29,DEB-0001,Binary,Binary: /bin/sar.sysstat,0.14672211957511366,1,Normal
2026-09-28,16:28:29,DEB-0001,Binary,Binary: /bin/savelog,0.146422414292961,1,Normal
2026-09-28,16:28:29,DEB-0001,Binary,Binary: /bin/sbattach,0.146422414292961,1,Normal
2026-09-28,16:28:29,DEB-0001,Binary,Binary: /bin/sbkeysync,0.14589622950863124,1,Normal
2026-09-28,16:28:29,DEB-0001,Binary,Binary: /bin/sbsiglist,0.14589622950863124,1,Normal
2026-09-28,16:28:30,DEB-0001,Binary,Binary: /bin/sbsign,0.14274158041805735,1,Normal
2026-09-28,16:28:30,DEB-0001,Binary,Binary: /bin/sbvarsign,0.14274158041805735,1,Normal
2026-09-28,16:28:30,DEB-0001,Binary,Binary: /bin/sbverify,0.1436894977190613,1,Normal
2026-09-28,16:28:30,DEB-0001,Binary,Binary: /bin/scanimage,0.1439686915786083,1,Normal
2026-09-28,16:28:30,DEB-0001,Binary,Binary: /bin/scp,0.1439686915786083,1,Normal
2026-09-28,16:28:30,DEB-0001,Binary,Binary: /bin/scp-dbus-service,0.14499910592851478,1,Normal
2026-09-28,16:28:30,DEB-0001,Binary,Binary: /bin/screen,0.14509598283946773,1,Normal
2026-09-28,16:28:30,DEB-0001,Binary,Binary: /bin/screendump,0.1448496468989804,1,Normal
2026-09-28,16:28:30,DEB-0001,Binary,Binary: /bin/script,0.14576772304392377,1,Normal
2026-09-28,16:28:31,DEB-0001,Binary,Binary: /bin/scriptlive,0.1446324736427697,1,Normal
2026-09-28,16:28:31,DEB-0001,Binary,Binary: /bin/scriptreplay,0.1446324736427697,1,Normal
2026-09-28,16:28:31,DEB-0001,Binary,Binary: /bin/sdiff,0.1446324736427697,1,Normal
2026-09-28,16:28:31,DEB-0001,Binary,Binary: /bin/sdptool,0.1446324736427697,1,Normal
2026-09-28,16:28:31,DEB-0001,Binary,Binary: /bin/seahorse,0.1442561555798259,1,Normal
2026-09-28,16:28:31,DEB-0001,Binary,Binary: /bin/sed,0.1442561555798259,1,Normal
2026-09-28,16:28:31,DEB-0001,Binary,Binary: /bin/select-default-iwrap,0.14407791715074758,1,Normal
2026-09-28,16:28:31,DEB-0001,Binary,Binary: /bin/select-editor,0.14407791715074758,1,Normal
2026-09-28,16:28:31,DEB-0001,Binary,Binary: /bin/sensible-browser,0.14413512093650582,1,Normal
2026-09-28,16:28:31,DEB-0001,Binary,Binary: /bin/sensible-editor,0.14413512093650582,1,Normal
2026-09-28,16:28:32,DEB-0001,Binary,Binary: /bin/sensible-pager,0.14263624540963804,1,Normal
2026-09-28,16:28:32,DEB-0001,Binary,Binary: /bin/sensible-terminal,0.14263624540963804,1,Normal
2026-09-28,16:28:32,DEB-0001,Binary,Binary: /bin/seq,0.14263624540963804,1,Normal
2026-09-28,16:28:32,DEB-0001,Binary,Binary: /bin/sessreg,0.14263624540963804,1,Normal
2026-09-28,16:28:32,DEB-0001,Binary,Binary: /bin/setarch,0.14248503565852566,1,Normal
2026-09-28,16:28:32,DEB-0001,Binary,Binary: /bin/setfacl,0.14263624540963804,1,Normal
2026-09-28,16:28:32,DEB-0001,Binary,Binary: /bin/setfont,0.14240952532681206,1,Normal
2026-09-28,16:28:32,DEB-0001,Binary,Binary: /bin/setkeycodes,0.14240952532681206,1,Normal
2026-09-28,16:28:32,DEB-0001,Binary,Binary: /bin/setleds,0.14163003285033848,1,Normal
2026-09-28,16:28:33,DEB-0001,Binary,Binary: /bin/setlogcons,0.14135279060149675,1,Normal
2026-09-28,16:28:33,DEB-0001,Binary,Binary: /bin/setmetamode,0.14135279060149675,1,Normal
2026-09-28,16:28:33,DEB-0001,Binary,Binary: /bin/setpci,0.14213133517202164,1,Normal
2026-09-28,16:28:33,DEB-0001,Binary,Binary: /bin/setpriv,0.14284146314393342,1,Normal
2026-09-28,16:28:33,DEB-0001,Binary,Binary: /bin/setsid,0.14284146314393342,1,Normal
2026-09-28,16:28:33,DEB-0001,Binary,Binary: /bin/setterm,0.1426008910618165,1,Normal
2026-09-28,16:28:33,DEB-0001,Binary,Binary: /bin/setupcon,0.14293451567520743,1,Normal
2026-09-28,16:28:33,DEB-0001,Binary,Binary: /bin/setxkbmap,0.14275274731956805,1,Normal
2026-09-28,16:28:34,DEB-0001,Binary,Binary: /bin/sftp,0.14166224895103524,1,Normal
2026-09-28,16:28:34,DEB-0001,Binary,Binary: /bin/sh,0.14179471157984608,1,Normal
2026-09-28,16:28:34,DEB-0001,Binary,Binary: /bin/sha1sum,0.1416971150785712,1,Normal
2026-09-28,16:28:34,DEB-0001,Binary,Binary: /bin/sha224sum,0.14098516790388405,1,Normal
2026-09-28,16:28:34,DEB-0001,Binary,Binary: /bin/sha256sum,0.14152492300747815,1,Normal
2026-09-28,16:28:34,DEB-0001,Binary,Binary: /bin/sha3-224sum,0.14152492300747815,1,Normal
2026-09-28,16:28:34,DEB-0001,Binary,Binary: /bin/sha3-256sum,0.14152492300747815,1,Normal
2026-09-28,16:28:34,DEB-0001,Binary,Binary: /bin/sha3-384sum,0.14097347025903023,1,Normal
2026-09-28,16:28:34,DEB-0001,Binary,Binary: /bin/sha3-512sum,0.14097347025903023,1,Normal
2026-09-28,16:28:35,DEB-0001,Binary,Binary: /bin/sha384sum,0.1399458707934509,1,Normal
2026-09-28,16:28:35,DEB-0001,Binary,Binary: /bin/sha3sum,0.14009793938138548,1,Normal
2026-09-28,16:28:35,DEB-0001,Binary,Binary: /bin/sha512sum,0.1405575474382244,1,Normal
2026-09-28,16:28:35,DEB-0001,Binary,Binary: /bin/shake128sum,0.1405575474382244,1,Normal
2026-09-28,16:28:35,DEB-0001,Binary,Binary: /bin/shake256sum,0.14025366987963228,1,Normal
2026-09-28,16:28:35,DEB-0001,Binary,Binary: /bin/shasum,0.14010165398317165,1,Normal
2026-09-28,16:28:35,DEB-0001,Binary,Binary: /bin/showconsolefont,0.13996778082533773,1,Normal
2026-09-28,16:28:35,DEB-0001,Binary,Binary: /bin/showkey,0.13996778082533773,1,Normal
2026-09-28,16:28:35,DEB-0001,Binary,Binary: /bin/showrgb,0.13963193998798884,1,Normal
2026-09-28,16:28:35,DEB-0001,Binary,Binary: /bin/shred,0.13963193998798884,1,Normal
2026-09-28,16:28:35,DEB-0001,Binary,Binary: /bin/shuf,0.13978411475860547,1,Normal
2026-09-28,16:28:35,DEB-0001,Binary,Binary: /bin/size,0.13978411475860547,1,Normal
2026-09-28,16:28:36,DEB-0001,Binary,Binary: /bin/skill,0.1403986649380391,1,Normal
2026-09-28,16:28:36,DEB-0001,Binary,Binary: /bin/slabtop,0.1401895009182565,1,Normal
2026-09-28,16:28:36,DEB-0001,Binary,Binary: /bin/sleep,0.14135720288478082,1,Normal
2026-09-28,16:28:36,DEB-0001,Binary,Binary: /bin/slxdecode,0.1412055603691375,1,Normal
2026-09-28,16:28:36,DEB-0001,Binary,Binary: /bin/snap,0.14165205358478877,1,Normal
2026-09-28,16:28:36,DEB-0001,Binary,Binary: /bin/snapctl,0.14174965990614374,1,Normal
2026-09-28,16:28:36,DEB-0001,Binary,Binary: /bin/snapfuse,0.1416533144307966,1,Normal
2026-09-28,16:28:36,DEB-0001,Binary,Binary: /bin/snice,0.14122103247639195,1,Normal
2026-09-28,16:28:36,DEB-0001,Binary,Binary: /bin/soelim,0.1414225856195016,1,Normal
2026-09-28,16:28:36,DEB-0001,Binary,Binary: /bin/sort,0.14090285492338023,1,Normal
2026-09-28,16:28:36,DEB-0001,Binary,Binary: /bin/spa-acp-tool,0.14090285492338023,1,Normal
2026-09-28,16:28:37,DEB-0001,Binary,Binary: /bin/spa-inspect,0.14069769223492434,1,Normal
2026-09-28,16:28:37,DEB-0001,Binary,Binary: /bin/spa-json-dump,0.14099216821970412,1,Normal
2026-09-28,16:28:37,DEB-0001,Binary,Binary: /bin/spa-monitor,0.14114388291224228,1,Normal
2026-09-28,16:28:37,DEB-0001,Binary,Binary: /bin/spa-resample,0.14144715836858912,1,Normal
2026-09-28,16:28:37,DEB-0001,Binary,Binary: /bin/spd-conf,0.1417502287023119,1,Normal
2026-09-28,16:28:37,DEB-0001,Binary,Binary: /bin/spd-say,0.14222225030766794,1,Normal
2026-09-28,16:28:37,DEB-0001,Binary,Binary: /bin/spdsend,0.14222225030766794,1,Normal
2026-09-28,16:28:37,DEB-0001,Binary,Binary: /bin/speaker-test,0.1415252266762193,1,Normal
2026-09-28,16:28:37,DEB-0001,Binary,Binary: /bin/speech-dispatcher,0.14079315988738694,1,Normal
2026-09-28,16:28:38,DEB-0001,Binary,Binary: /bin/spice-vdagent,0.14082498751545502,1,Normal
2026-09-28,16:28:38,DEB-0001,Binary,Binary: /bin/splain,0.14117808297448858,1,Normal
2026-09-28,16:28:38,DEB-0001,Binary,Binary: /bin/split,0.1419724984840683,1,Normal
2026-09-28,16:28:38,DEB-0001,Binary,Binary: /bin/splitfont,0.1419724984840683,1,Normal
2026-09-28,16:28:38,DEB-0001,Binary,Binary: /bin/sqfscat,0.1419724984840683,1,Normal
2026-09-28,16:28:38,DEB-0001,Binary,Binary: /bin/sqfstar,0.1419724984840683,1,Normal
2026-09-28,16:28:38,DEB-0001,Binary,Binary: /bin/ss,0.1424264942205814,1,Normal
2026-09-28,16:28:38,DEB-0001,Binary,Binary: /bin/ssh,0.1424264942205814,1,Normal
2026-09-28,16:28:38,DEB-0001,Binary,Binary: /bin/ssh-add,0.14257772377251238,1,Normal
2026-09-28,16:28:39,DEB-0001,Binary,Binary: /bin/ssh-agent,0.14180523840158382,1,Normal
2026-09-28,16:28:39,DEB-0001,Binary,Binary: /bin/ssh-argv0,0.1421080665451971,1,Normal
2026-09-28,16:28:39,DEB-0001,Binary,Binary: /bin/ssh-copy-id,0.1424106898687295,1,Normal
2026-09-28,16:28:39,DEB-0001,Binary,Binary: /bin/ssh-keygen,0.1424106898687295,1,Normal
2026-09-28,16:28:39,DEB-0001,Binary,Binary: /bin/ssh-keyscan,0.14160808401259822,1,Normal
2026-09-28,16:28:39,DEB-0001,Binary,Binary: /bin/sss_ssh_authorizedkeys,0.14139257483695827,1,Normal
2026-09-28,16:28:39,DEB-0001,Binary,Binary: /bin/sss_ssh_knownhosts,0.1410892624376447,1,Normal
2026-09-28,16:28:39,DEB-0001,Binary,Binary: /bin/sss_ssh_knownhostsproxy,0.1410892624376447,1,Normal
2026-09-28,16:28:40,DEB-0001,Binary,Binary: /bin/stat,0.13906882847843743,1,Normal
2026-09-28,16:28:40,DEB-0001,Binary,Binary: /bin/static-sh,0.13876394333214853,1,Normal
2026-09-28,16:28:40,DEB-0001,Binary,Binary: /bin/stdbuf,0.13876394333214853,1,Normal
2026-09-28,16:28:40,DEB-0001,Binary,Binary: /bin/strace,0.13873231610155812,1,Normal
2026-09-28,16:28:40,DEB-0001,Binary,Binary: /bin/strace-log-merge,0.13873231610155812,1,Normal
2026-09-28,16:28:40,DEB-0001,Binary,Binary: /bin/streamzip,0.13873231610155812,1,Normal
2026-09-28,16:28:40,DEB-0001,Binary,Binary: /bin/strings,0.13873231610155812,1,Normal
2026-09-28,16:28:40,DEB-0001,Binary,Binary: /bin/strip,0.13839555234165019,1,Normal
2026-09-28,16:28:40,DEB-0001,Binary,Binary: /bin/stty,0.13839555234165019,1,Normal
2026-09-28,16:28:41,DEB-0001,Binary,Binary: /bin/su,0.1354396902298719,1,Normal
2026-09-28,16:28:41,DEB-0001,Binary,Binary: /bin/su-rs,0.1354396902298719,1,Normal
2026-09-28,16:28:41,DEB-0001,Binary,Binary: /bin/su-to-root,0.1354396902298719,1,Normal
2026-09-28,16:28:41,DEB-0001,Binary,Binary: /bin/sudo,0.1354396902298719,1,Normal
2026-09-28,16:28:41,DEB-0001,Binary,Binary: /bin/sudo-rs,0.1354396902298719,1,Normal
2026-09-28,16:28:41,DEB-0001,Binary,Binary: /bin/sudo.ws,0.1354396902298719,1,Normal
2026-09-28,16:28:41,DEB-0001,Binary,Binary: /bin/sudoedit,0.13525417427511505,1,Normal
2026-09-28,16:28:41,DEB-0001,Binary,Binary: /bin/sudoedit-rs,0.13525417427511505,1,Normal
2026-09-28,16:28:41,DEB-0001,Binary,Binary: /bin/sudoreplay.ws,0.13525417427511505,1,Normal
2026-09-28,16:28:41,DEB-0001,Binary,Binary: /bin/sum,0.13521299010751026,1,Normal
2026-09-28,16:28:41,DEB-0001,Binary,Binary: /bin/switcherooctl,0.1370498256171071,1,Normal
2026-09-28,16:28:42,DEB-0001,Binary,Binary: /bin/sync,0.13837471032517662,1,Normal
2026-09-28,16:28:42,DEB-0001,Binary,Binary: /bin/sysprof,0.13850467628675073,1,Normal
2026-09-28,16:28:42,DEB-0001,Binary,Binary: /bin/sysprof-agent,0.13850467628675073,1,Normal
2026-09-28,16:28:42,DEB-0001,Binary,Binary: /bin/sysprof-cat,0.13850467628675073,1,Normal
2026-09-28,16:28:42,DEB-0001,Binary,Binary: /bin/sysprof-cli,0.13893957743467422,1,Normal
2026-09-28,16:28:42,DEB-0001,Binary,Binary: /bin/systemctl,0.1384321385101973,1,Normal
2026-09-28,16:28:42,DEB-0001,Binary,Binary: /bin/systemd-ac-power,0.13858471909679804,1,Normal
2026-09-28,16:28:42,DEB-0001,Binary,Binary: /bin/systemd-analyze,0.13848000645828562,1,Normal
2026-09-28,16:28:42,DEB-0001,Binary,Binary: /bin/systemd-ask-password,0.13832739044212333,1,Normal
2026-09-28,16:28:42,DEB-0001,Binary,Binary: /bin/systemd-cat,0.137741927831596,1,Normal
2026-09-28,16:28:43,DEB-0001,Binary,Binary: /bin/systemd-cgls,0.13631423643484858,1,Normal
2026-09-28,16:28:43,DEB-0001,Binary,Binary: /bin/systemd-cgtop,0.13616088762956474,1,Normal
2026-09-28,16:28:43,DEB-0001,Binary,Binary: /bin/systemd-confext,0.13616088762956474,1,Normal
2026-09-28,16:28:43,DEB-0001,Binary,Binary: /bin/systemd-creds,0.13614425093835097,1,Normal
2026-09-28,16:28:43,DEB-0001,Binary,Binary: /bin/systemd-cryptenroll,0.13614425093835097,1,Normal
2026-09-28,16:28:43,DEB-0001,Binary,Binary: /bin/systemd-cryptsetup,0.1366013124159728,1,Normal
2026-09-28,16:28:43,DEB-0001,Binary,Binary: /bin/systemd-delta,0.1366013124159728,1,Normal
2026-09-28,16:28:43,DEB-0001,Binary,Binary: /bin/systemd-detect-virt,0.1366013124159728,1,Normal
2026-09-28,16:28:43,DEB-0001,Binary,Binary: /bin/systemd-escape,0.1366013124159728,1,Normal
2026-09-28,16:28:43,DEB-0001,Binary,Binary: /bin/systemd-firstboot,0.13631750216581834,1,Normal
2026-09-28,16:28:43,DEB-0001,Binary,Binary: /bin/systemd-hwdb,0.13566414348844136,1,Normal
2026-09-28,16:28:43,DEB-0001,Binary,Binary: /bin/systemd-id128,0.13566414348844136,1,Normal
2026-09-28,16:28:43,DEB-0001,Binary,Binary: /bin/systemd-inhibit,0.13540202548689523,1,Normal
2026-09-28,16:28:43,DEB-0001,Binary,Binary: /bin/systemd-machine-id-setup,0.13457577999815123,1,Normal
2026-09-28,16:28:44,DEB-0001,Binary,Binary: /bin/systemd-mount,0.13470140436106853,1,Normal
2026-09-28,16:28:44,DEB-0001,Binary,Binary: /bin/systemd-mute-console,0.13470140436106853,1,Normal
2026-09-28,16:28:44,DEB-0001,Binary,Binary: /bin/systemd-notify,0.13397833590541897,1,Normal
2026-09-28,16:28:44,DEB-0001,Binary,Binary: /bin/systemd-path,0.13397833590541897,1,Normal
2026-09-28,16:28:44,DEB-0001,Binary,Binary: /bin/systemd-pty-forward,0.13397833590541897,1,Normal
2026-09-28,16:28:44,DEB-0001,Binary,Binary: /bin/systemd-run,0.1333414431056859,1,Normal
2026-09-28,16:28:44,DEB-0001,Binary,Binary: /bin/systemd-socket-activate,0.13368197959127898,1,Normal
2026-09-28,16:28:44,DEB-0001,Binary,Binary: /bin/systemd-stdio-bridge,0.13371396113809747,1,Normal
2026-09-28,16:28:44,DEB-0001,Binary,Binary: /bin/systemd-sysext,0.1333000855353607,1,Normal
2026-09-28,16:28:44,DEB-0001,Binary,Binary: /bin/systemd-sysusers,0.13222761027396157,1,Normal
2026-09-28,16:28:44,DEB-0001,Binary,Binary: /bin/systemd-tmpfiles,0.13237633595425424,1,Normal
2026-09-28,16:28:44,DEB-0001,Binary,Binary: /bin/systemd-tty-ask-password-agent,0.1325309648309423,1,Normal
2026-09-28,16:28:45,DEB-0001,Binary,Binary: /bin/systemd-umount,0.13272055055431398,1,Normal
2026-09-28,16:28:45,DEB-0001,Binary,Binary: /bin/systemd-vpick,0.13199261361501047,1,Normal
2026-09-28,16:28:45,DEB-0001,Binary,Binary: /bin/tabs,0.13247047250412863,1,Normal
2026-09-28,16:28:45,DEB-0001,Binary,Binary: /bin/tac,0.13247047250412863,1,Normal
2026-09-28,16:28:45,DEB-0001,Binary,Binary: /bin/tail,0.13292649132299805,1,Normal
2026-09-28,16:28:46,DEB-0001,Binary,Binary: /bin/tapestat,0.1305406144558065,1,Normal
2026-09-28,16:28:46,DEB-0001,Binary,Binary: /bin/tar,0.129170399658884,1,Normal
2026-09-28,16:28:46,DEB-0001,Binary,Binary: /bin/taskset,0.12961430120113715,1,Normal
2026-09-28,16:28:46,DEB-0001,Binary,Binary: /bin/tbl,0.12961430120113715,1,Normal
2026-09-28,16:28:46,DEB-0001,Binary,Binary: /bin/tclsh,0.12976986429725412,1,Normal
2026-09-28,16:28:46,DEB-0001,Binary,Binary: /bin/tclsh8.6,0.12976986429725412,1,Normal
2026-09-28,16:28:46,DEB-0001,Binary,Binary: /bin/tcpdump,0.12976986429725412,1,Normal
2026-09-28,16:28:46,DEB-0001,Binary,Binary: /bin/tecla,0.12925688996217582,1,Normal
2026-09-28,16:28:46,DEB-0001,Binary,Binary: /bin/tee,0.12925688996217582,1,Normal
2026-09-28,16:28:47,DEB-0001,Binary,Binary: /bin/telnet,0.13166106000607902,1,Normal
2026-09-28,16:28:47,DEB-0001,Binary,Binary: /bin/tempfile,0.13166472555996706,1,Normal
2026-09-28,16:28:47,DEB-0001,Binary,Binary: /bin/test,0.1313873985567886,1,Normal
2026-09-28,16:28:47,DEB-0001,Binary,Binary: /bin/tic,0.13089001635928516,1,Normal
2026-09-28,16:28:47,DEB-0001,Binary,Binary: /bin/tificc,0.1313108312718108,1,Normal
2026-09-28,16:28:47,DEB-0001,Binary,Binary: /bin/time,0.1313108312718108,1,Normal
2026-09-28,16:28:47,DEB-0001,Binary,Binary: /bin/timedatectl,0.13033901402984366,1,Normal
2026-09-28,16:28:47,DEB-0001,Binary,Binary: /bin/timeout,0.12925298116202627,1,Normal
2026-09-28,16:28:47,DEB-0001,Binary,Binary: /bin/tinysparql,0.12925298116202627,1,Normal
2026-09-28,16:28:47,DEB-0001,Binary,Binary: /bin/tload,0.12925298116202627,1,Normal
2026-09-28,16:28:47,DEB-0001,Binary,Binary: /bin/tnftp,0.12906493771388655,1,Normal
2026-09-28,16:28:47,DEB-0001,Binary,Binary: /bin/toe,0.12931333095734054,1,Normal
2026-09-28,16:28:48,DEB-0001,Binary,Binary: /bin/top,0.12880822429211497,1,Normal
2026-09-28,16:28:48,DEB-0001,Binary,Binary: /bin/touch,0.12916598392202305,1,Normal
2026-09-28,16:28:48,DEB-0001,Binary,Binary: /bin/tput,0.12916598392202305,1,Normal
2026-09-28,16:28:48,DEB-0001,Binary,Binary: /bin/tr,0.12950963725004538,1,Normal
2026-09-28,16:28:48,DEB-0001,Binary,Binary: /bin/trace-cmd,0.12930307363442267,1,Normal
2026-09-28,16:28:48,DEB-0001,Binary,Binary: /bin/tracepath,0.12930307363442267,1,Normal
2026-09-28,16:28:49,DEB-0001,Binary,Binary: /bin/transicc,0.13243913931469747,1,Normal
2026-09-28,16:28:49,DEB-0001,Binary,Binary: /bin/troff,0.13243913931469747,1,Normal
2026-09-28,16:28:49,DEB-0001,Binary,Binary: /bin/true,0.13212976709367175,1,Normal
2026-09-28,16:28:49,DEB-0001,Binary,Binary: /bin/truncate,0.13212976709367175,1,Normal
2026-09-28,16:28:49,DEB-0001,Binary,Binary: /bin/trust,0.13177819183382472,1,Normal
2026-09-28,16:28:49,DEB-0001,Binary,Binary: /bin/tset,0.13177819183382472,1,Normal
2026-09-28,16:28:49,DEB-0001,Binary,Binary: /bin/tsort,0.13146837227346359,1,Normal
2026-09-28,16:28:50,DEB-0001,Binary,Binary: /bin/tty,0.1304432421883165,1,Normal
2026-09-28,16:28:50,DEB-0001,Binary,Binary: /bin/turbostat,0.1304432421883165,1,Normal
2026-09-28,16:28:50,DEB-0001,Binary,Binary: /bin/tzselect,0.130764727646155,1,Normal
2026-09-28,16:28:50,DEB-0001,Binary,Binary: /bin/ua,0.13135923168087837,1,Normal
2026-09-28,16:28:50,DEB-0001,Binary,Binary: /bin/ubuntu-advantage,0.13151420457878926,1,Normal
2026-09-28,16:28:50,DEB-0001,Binary,Binary: /bin/ubuntu-bug,0.1326348211862885,1,Normal
2026-09-28,16:28:50,DEB-0001,Binary,Binary: /bin/ubuntu-distro-info,0.13294385181019985,1,Normal
2026-09-28,16:28:50,DEB-0001,Binary,Binary: /bin/ubuntu-drivers,0.1332073886159254,1,Normal
2026-09-28,16:28:51,DEB-0001,Binary,Binary: /bin/ubuntu-insights,0.13444729115126203,1,Normal
2026-09-28,16:28:51,DEB-0001,Binary,Binary: /bin/ubuntu-report,0.13460121955646642,1,Normal
2026-09-28,16:28:51,DEB-0001,Binary,Binary: /bin/ubuntu-security-status,0.1349180016228096,1,Normal
2026-09-28,16:28:51,DEB-0001,Binary,Binary: /bin/ucf,0.13455205306172513,1,Normal
2026-09-28,16:28:51,DEB-0001,Binary,Binary: /bin/ucfq,0.13455205306172513,1,Normal
2026-09-28,16:28:51,DEB-0001,Binary,Binary: /bin/ucfr,0.13492548995783304,1,Normal
2026-09-28,16:28:51,DEB-0001,Binary,Binary: /bin/uclampset,0.13550167486160247,1,Normal
2026-09-28,16:28:52,DEB-0001,Binary,Binary: /bin/ucs2any,0.1342975847846713,1,Normal
2026-09-28,16:28:52,DEB-0001,Binary,Binary: /bin/udevadm,0.1342975847846713,1,Normal
2026-09-28,16:28:52,DEB-0001,Binary,Binary: /bin/udisksctl,0.1342975847846713,1,Normal
2026-09-28,16:28:52,DEB-0001,Binary,Binary: /bin/ul,0.1342975847846713,1,Normal
2026-09-28,16:28:52,DEB-0001,Binary,Binary: /bin/umax_pp,0.1342975847846713,1,Normal
2026-09-28,16:28:52,DEB-0001,Binary,Binary: /bin/umount,0.13505843093997433,1,Normal
2026-09-28,16:28:52,DEB-0001,Binary,Binary: /bin/uname,0.13490465723241774,1,Normal
2026-09-28,16:28:53,DEB-0001,Binary,Binary: /bin/unattended-upgrade,0.13359638436004817,1,Normal
2026-09-28,16:28:53,DEB-0001,Binary,Binary: /bin/unattended-upgrades,0.13434410114661294,1,Normal
2026-09-28,16:28:53,DEB-0001,Binary,Binary: /bin/uncompress,0.1340812208054405,1,Normal
2026-09-28,16:28:53,DEB-0001,Binary,Binary: /bin/unexpand,0.1340812208054405,1,Normal
2026-09-28,16:28:53,DEB-0001,Binary,Binary: /bin/unicode_start,0.13521379494114694,1,Normal
2026-09-28,16:28:53,DEB-0001,Binary,Binary: /bin/unicode_stop,0.13521379494114694,1,Normal
2026-09-28,16:28:53,DEB-0001,Binary,Binary: /bin/uniq,0.13521379494114694,1,Normal
2026-09-28,16:28:53,DEB-0001,Binary,Binary: /bin/unity-scope-loader,0.13490630064936604,1,Normal
2026-09-28,16:28:54,DEB-0001,Binary,Binary: /bin/unlink,0.13316592252441134,1,Normal
2026-09-28,16:28:54,DEB-0001,Binary,Binary: /bin/unlzma,0.13333874678513996,1,Normal
2026-09-28,16:28:54,DEB-0001,Binary,Binary: /bin/unmkinitramfs,0.13337075241212676,1,Normal
2026-09-28,16:28:54,DEB-0001,Binary,Binary: /bin/unshare,0.13303544784421967,1,Normal
2026-09-28,16:28:54,DEB-0001,Binary,Binary: /bin/unsquashfs,0.1332083215144919,1,Normal
2026-09-28,16:28:54,DEB-0001,Binary,Binary: /bin/unxz,0.13361870249749336,1,Normal
2026-09-28,16:28:54,DEB-0001,Binary,Binary: /bin/unzip,0.13454144452863492,1,Normal
2026-09-28,16:28:54,DEB-0001,Binary,Binary: /bin/unzipsfx,0.13465360311516367,1,Normal
2026-09-28,16:28:54,DEB-0001,Binary,Binary: /bin/unzstd,0.13436857243278716,1,Normal
2026-09-28,16:28:55,DEB-0001,Binary,Binary: /bin/update-alternatives,0.1327420314544689,1,Normal
2026-09-28,16:28:55,DEB-0001,Binary,Binary: /bin/update-desktop-database,0.1327420314544689,1,Normal
2026-09-28,16:28:55,DEB-0001,Binary,Binary: /bin/update-manager,0.1337283045822769,1,Normal
2026-09-28,16:28:55,DEB-0001,Binary,Binary: /bin/update-menus,0.1337283045822769,1,Normal
2026-09-28,16:28:55,DEB-0001,Binary,Binary: /bin/update-mime-database,0.1337283045822769,1,Normal
2026-09-28,16:28:55,DEB-0001,Binary,Binary: /bin/update-notifier,0.13401373620446283,1,Normal
2026-09-28,16:28:55,DEB-0001,Binary,Binary: /bin/upower,0.1345404568936106,1,Normal
2026-09-28,16:28:55,DEB-0001,Binary,Binary: /bin/uptime,0.1345404568936106,1,Normal
2026-09-28,16:28:56,DEB-0001,Binary,Binary: /bin/usb-devices,0.13483943600384712,1,Normal
2026-09-28,16:28:56,DEB-0001,Binary,Binary: /bin/usb_printerid,0.13483943600384712,1,Normal
2026-09-28,16:28:56,DEB-0001,Binary,Binary: /bin/usbhid-dump,0.1359270697049727,1,Normal
2026-09-28,16:28:56,DEB-0001,Binary,Binary: /bin/usbip,0.13542375504748488,1,Normal
2026-09-28,16:28:56,DEB-0001,Binary,Binary: /bin/usbipd,0.13640390474003955,1,Normal
2026-09-28,16:28:56,DEB-0001,Binary,Binary: /bin/usbreset,0.13668766088435125,1,Normal
2026-09-28,16:28:56,DEB-0001,Binary,Binary: /bin/user-session-migration,0.13653443842737373,1,Normal
2026-09-28,16:28:57,DEB-0001,Binary,Binary: /bin/users,0.13508463167257617,1,Normal
2026-09-28,16:28:57,DEB-0001,Binary,Binary: /bin/uuidgen,0.13477704996112516,1,Normal
2026-09-28,16:28:57,DEB-0001,Binary,Binary: /bin/uuidparse,0.13458762116873213,1,Normal
2026-09-28,16:28:57,DEB-0001,Binary,Binary: /bin/varlinkctl,0.1344108785928081,1,Normal
2026-09-28,16:28:57,DEB-0001,Binary,Binary: /bin/vboxwl,0.1344428090022926,1,Normal
2026-09-28,16:28:57,DEB-0001,Binary,Binary: /bin/vcs-run,0.13480092663071302,1,Normal
2026-09-28,16:28:57,DEB-0001,Binary,Binary: /bin/vdir,0.1338265683186482,1,Normal
2026-09-28,16:28:58,DEB-0001,Binary,Binary: /bin/vi,0.13334857729404365,1,Normal
2026-09-28,16:28:58,DEB-0001,Binary,Binary: /bin/view,0.13334857729404365,1,Normal
2026-09-28,16:28:58,DEB-0001,Binary,Binary: /bin/viewres,0.13316220704437004,1,Normal
2026-09-28,16:28:58,DEB-0001,Binary,Binary: /bin/vim.tiny,0.13310585400149066,1,Normal
2026-09-28,16:28:58,DEB-0001,Binary,Binary: /bin/visudo-rs,0.13297433236455952,1,Normal
2026-09-28,16:28:58,DEB-0001,Binary,Binary: /bin/vmstat,0.1331287589773678,1,Normal
2026-09-28,16:28:58,DEB-0001,Binary,Binary: /bin/vstp,0.1331287589773678,1,Normal
2026-09-28,16:28:58,DEB-0001,Binary,Binary: /bin/w,0.1332831333575451,1,Normal
2026-09-28,16:28:59,DEB-0001,Binary,Binary: /bin/wall,0.13239805272400068,1,Normal
2026-09-28,16:28:59,DEB-0001,Binary,Binary: /bin/watch,0.13224337887645016,1,Normal
2026-09-28,16:28:59,DEB-0001,Binary,Binary: /bin/watchgnupg,0.13224337887645016,1,Normal
2026-09-28,16:28:59,DEB-0001,Binary,Binary: /bin/wc,0.1328229631327681,1,Normal
2026-09-28,16:28:59,DEB-0001,Binary,Binary: /bin/wcurl,0.1328229631327681,1,Normal
2026-09-28,16:28:59,DEB-0001,Binary,Binary: /bin/wget,0.13380060277643835,1,Normal
2026-09-28,16:28:59,DEB-0001,Binary,Binary: /bin/whatis,0.13457445952376818,1,Normal
2026-09-28,16:29:00,DEB-0001,Binary,Binary: /bin/whereis,0.1358867111274139,1,Normal
2026-09-28,16:29:00,DEB-0001,Binary,Binary: /bin/which,0.13664442494903078,1,Normal
2026-09-28,16:29:00,DEB-0001,Binary,Binary: /bin/which.debianutils,0.13633789892945813,1,Normal
2026-09-28,16:29:00,DEB-0001,Binary,Binary: /bin/whiptail,0.13664442494903078,1,Normal
2026-09-28,16:29:00,DEB-0001,Binary,Binary: /bin/who,0.136491187863158,1,Normal
2026-09-28,16:29:00,DEB-0001,Binary,Binary: /bin/whoami,0.13630204973183352,1,Normal
2026-09-28,16:29:00,DEB-0001,Binary,Binary: /bin/whoopsie,0.13573507063406265,1,Normal
2026-09-28,16:29:00,DEB-0001,Binary,Binary: /bin/whoopsie-preferences,0.13554967535283496,1,Normal
2026-09-28,16:29:00,DEB-0001,Binary,Binary: /bin/wireplumber,0.13554967535283496,1,Normal
2026-09-28,16:29:01,DEB-0001,Binary,Binary: /bin/word-list-compress,0.13552133736205207,1,Normal
2026-09-28,16:29:01,DEB-0001,Binary,Binary: /bin/wpa_passphrase,0.1347099454176927,1,Normal
2026-09-28,16:29:01,DEB-0001,Binary,Binary: /bin/wpctl,0.13568132427697666,1,Normal
2026-09-28,16:29:01,DEB-0001,Binary,Binary: /bin/wpexec,0.13524327838968986,1,Normal
2026-09-28,16:29:01,DEB-0001,Binary,Binary: /bin/wsdd,0.13539693756340004,1,Normal
2026-09-28,16:29:01,DEB-0001,Binary,Binary: /bin/x-session-manager,0.13539693756340004,1,Normal
2026-09-28,16:29:01,DEB-0001,Binary,Binary: /bin/x-terminal-emulator,0.13680852410185507,1,Normal
2026-09-28,16:29:02,DEB-0001,Binary,Binary: /bin/x-www-browser,0.13570290211718172,1,Normal
2026-09-28,16:29:02,DEB-0001,Binary,Binary: /bin/x86_64,0.13502350728483004,1,Normal
2026-09-28,16:29:02,DEB-0001,Binary,Binary: /bin/x86_64-linux-gnu-addr2line,0.13467439642905304,1,Normal
2026-09-28,16:29:02,DEB-0001,Binary,Binary: /bin/x86_64-linux-gnu-ar,0.13467439642905304,1,Normal
2026-09-28,16:29:02,DEB-0001,Binary,Binary: /bin/x86_64-linux-gnu-as,0.13482824801908955,1,Normal
2026-09-28,16:29:02,DEB-0001,Binary,Binary: /bin/x86_64-linux-gnu-c++filt,0.13482824801908955,1,Normal
2026-09-28,16:29:02,DEB-0001,Binary,Binary: /bin/x86_64-linux-gnu-cpp,0.13524091013239126,1,Normal
2026-09-28,16:29:03,DEB-0001,Binary,Binary: /bin/x86_64-linux-gnu-cpp-15,0.13732868963532568,1,Normal
2026-09-28,16:29:03,DEB-0001,Binary,Binary: /bin/x86_64-linux-gnu-elfedit,0.13732868963532568,1,Normal
2026-09-28,16:29:03,DEB-0001,Binary,Binary: /bin/x86_64-linux-gnu-g++,0.13732868963532568,1,Normal
2026-09-28,16:29:03,DEB-0001,Binary,Binary: /bin/x86_64-linux-gnu-g++-15,0.13692651933258143,1,Normal
2026-09-28,16:29:03,DEB-0001,Binary,Binary: /bin/x86_64-linux-gnu-gcc,0.13677337769345194,1,Normal
2026-09-28,16:29:03,DEB-0001,Binary,Binary: /bin/x86_64-linux-gnu-gcc-15,0.13677337769345194,1,Normal
2026-09-28,16:29:03,DEB-0001,Binary,Binary: /bin/x86_64-linux-gnu-gcc-ar,0.13641819142333195,1,Normal
2026-09-28,16:29:03,DEB-0001,Binary,Binary: /bin/x86_64-linux-gnu-gcc-ar-15,0.13595809488838084,1,Normal
2026-09-28,16:29:04,DEB-0001,Binary,Binary: /bin/x86_64-linux-gnu-gcc-nm,0.1367245737699615,1,Normal
2026-09-28,16:29:04,DEB-0001,Binary,Binary: /bin/x86_64-linux-gnu-gcc-nm-15,0.1367245737699615,1,Normal
2026-09-28,16:29:04,DEB-0001,Binary,Binary: /bin/x86_64-linux-gnu-gcc-ranlib,0.1367245737699615,1,Normal
2026-09-28,16:29:04,DEB-0001,Binary,Binary: /bin/x86_64-linux-gnu-gcc-ranlib-15,0.1367245737699615,1,Normal
2026-09-28,16:29:04,DEB-0001,Binary,Binary: /bin/x86_64-linux-gnu-gcov,0.1367245737699615,1,Normal
2026-09-28,16:29:04,DEB-0001,Binary,Binary: /bin/x86_64-linux-gnu-gcov-15,0.13718389281582505,1,Normal
2026-09-28,16:29:04,DEB-0001,Binary,Binary: /bin/x86_64-linux-gnu-gcov-dump,0.13703083825911272,1,Normal
2026-09-28,16:29:04,DEB-0001,Binary,Binary: /bin/x86_64-linux-gnu-gcov-dump-15,0.13721562867907722,1,Normal
2026-09-28,16:29:05,DEB-0001,Binary,Binary: /bin/x86_64-linux-gnu-gcov-tool,0.13754625237992202,1,Normal
2026-09-28,16:29:05,DEB-0001,Binary,Binary: /bin/x86_64-linux-gnu-gcov-tool-15,0.13798207766941967,1,Normal
2026-09-28,16:29:05,DEB-0001,Binary,Binary: /bin/x86_64-linux-gnu-gprof,0.13798207766941967,1,Normal
2026-09-28,16:29:05,DEB-0001,Binary,Binary: /bin/x86_64-linux-gnu-ld,0.13742307872625575,1,Normal
2026-09-28,16:29:05,DEB-0001,Binary,Binary: /bin/x86_64-linux-gnu-ld.bfd,0.13742307872625575,1,Normal
2026-09-28,16:29:05,DEB-0001,Binary,Binary: /bin/x86_64-linux-gnu-lto-dump,0.13716197653002854,1,Normal
2026-09-28,16:29:05,DEB-0001,Binary,Binary: /bin/x86_64-linux-gnu-lto-dump-15,0.13716197653002854,1,Normal
2026-09-28,16:29:05,DEB-0001,Binary,Binary: /bin/x86_64-linux-gnu-nm,0.13739135741808828,1,Normal
2026-09-28,16:29:05,DEB-0001,Binary,Binary: /bin/x86_64-linux-gnu-objcopy,0.13739135741808828,1,Normal
2026-09-28,16:29:06,DEB-0001,Binary,Binary: /bin/x86_64-linux-gnu-objdump,0.13752308544978742,1,Normal
2026-09-28,16:29:06,DEB-0001,Binary,Binary: /bin/x86_64-linux-gnu-ranlib,0.13752308544978742,1,Normal
2026-09-28,16:29:06,DEB-0001,Binary,Binary: /bin/x86_64-linux-gnu-readelf,0.136948086996511,1,Normal
2026-09-28,16:29:06,DEB-0001,Binary,Binary: /bin/x86_64-linux-gnu-size,0.136948086996511,1,Normal
2026-09-28,16:29:06,DEB-0001,Binary,Binary: /bin/x86_64-linux-gnu-strings,0.13679495265480884,1,Normal
2026-09-28,16:29:06,DEB-0001,Binary,Binary: /bin/x86_64-linux-gnu-strip,0.13726374418641601,1,Normal
2026-09-28,16:29:06,DEB-0001,Binary,Binary: /bin/x86_energy_perf_policy,0.13682722558934812,1,Normal
2026-09-28,16:29:06,DEB-0001,Binary,Binary: /bin/xargs,0.1369803490151838,1,Normal
2026-09-28,16:29:06,DEB-0001,Binary,Binary: /bin/xauth,0.13750417084082378,1,Normal
2026-09-28,16:29:07,DEB-0001,Binary,Binary: /bin/xbrlapi,0.13861875425884812,1,Normal
2026-09-28,16:29:07,DEB-0001,Binary,Binary: /bin/xcmsdb,0.13861875425884812,1,Normal
2026-09-28,16:29:07,DEB-0001,Binary,Binary: /bin/xdg-dbus-proxy,0.13865038945659153,1,Normal
2026-09-28,16:29:07,DEB-0001,Binary,Binary: /bin/xdg-desktop-icon,0.13880289622287761,1,Normal
2026-09-28,16:29:07,DEB-0001,Binary,Binary: /bin/xdg-desktop-menu,0.13865038945659153,1,Normal
2026-09-28,16:29:07,DEB-0001,Binary,Binary: /bin/xdg-email,0.1392902578228275,1,Normal
2026-09-28,16:29:07,DEB-0001,Binary,Binary: /bin/xdg-icon-resource,0.13867697162644493,1,Normal
2026-09-28,16:29:07,DEB-0001,Binary,Binary: /bin/xdg-mime,0.13845188765262206,1,Normal
2026-09-28,16:29:07,DEB-0001,Binary,Binary: /bin/xdg-open,0.13845188765262206,1,Normal
2026-09-28,16:29:07,DEB-0001,Binary,Binary: /bin/xdg-screensaver,0.13845188765262206,1,Normal
2026-09-28,16:29:07,DEB-0001,Binary,Binary: /bin/xdg-settings,0.13845188765262206,1,Normal
2026-09-28,16:29:08,DEB-0001,Binary,Binary: /bin/xdg-terminal-exec,0.13811382954608065,1,Normal
2026-09-28,16:29:08,DEB-0001,Binary,Binary: /bin/xdg-user-dir,0.13721688362397827,1,Normal
2026-09-28,16:29:08,DEB-0001,Binary,Binary: /bin/xdg-user-dirs-gtk-update,0.13736987525346123,1,Normal
2026-09-28,16:29:08,DEB-0001,Binary,Binary: /bin/xdg-user-dirs-update,0.13765302650088007,1,Normal
2026-09-28,16:29:08,DEB-0001,Binary,Binary: /bin/xdpyinfo,0.13765302650088007,1,Normal
2026-09-28,16:29:08,DEB-0001,Binary,Binary: /bin/xdriinfo,0.13827881737064696,1,Normal
2026-09-28,16:29:08,DEB-0001,Binary,Binary: /bin/xev,0.13827881737064696,1,Normal
2026-09-28,16:29:08,DEB-0001,Binary,Binary: /bin/xfd,0.13827881737064696,1,Normal
2026-09-28,16:29:08,DEB-0001,Binary,Binary: /bin/xfontsel,0.1382908111231571,1,Normal
2026-09-28,16:29:09,DEB-0001,Binary,Binary: /bin/xgamma,0.139711073509815,1,Normal
2026-09-28,16:29:09,DEB-0001,Binary,Binary: /bin/xhost,0.13940001306702382,1,Normal
2026-09-28,16:29:09,DEB-0001,Binary,Binary: /bin/xkbbell,0.1398566182418235,1,Normal
2026-09-28,16:29:09,DEB-0001,Binary,Binary: /bin/xkbcomp,0.1398566182418235,1,Normal
2026-09-28,16:29:09,DEB-0001,Binary,Binary: /bin/xkbevd,0.1398566182418235,1,Normal
2026-09-28,16:29:09,DEB-0001,Binary,Binary: /bin/xkbprint,0.1398566182418235,1,Normal
2026-09-28,16:29:09,DEB-0001,Binary,Binary: /bin/xkbvleds,0.1398566182418235,1,Normal
2026-09-28,16:29:09,DEB-0001,Binary,Binary: /bin/xkbwatch,0.1398566182418235,1,Normal
2026-09-28,16:29:10,DEB-0001,Binary,Binary: /bin/xkeystone,0.13807119109718302,1,Normal
2026-09-28,16:29:10,DEB-0001,Binary,Binary: /bin/xkill,0.1376318340617947,1,Normal
2026-09-28,16:29:10,DEB-0001,Binary,Binary: /bin/xlsatoms,0.13695684772583983,1,Normal
2026-09-28,16:29:10,DEB-0001,Binary,Binary: /bin/xlsclients,0.13742496251328612,1,Normal
2026-09-28,16:29:10,DEB-0001,Binary,Binary: /bin/xlsfonts,0.13742496251328612,1,Normal
2026-09-28,16:29:10,DEB-0001,Binary,Binary: /bin/xmessage,0.13742496251328612,1,Normal
2026-09-28,16:29:10,DEB-0001,Binary,Binary: /bin/xmodmap,0.13742496251328612,1,Normal
2026-09-28,16:29:10,DEB-0001,Binary,Binary: /bin/xprop,0.13742496251328612,1,Normal
2026-09-28,16:29:10,DEB-0001,Binary,Binary: /bin/xqxdecode,0.1375778837630099,1,Normal
2026-09-28,16:29:10,DEB-0001,Binary,Binary: /bin/xrandr,0.13747936810415956,1,Normal
2026-09-28,16:29:10,DEB-0001,Binary,Binary: /bin/xrdb,0.13845299870131778,1,Normal
2026-09-28,16:29:10,DEB-0001,Binary,Binary: /bin/xrefresh,0.1384855536570091,1,Normal
2026-09-28,16:29:10,DEB-0001,Binary,Binary: /bin/xset,0.1378394814999036,1,Normal
2026-09-28,16:29:10,DEB-0001,Binary,Binary: /bin/xsetmode,0.1378394814999036,1,Normal
2026-09-28,16:29:10,DEB-0001,Binary,Binary: /bin/xsetpointer,0.13815358820221296,1,Normal
2026-09-28,16:29:10,DEB-0001,Binary,Binary: /bin/xsetroot,0.13807402352126613,1,Normal
2026-09-28,16:29:10,DEB-0001,Binary,Binary: /bin/xstdcmap,0.13807402352126613,1,Normal
2026-09-28,16:29:10,DEB-0001,Binary,Binary: /bin/xsubpp,0.13792127014062078,1,Normal
2026-09-28,16:29:10,DEB-0001,Binary,Binary: /bin/xvidtune,0.13792127014062078,1,Normal
2026-09-28,16:29:10,DEB-0001,Binary,Binary: /bin/xvinfo,0.13851487679398322,1,Normal
2026-09-28,16:29:10,DEB-0001,Binary,Binary: /bin/xwininfo,0.13796899785298705,1,Normal
2026-09-28,16:29:10,DEB-0001,Binary,Binary: /bin/xxd,0.13724942427526987,1,Normal
2026-09-28,16:29:11,DEB-0001,Binary,Binary: /bin/xz,0.1366723188781399,1,Normal
2026-09-28,16:29:11,DEB-0001,Binary,Binary: /bin/xzcat,0.1366723188781399,1,Normal
2026-09-28,16:29:11,DEB-0001,Binary,Binary: /bin/xzcmp,0.1366723188781399,1,Normal
2026-09-28,16:29:11,DEB-0001,Binary,Binary: /bin/xzdiff,0.13697861871027817,1,Normal
2026-09-28,16:29:11,DEB-0001,Binary,Binary: /bin/xzegrep,0.13657818200591482,1,Normal
2026-09-28,16:29:11,DEB-0001,Binary,Binary: /bin/xzfgrep,0.13654640141820779,1,Normal
2026-09-28,16:29:11,DEB-0001,Binary,Binary: /bin/xzgrep,0.1371362614673074,1,Normal
2026-09-28,16:29:11,DEB-0001,Binary,Binary: /bin/xzless,0.13679464735053287,1,Normal
2026-09-28,16:29:11,DEB-0001,Binary,Binary: /bin/xzmore,0.13679464735053287,1,Normal
2026-09-28,16:29:11,DEB-0001,Binary,Binary: /bin/yelp,0.13643809982681515,1,Normal
2026-09-28,16:29:11,DEB-0001,Binary,Binary: /bin/yes,0.13626715114702126,1,Normal
2026-09-28,16:29:11,DEB-0001,Binary,Binary: /bin/ypdomainname,0.13564476302591466,1,Normal
2026-09-28,16:29:11,DEB-0001,Binary,Binary: /bin/zcat,0.1358301194762686,1,Normal
2026-09-28,16:29:12,DEB-0001,Binary,Binary: /bin/zcmp,0.13608412764109173,1,Normal
2026-09-28,16:29:12,DEB-0001,Binary,Binary: /bin/zdiff,0.13577358977282622,1,Normal
2026-09-28,16:29:12,DEB-0001,Binary,Binary: /bin/zdump,0.13577358977282622,1,Normal
2026-09-28,16:29:12,DEB-0001,Binary,Binary: /bin/zegrep,0.13562005803953608,1,Normal
2026-09-28,16:29:12,DEB-0001,Binary,Binary: /bin/zenity,0.1354664743587249,1,Normal
2026-09-28,16:29:12,DEB-0001,Binary,Binary: /bin/zfgrep,0.1356847560127019,1,Normal
2026-09-28,16:29:12,DEB-0001,Binary,Binary: /bin/zforce,0.13612237621379442,1,Normal
2026-09-28,16:29:12,DEB-0001,Binary,Binary: /bin/zgrep,0.13642904800376843,1,Normal
2026-09-28,16:29:12,DEB-0001,Binary,Binary: /bin/zip,0.1362757380450232,1,Normal
2026-09-28,16:29:12,DEB-0001,Binary,Binary: /bin/zipcloak,0.1362757380450232,1,Normal
2026-09-28,16:29:12,DEB-0001,Binary,Binary: /bin/zipdetails,0.1362757380450232,1,Normal
2026-09-28,16:29:13,DEB-0001,Binary,Binary: /bin/zipgrep,0.13634935100857715,1,Normal
2026-09-28,16:29:13,DEB-0001,Binary,Binary: /bin/zipinfo,0.136785122825394,1,Normal
2026-09-28,16:29:13,DEB-0001,Binary,Binary: /bin/zipnote,0.136785122825394,1,Normal
2026-09-28,16:29:13,DEB-0001,Binary,Binary: /bin/zipsplit,0.13719949181213797,1,Normal
2026-09-28,16:29:13,DEB-0001,Binary,Binary: /bin/zjsdecode,0.13740251134903753,1,Normal
2026-09-28,16:29:13,DEB-0001,Binary,Binary: /bin/zless,0.13740251134903753,1,Normal
2026-09-28,16:29:13,DEB-0001,Binary,Binary: /bin/zmore,0.1375517882452973,1,Normal
2026-09-28,16:29:13,DEB-0001,Binary,Binary: /bin/znew,0.13813493583388342,1,Normal
2026-09-28,16:29:13,DEB-0001,Binary,Binary: /bin/zstd,0.1374749555876421,1,Normal
2026-09-28,16:29:13,DEB-0001,Binary,Binary: /bin/zstdcat,0.1374749555876421,1,Normal
2026-09-28,16:29:13,DEB-0001,Binary,Binary: /bin/zstdgrep,0.137765244195852,1,Normal
2026-09-28,16:29:14,DEB-0001,Binary,Binary: /bin/zstdless,0.13612800222749177,1,Normal
2026-09-28,16:29:14,DEB-0001,Binary,Binary: /bin/zstdmt,0.13648919497092354,1,Normal
2026-09-28,16:29:14,DEB-0001,Test,Test: Checking binaries in directory /sbin,-0.13363384878516749,-1,Anomalía
2026-09-28,16:29:14,DEB-0001,Info,Directory /sbin exists. Starting directory scanning...,-0.04686989505950234,-1,Anomalía
2026-09-28,16:29:14,DEB-0001,Binary,Binary: /sbin/ModemManager,0.1362143700027742,1,Normal
2026-09-28,16:29:14,DEB-0001,Binary,Binary: /sbin/NetworkManager,0.13635397997350696,1,Normal
2026-09-28,16:29:14,DEB-0001,Binary,Binary: /sbin/VBoxService,0.13651081309312424,1,Normal
2026-09-28,16:29:14,DEB-0001,Binary,Binary: /sbin/aa-load,0.13651081309312424,1,Normal
2026-09-28,16:29:14,DEB-0001,Binary,Binary: /sbin/aa-remove-unknown,0.13618723234588032,1,Normal
2026-09-28,16:29:14,DEB-0001,Binary,Binary: /sbin/aa-status,0.13588039689138098,1,Normal
2026-09-28,16:29:15,DEB-0001,Binary,Binary: /sbin/aa-teardown,0.13515605928052637,1,Normal
2026-09-28,16:29:15,DEB-0001,Binary,Binary: /sbin/accessdb,0.13515605928052637,1,Normal
2026-09-28,16:29:15,DEB-0001,Binary,Binary: /sbin/add-shell,0.13515605928052637,1,Normal
2026-09-28,16:29:15,DEB-0001,Binary,Binary: /sbin/addgnupghome,0.13497042745231558,1,Normal
2026-09-28,16:29:15,DEB-0001,Binary,Binary: /sbin/addgroup,0.1350069716264234,1,Normal
2026-09-28,16:29:15,DEB-0001,Binary,Binary: /sbin/adduser,0.13502978119940368,1,Normal
2026-09-28,16:29:15,DEB-0001,Binary,Binary: /sbin/agetty,0.13502978119940368,1,Normal
2026-09-28,16:29:15,DEB-0001,Binary,Binary: /sbin/alsa,0.13524168576664042,1,Normal
2026-09-28,16:29:15,DEB-0001,Binary,Binary: /sbin/alsa-info,0.13524168576664042,1,Normal
2026-09-28,16:29:15,DEB-0001,Binary,Binary: /sbin/alsabat-test,0.13524168576664042,1,Normal
2026-09-28,16:29:15,DEB-0001,Binary,Binary: /sbin/alsactl,0.13565397267425716,1,Normal
2026-09-28,16:29:15,DEB-0001,Binary,Binary: /sbin/anacron,0.13580749293639882,1,Normal
2026-09-28,16:29:16,DEB-0001,Binary,Binary: /sbin/apparmor_parser,0.13731680872170032,1,Normal
2026-09-28,16:29:16,DEB-0001,Binary,Binary: /sbin/apparmor_status,0.1371865004750497,1,Normal
2026-09-28,16:29:16,DEB-0001,Binary,Binary: /sbin/applygnupgdefaults,0.1371865004750497,1,Normal
2026-09-28,16:29:16,DEB-0001,Binary,Binary: /sbin/aptd,0.13853244661340136,1,Normal
2026-09-28,16:29:16,DEB-0001,Binary,Binary: /sbin/argdist-bpfcc,0.13853244661340136,1,Normal
2026-09-28,16:29:16,DEB-0001,Binary,Binary: /sbin/arpd,0.13853244661340136,1,Normal
2026-09-28,16:29:16,DEB-0001,Binary,Binary: /sbin/arptables,0.13839684840215782,1,Normal
2026-09-28,16:29:16,DEB-0001,Binary,Binary: /sbin/arptables-nft,0.13839684840215782,1,Normal
2026-09-28,16:29:16,DEB-0001,Binary,Binary: /sbin/arptables-nft-restore,0.13824420424943518,1,Normal
2026-09-28,16:29:16,DEB-0001,Binary,Binary: /sbin/arptables-nft-save,0.13901051563677352,1,Normal
2026-09-28,16:29:16,DEB-0001,Binary,Binary: /sbin/arptables-restore,0.13901051563677352,1,Normal
2026-09-28,16:29:17,DEB-0001,Binary,Binary: /sbin/arptables-save,0.1375011329807871,1,Normal
2026-09-28,16:29:17,DEB-0001,Binary,Binary: /sbin/arptables-translate,0.1366587243423853,1,Normal
2026-09-28,16:29:17,DEB-0001,Binary,Binary: /sbin/aspell-autobuildhash,0.1363653874356182,1,Normal
2026-09-28,16:29:17,DEB-0001,Binary,Binary: /sbin/avahi-daemon,0.13699609006014707,1,Normal
2026-09-28,16:29:17,DEB-0001,Binary,Binary: /sbin/badblocks,0.13699609006014707,1,Normal
2026-09-28,16:29:17,DEB-0001,Binary,Binary: /sbin/bashreadline-bpfcc,0.13699609006014707,1,Normal
2026-09-28,16:29:17,DEB-0001,Binary,Binary: /sbin/bashreadline.bt,0.13663970117757818,1,Normal
2026-09-28,16:29:17,DEB-0001,Binary,Binary: /sbin/bindsnoop-bpfcc,0.1371857751660026,1,Normal
2026-09-28,16:29:17,DEB-0001,Binary,Binary: /sbin/biolatency-bpfcc,0.1372175108971948,1,Normal
2026-09-28,16:29:17,DEB-0001,Binary,Binary: /sbin/biolatency-kp.bt,0.13703272124618415,1,Normal
2026-09-28,16:29:17,DEB-0001,Binary,Binary: /sbin/biolatency.bt,0.13733877731748417,1,Normal
2026-09-28,16:29:17,DEB-0001,Binary,Binary: /sbin/biolatpcts-bpfcc,0.13703272124618415,1,Normal
2026-09-28,16:29:18,DEB-0001,Binary,Binary: /sbin/biopattern-bpfcc,0.13742809218190216,1,Normal
2026-09-28,16:29:18,DEB-0001,Binary,Binary: /sbin/biosdecode,0.13707897750217962,1,Normal
2026-09-28,16:29:18,DEB-0001,Binary,Binary: /sbin/biosnoop-bpfcc,0.13707897750217962,1,Normal
2026-09-28,16:29:18,DEB-0001,Binary,Binary: /sbin/biosnoop.bt,0.1373568982927269,1,Normal
2026-09-28,16:29:18,DEB-0001,Binary,Binary: /sbin/biostacks.bt,0.13820287777087942,1,Normal
2026-09-28,16:29:18,DEB-0001,Binary,Binary: /sbin/biotop-bpfcc,0.1388034292259917,1,Normal
2026-09-28,16:29:18,DEB-0001,Binary,Binary: /sbin/bitesize-bpfcc,0.1384983644534411,1,Normal
2026-09-28,16:29:18,DEB-0001,Binary,Binary: /sbin/bitesize.bt,0.1384983644534411,1,Normal
2026-09-28,16:29:18,DEB-0001,Binary,Binary: /sbin/blkdeactivate,0.1384983644534411,1,Normal
2026-09-28,16:29:19,DEB-0001,Binary,Binary: /sbin/blkdiscard,0.13827763006683952,1,Normal
2026-09-28,16:29:19,DEB-0001,Binary,Binary: /sbin/blkid,0.13781942159591493,1,Normal
2026-09-28,16:29:19,DEB-0001,Binary,Binary: /sbin/blockdev,0.13732712485223264,1,Normal
2026-09-28,16:29:19,DEB-0001,Binary,Binary: /sbin/bluetoothd,0.13748007919416977,1,Normal
2026-09-28,16:29:19,DEB-0001,Binary,Binary: /sbin/bpflist-bpfcc,0.13660823057937738,1,Normal
2026-09-28,16:29:19,DEB-0001,Binary,Binary: /sbin/bpftool,0.13682674107254383,1,Normal
2026-09-28,16:29:19,DEB-0001,Binary,Binary: /sbin/bridge,0.13653066632140054,1,Normal
2026-09-28,16:29:19,DEB-0001,Binary,Binary: /sbin/brltty-setup,0.1366131561573492,1,Normal
2026-09-28,16:29:19,DEB-0001,Binary,Binary: /sbin/btrfsdist-bpfcc,0.13749137785631033,1,Normal
2026-09-28,16:29:19,DEB-0001,Binary,Binary: /sbin/btrfsslower-bpfcc,0.13749137785631033,1,Normal
2026-09-28,16:29:20,DEB-0001,Binary,Binary: /sbin/cachestat-bpfcc,0.14067256981326987,1,Normal
2026-09-28,16:29:20,DEB-0001,Binary,Binary: /sbin/cachetop-bpfcc,0.1407447473295722,1,Normal
2026-09-28,16:29:20,DEB-0001,Binary,Binary: /sbin/capable-bpfcc,0.1407447473295722,1,Normal
2026-09-28,16:29:20,DEB-0001,Binary,Binary: /sbin/capable.bt,0.1407447473295722,1,Normal
2026-09-28,16:29:20,DEB-0001,Binary,Binary: /sbin/capsh,0.1407447473295722,1,Normal
2026-09-28,16:29:20,DEB-0001,Binary,Binary: /sbin/cfdisk,0.1411554923931787,1,Normal
2026-09-28,16:29:21,DEB-0001,Binary,Binary: /sbin/cgdisk,0.14293403376784525,1,Normal
2026-09-28,16:29:21,DEB-0001,Binary,Binary: /sbin/chat,0.1434317652287045,1,Normal
2026-09-28,16:29:21,DEB-0001,Binary,Binary: /sbin/chgpasswd,0.14282769638804432,1,Normal
2026-09-28,16:29:21,DEB-0001,Binary,Binary: /sbin/chpasswd,0.14282769638804432,1,Normal
2026-09-28,16:29:21,DEB-0001,Binary,Binary: /sbin/chronyd,0.1432365350973288,1,Normal
2026-09-28,16:29:21,DEB-0001,Binary,Binary: /sbin/cobjnew-bpfcc,0.1432365350973288,1,Normal
2026-09-28,16:29:21,DEB-0001,Binary,Binary: /sbin/coldreboot,0.14302818986823856,1,Normal
2026-09-28,16:29:21,DEB-0001,Binary,Binary: /sbin/compactsnoop-bpfcc,0.14302818986823856,1,Normal
2026-09-28,16:29:21,DEB-0001,Binary,Binary: /sbin/cpudist-bpfcc,0.14234316643120848,1,Normal
2026-09-28,16:29:22,DEB-0001,Binary,Binary: /sbin/cpuunclaimed-bpfcc,0.14291579730257586,1,Normal
2026-09-28,16:29:22,DEB-0001,Binary,Binary: /sbin/cpuwalk.bt,0.14306142904400904,1,Normal
2026-09-28,16:29:22,DEB-0001,Binary,Binary: /sbin/cracklib-check,0.14359154843003263,1,Normal
2026-09-28,16:29:22,DEB-0001,Binary,Binary: /sbin/cracklib-format,0.14359154843003263,1,Normal
2026-09-28,16:29:22,DEB-0001,Binary,Binary: /sbin/cracklib-packer,0.14359154843003263,1,Normal
2026-09-28,16:29:22,DEB-0001,Binary,Binary: /sbin/cracklib-unpacker,0.14359154843003263,1,Normal
2026-09-28,16:29:22,DEB-0001,Binary,Binary: /sbin/create-cracklib-dict,0.14283302899587919,1,Normal
2026-09-28,16:29:22,DEB-0001,Binary,Binary: /sbin/criticalstat-bpfcc,0.14283302899587919,1,Normal
2026-09-28,16:29:22,DEB-0001,Binary,Binary: /sbin/cron,0.14253069151790915,1,Normal
2026-09-28,16:29:22,DEB-0001,Binary,Binary: /sbin/cups-browsed,0.14378075228128023,1,Normal
2026-09-28,16:29:22,DEB-0001,Binary,Binary: /sbin/cupsaccept,0.14411349616722363,1,Normal
2026-09-28,16:29:23,DEB-0001,Binary,Binary: /sbin/cupsctl,0.14231610793833666,1,Normal
2026-09-28,16:29:23,DEB-0001,Binary,Binary: /sbin/cupsd,0.14231610793833666,1,Normal
2026-09-28,16:29:23,DEB-0001,Binary,Binary: /sbin/cupsdisable,0.14231610793833666,1,Normal
2026-09-28,16:29:23,DEB-0001,Binary,Binary: /sbin/cupsenable,0.14323227279152184,1,Normal
2026-09-28,16:29:23,DEB-0001,Binary,Binary: /sbin/cupsfilter,0.1436608552841654,1,Normal
2026-09-28,16:29:23,DEB-0001,Binary,Binary: /sbin/cupsreject,0.1435099922101986,1,Normal
2026-09-28,16:29:23,DEB-0001,Binary,Binary: /sbin/dbslower-bpfcc,0.1435099922101986,1,Normal
2026-09-28,16:29:23,DEB-0001,Binary,Binary: /sbin/dbstat-bpfcc,0.1435099922101986,1,Normal
2026-09-28,16:29:23,DEB-0001,Binary,Binary: /sbin/dcb,0.14368989648297947,1,Normal
2026-09-28,16:29:23,DEB-0001,Binary,Binary: /sbin/dcsnoop-bpfcc,0.14368989648297947,1,Normal
2026-09-28,16:29:23,DEB-0001,Binary,Binary: /sbin/dcsnoop.bt,0.14378172299119907,1,Normal
2026-09-28,16:29:23,DEB-0001,Binary,Binary: /sbin/dcstat-bpfcc,0.14378172299119907,1,Normal
2026-09-28,16:29:23,DEB-0001,Binary,Binary: /sbin/deadlock-bpfcc,0.14378172299119907,1,Normal
2026-09-28,16:29:24,DEB-0001,Binary,Binary: /sbin/debugfs,0.14307405129257422,1,Normal
2026-09-28,16:29:24,DEB-0001,Binary,Binary: /sbin/delgroup,0.1435222872007501,1,Normal
2026-09-28,16:29:24,DEB-0001,Binary,Binary: /sbin/deluser,0.1435222872007501,1,Normal
2026-09-28,16:29:24,DEB-0001,Binary,Binary: /sbin/depmod,0.14415623506027303,1,Normal
2026-09-28,16:29:24,DEB-0001,Binary,Binary: /sbin/devlink,0.14464175520834055,1,Normal
2026-09-28,16:29:24,DEB-0001,Binary,Binary: /sbin/dhcpcd,0.14464175520834055,1,Normal
2026-09-28,16:29:24,DEB-0001,Binary,Binary: /sbin/dirtop-bpfcc,0.14546589561370166,1,Normal
2026-09-28,16:29:24,DEB-0001,Binary,Binary: /sbin/dkms,0.14546589561370166,1,Normal
2026-09-28,16:29:24,DEB-0001,Binary,Binary: /sbin/dmidecode,0.14546589561370166,1,Normal
2026-09-28,16:29:24,DEB-0001,Binary,Binary: /sbin/dmsetup,0.14546589561370166,1,Normal
2026-09-28,16:29:25,DEB-0001,Binary,Binary: /sbin/dmstats,0.14553072187098487,1,Normal
2026-09-28,16:29:25,DEB-0001,Binary,Binary: /sbin/dnsmasq,0.14553072187098487,1,Normal
2026-09-28,16:29:25,DEB-0001,Binary,Binary: /sbin/dosfsck,0.14553072187098487,1,Normal
2026-09-28,16:29:25,DEB-0001,Binary,Binary: /sbin/dosfslabel,0.14525250677767343,1,Normal
2026-09-28,16:29:25,DEB-0001,Binary,Binary: /sbin/dpkg-preconfigure,0.14534946438486973,1,Normal
2026-09-28,16:29:25,DEB-0001,Binary,Binary: /sbin/dpkg-reconfigure,0.14518119019386427,1,Normal
2026-09-28,16:29:25,DEB-0001,Binary,Binary: /sbin/dpll,0.14518119019386427,1,Normal
2026-09-28,16:29:25,DEB-0001,Binary,Binary: /sbin/drsnoop-bpfcc,0.146176595610792,1,Normal
2026-09-28,16:29:25,DEB-0001,Binary,Binary: /sbin/dump.exfat,0.146176595610792,1,Normal
2026-09-28,16:29:26,DEB-0001,Binary,Binary: /sbin/dumpe2fs,0.1468448750896404,1,Normal
2026-09-28,16:29:26,DEB-0001,Binary,Binary: /sbin/e2freefrag,0.14631507484933215,1,Normal
2026-09-28,16:29:26,DEB-0001,Binary,Binary: /sbin/e2fsck,0.14603735123062017,1,Normal
2026-09-28,16:29:26,DEB-0001,Binary,Binary: /sbin/e2image,0.14618735946092576,1,Normal
2026-09-28,16:29:26,DEB-0001,Binary,Binary: /sbin/e2label,0.14618735946092576,1,Normal
2026-09-28,16:29:26,DEB-0001,Binary,Binary: /sbin/e2mmpstatus,0.14581881145848957,1,Normal
2026-09-28,16:29:26,DEB-0001,Binary,Binary: /sbin/e2scrub,0.14532374327601416,1,Normal
2026-09-28,16:29:26,DEB-0001,Binary,Binary: /sbin/e2scrub_all,0.14532374327601416,1,Normal
2026-09-28,16:29:26,DEB-0001,Binary,Binary: /sbin/e2undo,0.14502309155145543,1,Normal
2026-09-28,16:29:27,DEB-0001,Binary,Binary: /sbin/e4crypt,0.1445518527493817,1,Normal
2026-09-28,16:29:27,DEB-0001,Binary,Binary: /sbin/e4defrag,0.1445518527493817,1,Normal
2026-09-28,16:29:27,DEB-0001,Binary,Binary: /sbin/ebtables,0.14470236342866666,1,Normal
2026-09-28,16:29:27,DEB-0001,Binary,Binary: /sbin/ebtables-nft,0.14452063160937834,1,Normal
2026-09-28,16:29:27,DEB-0001,Binary,Binary: /sbin/ebtables-nft-restore,0.14452063160937834,1,Normal
2026-09-28,16:29:27,DEB-0001,Binary,Binary: /sbin/ebtables-nft-save,0.14452063160937834,1,Normal
2026-09-28,16:29:27,DEB-0001,Binary,Binary: /sbin/ebtables-restore,0.1454184268564923,1,Normal
2026-09-28,16:29:27,DEB-0001,Binary,Binary: /sbin/ebtables-save,0.14563938261115877,1,Normal
2026-09-28,16:29:27,DEB-0001,Binary,Binary: /sbin/ebtables-translate,0.14578952544875556,1,Normal
2026-09-28,16:29:28,DEB-0001,Binary,Binary: /sbin/ethtool,0.1432052692837995,1,Normal
2026-09-28,16:29:28,DEB-0001,Binary,Binary: /sbin/execsnoop-bpfcc,0.14229481873184974,1,Normal
2026-09-28,16:29:28,DEB-0001,Binary,Binary: /sbin/execsnoop.bt,0.14239042868839447,1,Normal
2026-09-28,16:29:28,DEB-0001,Binary,Binary: /sbin/exfat2img,0.14228038133470472,1,Normal
2026-09-28,16:29:28,DEB-0001,Binary,Binary: /sbin/exfatlabel,0.14244975403495064,1,Normal
2026-09-28,16:29:28,DEB-0001,Binary,Binary: /sbin/exitsnoop-bpfcc,0.14244975403495064,1,Normal
2026-09-28,16:29:28,DEB-0001,Binary,Binary: /sbin/ext4dist-bpfcc,0.14263233153679034,1,Normal
2026-09-28,16:29:28,DEB-0001,Binary,Binary: /sbin/ext4slower-bpfcc,0.1428808512185381,1,Normal
2026-09-28,16:29:28,DEB-0001,Binary,Binary: /sbin/f2fsslower-bpfcc,0.1428808512185381,1,Normal
2026-09-28,16:29:29,DEB-0001,Binary,Binary: /sbin/faillock,0.143084870539691,1,Normal
2026-09-28,16:29:29,DEB-0001,Binary,Binary: /sbin/fatlabel,0.14339067492222152,1,Normal
2026-09-28,16:29:29,DEB-0001,Binary,Binary: /sbin/fdisk,0.14339067492222152,1,Normal
2026-09-28,16:29:29,DEB-0001,Binary,Binary: /sbin/filefrag,0.14339067492222152,1,Normal
2026-09-28,16:29:29,DEB-0001,Binary,Binary: /sbin/filegone-bpfcc,0.14253258960093496,1,Normal
2026-09-28,16:29:29,DEB-0001,Binary,Binary: /sbin/filelife-bpfcc,0.14307886652542695,1,Normal
2026-09-28,16:29:29,DEB-0001,Binary,Binary: /sbin/fileslower-bpfcc,0.14292780653533949,1,Normal
2026-09-28,16:29:29,DEB-0001,Binary,Binary: /sbin/filetop-bpfcc,0.14342554493631166,1,Normal
2026-09-28,16:29:29,DEB-0001,Binary,Binary: /sbin/findfs,0.14345136669670772,1,Normal
2026-09-28,16:29:30,DEB-0001,Binary,Binary: /sbin/fixparts,0.1454148873525445,1,Normal
2026-09-28,16:29:30,DEB-0001,Binary,Binary: /sbin/fsck,0.1454148873525445,1,Normal
2026-09-28,16:29:30,DEB-0001,Binary,Binary: /sbin/fsck.exfat,0.14546251581944608,1,Normal
2026-09-28,16:29:30,DEB-0001,Binary,Binary: /sbin/fsck.ext2,0.14546251581944608,1,Normal
2026-09-28,16:29:30,DEB-0001,Binary,Binary: /sbin/fsck.ext3,0.14614790958093837,1,Normal
2026-09-28,16:29:30,DEB-0001,Binary,Binary: /sbin/fsck.ext4,0.14584781566470423,1,Normal
2026-09-28,16:29:30,DEB-0001,Binary,Binary: /sbin/fsck.fat,0.14641150737495306,1,Normal
2026-09-28,16:29:30,DEB-0001,Binary,Binary: /sbin/fsck.msdos,0.14621253308072824,1,Normal
2026-09-28,16:29:31,DEB-0001,Binary,Binary: /sbin/fsck.vfat,0.14592142540038633,1,Normal
2026-09-28,16:29:31,DEB-0001,Binary,Binary: /sbin/fsfreeze,0.14592142540038633,1,Normal
2026-09-28,16:29:31,DEB-0001,Binary,Binary: /sbin/fstab-decode,0.14621705290717035,1,Normal
2026-09-28,16:29:31,DEB-0001,Binary,Binary: /sbin/fstrim,0.14554741191180448,1,Normal
2026-09-28,16:29:31,DEB-0001,Binary,Binary: /sbin/funccount-bpfcc,0.14554741191180448,1,Normal
2026-09-28,16:29:31,DEB-0001,Binary,Binary: /sbin/funcinterval-bpfcc,0.14554741191180448,1,Normal
2026-09-28,16:29:31,DEB-0001,Binary,Binary: /sbin/funclatency-bpfcc,0.14554741191180448,1,Normal
2026-09-28,16:29:31,DEB-0001,Binary,Binary: /sbin/funcslower-bpfcc,0.14604223082053291,1,Normal
2026-09-28,16:29:31,DEB-0001,Binary,Binary: /sbin/gdisk,0.14635565136639822,1,Normal
2026-09-28,16:29:31,DEB-0001,Binary,Binary: /sbin/gdm3,0.14635565136639822,1,Normal
2026-09-28,16:29:31,DEB-0001,Binary,Binary: /sbin/genl,0.1464243888525979,1,Normal
2026-09-28,16:29:32,DEB-0001,Binary,Binary: /sbin/getcap,0.1477592704428004,1,Normal
2026-09-28,16:29:32,DEB-0001,Binary,Binary: /sbin/gethostlatency-bpfcc,0.148577873994665,1,Normal
2026-09-28,16:29:32,DEB-0001,Binary,Binary: /sbin/gethostlatency.bt,0.1497091339039256,1,Normal
2026-09-28,16:29:32,DEB-0001,Binary,Binary: /sbin/getpcaps,0.15019931466555553,1,Normal
2026-09-28,16:29:32,DEB-0001,Binary,Binary: /sbin/getty,0.15019931466555553,1,Normal
2026-09-28,16:29:32,DEB-0001,Binary,Binary: /sbin/getweb,0.15019931466555553,1,Normal
2026-09-28,16:29:32,DEB-0001,Binary,Binary: /sbin/gnome-menus-blacklist,0.1509449813678364,1,Normal
2026-09-28,16:29:32,DEB-0001,Binary,Binary: /sbin/gnuchroot,0.1509449813678364,1,Normal
2026-09-28,16:29:32,DEB-0001,Binary,Binary: /sbin/groupadd,0.1508186000910373,1,Normal
2026-09-28,16:29:32,DEB-0001,Binary,Binary: /sbin/groupdel,0.15010301739039822,1,Normal
2026-09-28,16:29:32,DEB-0001,Binary,Binary: /sbin/groupmod,0.15029808029579067,1,Normal
2026-09-28,16:29:32,DEB-0001,Binary,Binary: /sbin/grpck,0.15047745278316776,1,Normal
2026-09-28,16:29:33,DEB-0001,Binary,Binary: /sbin/grpconv,0.14995345374113828,1,Normal
2026-09-28,16:29:33,DEB-0001,Binary,Binary: /sbin/grpunconv,0.14998429373088712,1,Normal
2026-09-28,16:29:33,DEB-0001,Binary,Binary: /sbin/grub-bios-setup,0.14942648763467398,1,Normal
2026-09-28,16:29:33,DEB-0001,Binary,Binary: /sbin/grub-install,0.15034019725479947,1,Normal
2026-09-28,16:29:33,DEB-0001,Binary,Binary: /sbin/grub-macbless,0.15034019725479947,1,Normal
2026-09-28,16:29:33,DEB-0001,Binary,Binary: /sbin/grub-mkconfig,0.15034019725479947,1,Normal
2026-09-28,16:29:33,DEB-0001,Binary,Binary: /sbin/grub-mkdevicemap,0.15063725271513234,1,Normal
2026-09-28,16:29:33,DEB-0001,Binary,Binary: /sbin/grub-probe,0.15048875010792306,1,Normal
2026-09-28,16:29:34,DEB-0001,Binary,Binary: /sbin/grub-reboot,0.15188559847508531,1,Normal
2026-09-28,16:29:34,DEB-0001,Binary,Binary: /sbin/grub-set-default,0.15188559847508531,1,Normal
2026-09-28,16:29:34,DEB-0001,Binary,Binary: /sbin/halt,0.1518715336965773,1,Normal
2026-09-28,16:29:34,DEB-0001,Binary,Binary: /sbin/hardirqs-bpfcc,0.15234616247824112,1,Normal
2026-09-28,16:29:34,DEB-0001,Binary,Binary: /sbin/hdparm,0.1525802183361305,1,Normal
2026-09-28,16:29:34,DEB-0001,Binary,Binary: /sbin/iconvconfig,0.1526260843359693,1,Normal
2026-09-28,16:29:34,DEB-0001,Binary,Binary: /sbin/init,0.1524782546507048,1,Normal
2026-09-28,16:29:34,DEB-0001,Binary,Binary: /sbin/inject-bpfcc,0.1524782546507048,1,Normal
2026-09-28,16:29:34,DEB-0001,Binary,Binary: /sbin/insmod,0.1524782546507048,1,Normal
2026-09-28,16:29:34,DEB-0001,Binary,Binary: /sbin/install-sgmlcatalog,0.1524782546507048,1,Normal
2026-09-28,16:29:34,DEB-0001,Binary,Binary: /sbin/installkernel,0.15233037494720947,1,Normal
2026-09-28,16:29:35,DEB-0001,Binary,Binary: /sbin/invoke-rc.d,0.15068871441180137,1,Normal
2026-09-28,16:29:35,DEB-0001,Binary,Binary: /sbin/ip,0.15021228625851268,1,Normal
2026-09-28,16:29:35,DEB-0001,Binary,Binary: /sbin/ip6tables,0.1503608823757328,1,Normal
2026-09-28,16:29:35,DEB-0001,Binary,Binary: /sbin/ip6tables-apply,0.1503608823757328,1,Normal
2026-09-28,16:29:35,DEB-0001,Binary,Binary: /sbin/ip6tables-legacy,0.15065792384552945,1,Normal
2026-09-28,16:29:35,DEB-0001,Binary,Binary: /sbin/ip6tables-legacy-restore,0.15065792384552945,1,Normal
2026-09-28,16:29:35,DEB-0001,Binary,Binary: /sbin/ip6tables-legacy-save,0.15047862508707838,1,Normal
2026-09-28,16:29:35,DEB-0001,Binary,Binary: /sbin/ip6tables-nft,0.15047862508707838,1,Normal
2026-09-28,16:29:35,DEB-0001,Binary,Binary: /sbin/ip6tables-nft-restore,0.15026738371819776,1,Normal
2026-09-28,16:29:35,DEB-0001,Binary,Binary: /sbin/ip6tables-nft-save,0.15071647844968844,1,Normal
2026-09-28,16:29:36,DEB-0001,Binary,Binary: /sbin/ip6tables-restore,0.1483043870285249,1,Normal
2026-09-28,16:29:36,DEB-0001,Binary,Binary: /sbin/ip6tables-restore-translate,0.14755388373819422,1,Normal
2026-09-28,16:29:36,DEB-0001,Binary,Binary: /sbin/ip6tables-save,0.1460382064573857,1,Normal
2026-09-28,16:29:36,DEB-0001,Binary,Binary: /sbin/ip6tables-translate,0.1460382064573857,1,Normal
2026-09-28,16:29:36,DEB-0001,Binary,Binary: /sbin/ipp-usb,0.14646584354565756,1,Normal
2026-09-28,16:29:36,DEB-0001,Binary,Binary: /sbin/ippevepcl,0.14646584354565756,1,Normal
2026-09-28,16:29:36,DEB-0001,Binary,Binary: /sbin/ippeveprinter,0.14646584354565756,1,Normal
2026-09-28,16:29:36,DEB-0001,Binary,Binary: /sbin/ippeveps,0.14646584354565756,1,Normal
2026-09-28,16:29:36,DEB-0001,Binary,Binary: /sbin/iptables,0.14646584354565756,1,Normal
2026-09-28,16:29:37,DEB-0001,Binary,Binary: /sbin/iptables-apply,0.14678293220295774,1,Normal
2026-09-28,16:29:37,DEB-0001,Binary,Binary: /sbin/iptables-legacy,0.14678293220295774,1,Normal
2026-09-28,16:29:37,DEB-0001,Binary,Binary: /sbin/iptables-legacy-restore,0.14678293220295774,1,Normal
2026-09-28,16:29:37,DEB-0001,Binary,Binary: /sbin/iptables-legacy-save,0.14633335997020863,1,Normal
2026-09-28,16:29:37,DEB-0001,Binary,Binary: /sbin/iptables-nft,0.14542677019090777,1,Normal
2026-09-28,16:29:37,DEB-0001,Binary,Binary: /sbin/iptables-nft-restore,0.14553831763426095,1,Normal
2026-09-28,16:29:37,DEB-0001,Binary,Binary: /sbin/iptables-nft-save,0.1451112062001041,1,Normal
2026-09-28,16:29:37,DEB-0001,Binary,Binary: /sbin/iptables-restore,0.14556201814244257,1,Normal
2026-09-28,16:29:37,DEB-0001,Binary,Binary: /sbin/iptables-restore-translate,0.14470408479693353,1,Normal
2026-09-28,16:29:38,DEB-0001,Binary,Binary: /sbin/iptables-save,0.1428351897731322,1,Normal
2026-09-28,16:29:38,DEB-0001,Binary,Binary: /sbin/iptables-translate,0.1428351897731322,1,Normal
2026-09-28,16:29:38,DEB-0001,Binary,Binary: /sbin/ispell-autobuildhash,0.1429862810895376,1,Normal
2026-09-28,16:29:38,DEB-0001,Binary,Binary: /sbin/iucode-tool,0.1426323318838002,1,Normal
2026-09-28,16:29:38,DEB-0001,Binary,Binary: /sbin/iucode_tool,0.142783491814035,1,Normal
2026-09-28,16:29:38,DEB-0001,Binary,Binary: /sbin/iw,0.14273746752575317,1,Normal
2026-09-28,16:29:38,DEB-0001,Binary,Binary: /sbin/javacalls-bpfcc,0.1430432396114073,1,Normal
2026-09-28,16:29:38,DEB-0001,Binary,Binary: /sbin/javaflow-bpfcc,0.14349614922596443,1,Normal
2026-09-28,16:29:38,DEB-0001,Binary,Binary: /sbin/javagc-bpfcc,0.14349614922596443,1,Normal
2026-09-28,16:29:38,DEB-0001,Binary,Binary: /sbin/javaobjnew-bpfcc,0.14365574165369654,1,Normal
2026-09-28,16:29:39,DEB-0001,Binary,Binary: /sbin/javastat-bpfcc,0.14483774227306756,1,Normal
2026-09-28,16:29:39,DEB-0001,Binary,Binary: /sbin/javathreads-bpfcc,0.14531422442050956,1,Normal
2026-09-28,16:29:39,DEB-0001,Binary,Binary: /sbin/kbdrate,0.14531422442050956,1,Normal
2026-09-28,16:29:39,DEB-0001,Binary,Binary: /sbin/kdump-config,0.14561467923517413,1,Normal
2026-09-28,16:29:39,DEB-0001,Binary,Binary: /sbin/kexec,0.14554328492746538,1,Normal
2026-09-28,16:29:39,DEB-0001,Binary,Binary: /sbin/kexec-load-kernel,0.14554328492746538,1,Normal
2026-09-28,16:29:39,DEB-0001,Binary,Binary: /sbin/killall5,0.14537818086970367,1,Normal
2026-09-28,16:29:39,DEB-0001,Binary,Binary: /sbin/killsnoop-bpfcc,0.14477318706380587,1,Normal
2026-09-28,16:29:40,DEB-0001,Binary,Binary: /sbin/killsnoop.bt,0.14504320637905072,1,Normal
2026-09-28,16:29:40,DEB-0001,Binary,Binary: /sbin/klockstat-bpfcc,0.14497946328813255,1,Normal
2026-09-28,16:29:40,DEB-0001,Binary,Binary: /sbin/kvmexit-bpfcc,0.14489518135269103,1,Normal
2026-09-28,16:29:40,DEB-0001,Binary,Binary: /sbin/ldconfig,0.14511242434412558,1,Normal
2026-09-28,16:29:40,DEB-0001,Binary,Binary: /sbin/llcstat-bpfcc,0.14461656803048256,1,Normal
2026-09-28,16:29:40,DEB-0001,Binary,Binary: /sbin/loads.bt,0.14466578648462147,1,Normal
2026-09-28,16:29:40,DEB-0001,Binary,Binary: /sbin/locale-gen,0.14533449319711073,1,Normal
2026-09-28,16:29:40,DEB-0001,Binary,Binary: /sbin/logrotate,0.14604070436609456,1,Normal
2026-09-28,16:29:41,DEB-0001,Binary,Binary: /sbin/logsave,0.14500774519613585,1,Normal
2026-09-28,16:29:41,DEB-0001,Binary,Binary: /sbin/losetup,0.14500774519613585,1,Normal
2026-09-28,16:29:41,DEB-0001,Binary,Binary: /sbin/lpadmin,0.14444444007049612,1,Normal
2026-09-28,16:29:41,DEB-0001,Binary,Binary: /sbin/lpc,0.14444444007049612,1,Normal
2026-09-28,16:29:41,DEB-0001,Binary,Binary: /sbin/lpinfo,0.1445949870806098,1,Normal
2026-09-28,16:29:41,DEB-0001,Binary,Binary: /sbin/lpmove,0.1450498810552162,1,Normal
2026-09-28,16:29:41,DEB-0001,Binary,Binary: /sbin/lsmod,0.1450498810552162,1,Normal
2026-09-28,16:29:41,DEB-0001,Binary,Binary: /sbin/lspcmcia,0.14532936254558637,1,Normal
2026-09-28,16:29:41,DEB-0001,Binary,Binary: /sbin/lynis,0.14605504595644353,1,Normal
2026-09-28,16:29:42,DEB-0001,Binary,Binary: /sbin/make-ssl-cert,0.1456667974867007,1,Normal
2026-09-28,16:29:42,DEB-0001,Binary,Binary: /sbin/mdflush-bpfcc,0.1456667974867007,1,Normal
2026-09-28,16:29:42,DEB-0001,Binary,Binary: /sbin/mdflush.bt,0.1456667974867007,1,Normal
2026-09-28,16:29:42,DEB-0001,Binary,Binary: /sbin/memleak-bpfcc,0.14551661312405068,1,Normal
2026-09-28,16:29:42,DEB-0001,Binary,Binary: /sbin/mkdosfs,0.1451669343655222,1,Normal
2026-09-28,16:29:42,DEB-0001,Binary,Binary: /sbin/mke2fs,0.14536637794646362,1,Normal
2026-09-28,16:29:42,DEB-0001,Binary,Binary: /sbin/mkfs,0.14551661312405068,1,Normal
2026-09-28,16:29:42,DEB-0001,Binary,Binary: /sbin/mkfs.exfat,0.14551661312405068,1,Normal
2026-09-28,16:29:42,DEB-0001,Binary,Binary: /sbin/mkfs.ext2,0.14462288452816596,1,Normal
2026-09-28,16:29:42,DEB-0001,Binary,Binary: /sbin/mkfs.ext3,0.1450300802473562,1,Normal
2026-09-28,16:29:42,DEB-0001,Binary,Binary: /sbin/mkfs.ext4,0.1450300802473562,1,Normal
2026-09-28,16:29:43,DEB-0001,Binary,Binary: /sbin/mkfs.fat,0.1424145299798057,1,Normal
2026-09-28,16:29:43,DEB-0001,Binary,Binary: /sbin/mkfs.msdos,0.14205465077520624,1,Normal
2026-09-28,16:29:43,DEB-0001,Binary,Binary: /sbin/mkfs.ntfs,0.142152169360085,1,Normal
2026-09-28,16:29:43,DEB-0001,Binary,Binary: /sbin/mkfs.vfat,0.14179984101833099,1,Normal
2026-09-28,16:29:43,DEB-0001,Binary,Binary: /sbin/mkhomedir_helper,0.14179984101833099,1,Normal
2026-09-28,16:29:43,DEB-0001,Binary,Binary: /sbin/mkinitramfs,0.14164834826947065,1,Normal
2026-09-28,16:29:43,DEB-0001,Binary,Binary: /sbin/mklost+found,0.14164834826947065,1,Normal
2026-09-28,16:29:43,DEB-0001,Binary,Binary: /sbin/mkntfs,0.14171307030111358,1,Normal
2026-09-28,16:29:43,DEB-0001,Binary,Binary: /sbin/mkswap,0.14110667419527723,1,Normal
2026-09-28,16:29:43,DEB-0001,Binary,Binary: /sbin/modinfo,0.14128980016951315,1,Normal
2026-09-28,16:29:44,DEB-0001,Binary,Binary: /sbin/modprobe,0.14258731557493526,1,Normal
2026-09-28,16:29:44,DEB-0001,Binary,Binary: /sbin/mount.fuse,0.1427384907313038,1,Normal
2026-09-28,16:29:44,DEB-0001,Binary,Binary: /sbin/mount.fuse3,0.1427384907313038,1,Normal
2026-09-28,16:29:44,DEB-0001,Binary,Binary: /sbin/mount.lowntfs-3g,0.1428511696881858,1,Normal
2026-09-28,16:29:44,DEB-0001,Binary,Binary: /sbin/mount.ntfs,0.1422463146697338,1,Normal
2026-09-28,16:29:44,DEB-0001,Binary,Binary: /sbin/mount.ntfs-3g,0.1430335832642492,1,Normal
2026-09-28,16:29:44,DEB-0001,Binary,Binary: /sbin/mount.vboxsf,0.14272780456567502,1,Normal
2026-09-28,16:29:44,DEB-0001,Binary,Binary: /sbin/mountsnoop-bpfcc,0.1427721445950592,1,Normal
2026-09-28,16:29:44,DEB-0001,Binary,Binary: /sbin/mptcpify-bpfcc,0.1427721445950592,1,Normal
2026-09-28,16:29:44,DEB-0001,Binary,Binary: /sbin/mysqld_qslower-bpfcc,0.1427721445950592,1,Normal
2026-09-28,16:29:44,DEB-0001,Binary,Binary: /sbin/naptime.bt,0.14243363925578478,1,Normal
2026-09-28,16:29:45,DEB-0001,Binary,Binary: /sbin/netplan,0.14225998140711088,1,Normal
2026-09-28,16:29:45,DEB-0001,Binary,Binary: /sbin/netqtop-bpfcc,0.1424112672796603,1,Normal
2026-09-28,16:29:45,DEB-0001,Binary,Binary: /sbin/newusers,0.1424112672796603,1,Normal
2026-09-28,16:29:45,DEB-0001,Binary,Binary: /sbin/nfnl_osf,0.14223803837358123,1,Normal
2026-09-28,16:29:45,DEB-0001,Binary,Binary: /sbin/nfsdist-bpfcc,0.1425719338445246,1,Normal
2026-09-28,16:29:45,DEB-0001,Binary,Binary: /sbin/nfsslower-bpfcc,0.1425719338445246,1,Normal
2026-09-28,16:29:45,DEB-0001,Binary,Binary: /sbin/nft,0.1425719338445246,1,Normal
2026-09-28,16:29:45,DEB-0001,Binary,Binary: /sbin/nodegc-bpfcc,0.1425719338445246,1,Normal
2026-09-28,16:29:45,DEB-0001,Binary,Binary: /sbin/nodestat-bpfcc,0.1421624863224233,1,Normal
2026-09-28,16:29:45,DEB-0001,Binary,Binary: /sbin/nologin,0.1421624863224233,1,Normal
2026-09-28,16:29:45,DEB-0001,Binary,Binary: /sbin/ntfsclone,0.1421624863224233,1,Normal
2026-09-28,16:29:46,DEB-0001,Binary,Binary: /sbin/ntfscp,0.14238774799620613,1,Normal
2026-09-28,16:29:46,DEB-0001,Binary,Binary: /sbin/ntfslabel,0.14238774799620613,1,Normal
2026-09-28,16:29:46,DEB-0001,Binary,Binary: /sbin/ntfsresize,0.14264583399123199,1,Normal
2026-09-28,16:29:46,DEB-0001,Binary,Binary: /sbin/ntfsundelete,0.14299284865386197,1,Normal
2026-09-28,16:29:46,DEB-0001,Binary,Binary: /sbin/numasched-bpfcc,0.1431438866443671,1,Normal
2026-09-28,16:29:46,DEB-0001,Binary,Binary: /sbin/offcputime-bpfcc,0.1431438866443671,1,Normal
2026-09-28,16:29:46,DEB-0001,Binary,Binary: /sbin/offwaketime-bpfcc,0.14344580938322538,1,Normal
2026-09-28,16:29:46,DEB-0001,Binary,Binary: /sbin/on_ac_power,0.14389831064523412,1,Normal
2026-09-28,16:29:46,DEB-0001,Binary,Binary: /sbin/oomkill-bpfcc,0.14404904237594895,1,Normal
2026-09-28,16:29:46,DEB-0001,Binary,Binary: /sbin/oomkill.bt,0.14404904237594895,1,Normal
2026-09-28,16:29:46,DEB-0001,Binary,Binary: /sbin/opensnoop-bpfcc,0.14404904237594895,1,Normal
2026-09-28,16:29:47,DEB-0001,Binary,Binary: /sbin/opensnoop.bt,0.14447258436678456,1,Normal
2026-09-28,16:29:47,DEB-0001,Binary,Binary: /sbin/openvpn,0.14447258436678456,1,Normal
2026-09-28,16:29:47,DEB-0001,Binary,Binary: /sbin/ownership,0.14451652486516597,1,Normal
2026-09-28,16:29:47,DEB-0001,Binary,Binary: /sbin/pam-auth-update,0.14451652486516597,1,Normal
2026-09-28,16:29:47,DEB-0001,Binary,Binary: /sbin/pam_extrausers_chkpwd,0.14451652486516597,1,Normal
2026-09-28,16:29:47,DEB-0001,Binary,Binary: /sbin/pam_extrausers_update,0.14421532680287563,1,Normal
2026-09-28,16:29:47,DEB-0001,Binary,Binary: /sbin/pam_getenv,0.1438032550954299,1,Normal
2026-09-28,16:29:47,DEB-0001,Binary,Binary: /sbin/pam_namespace_helper,0.1424170571803301,1,Normal
2026-09-28,16:29:47,DEB-0001,Binary,Binary: /sbin/pam_timestamp_check,0.1424170571803301,1,Normal
2026-09-28,16:29:47,DEB-0001,Binary,Binary: /sbin/paperconfig,0.1424170571803301,1,Normal
2026-09-28,16:29:47,DEB-0001,Binary,Binary: /sbin/parted,0.14103176776482562,1,Normal
2026-09-28,16:29:48,DEB-0001,Binary,Binary: /sbin/partprobe,0.14104484301267933,1,Normal
2026-09-28,16:29:48,DEB-0001,Binary,Binary: /sbin/pccardctl,0.14077319739295224,1,Normal
2026-09-28,16:29:48,DEB-0001,Binary,Binary: /sbin/perlcalls-bpfcc,0.14077319739295224,1,Normal
2026-09-28,16:29:48,DEB-0001,Binary,Binary: /sbin/perlflow-bpfcc,0.14077319739295224,1,Normal
2026-09-28,16:29:48,DEB-0001,Binary,Binary: /sbin/perlstat-bpfcc,0.1410767235652235,1,Normal
2026-09-28,16:29:48,DEB-0001,Binary,Binary: /sbin/phpcalls-bpfcc,0.14148287014332345,1,Normal
2026-09-28,16:29:48,DEB-0001,Binary,Binary: /sbin/phpflow-bpfcc,0.14139349130162931,1,Normal
2026-09-28,16:29:48,DEB-0001,Binary,Binary: /sbin/phpstat-bpfcc,0.1412418610641858,1,Normal
2026-09-28,16:29:48,DEB-0001,Binary,Binary: /sbin/pidpersec-bpfcc,0.1412418610641858,1,Normal
2026-09-28,16:29:48,DEB-0001,Binary,Binary: /sbin/pidpersec.bt,0.14157650014860218,1,Normal
2026-09-28,16:29:49,DEB-0001,Binary,Binary: /sbin/plymouthd,0.14131864398056931,1,Normal
2026-09-28,16:29:49,DEB-0001,Binary,Binary: /sbin/poweroff,0.1414038710556858,1,Normal
2026-09-28,16:29:49,DEB-0001,Binary,Binary: /sbin/ppchcalls-bpfcc,0.1412522443302361,1,Normal
2026-09-28,16:29:49,DEB-0001,Binary,Binary: /sbin/pppd,0.1412522443302361,1,Normal
2026-09-28,16:29:49,DEB-0001,Binary,Binary: /sbin/pppdump,0.13994554703436712,1,Normal
2026-09-28,16:29:49,DEB-0001,Binary,Binary: /sbin/pppoe-discovery,0.14040519442008031,1,Normal
2026-09-28,16:29:49,DEB-0001,Binary,Binary: /sbin/pppstats,0.14050743463139637,1,Normal
2026-09-28,16:29:49,DEB-0001,Binary,Binary: /sbin/pptp,0.14050743463139637,1,Normal
2026-09-28,16:29:49,DEB-0001,Binary,Binary: /sbin/pptpsetup,0.14050743463139637,1,Normal
2026-09-28,16:29:49,DEB-0001,Binary,Binary: /sbin/profile-bpfcc,0.14125300483189046,1,Normal
2026-09-28,16:29:50,DEB-0001,Binary,Binary: /sbin/pwck,0.14091103092476037,1,Normal
2026-09-28,16:29:50,DEB-0001,Binary,Binary: /sbin/pwconv,0.14164481820303232,1,Normal
2026-09-28,16:29:50,DEB-0001,Binary,Binary: /sbin/pwhistory_helper,0.14210272831837184,1,Normal
2026-09-28,16:29:50,DEB-0001,Binary,Binary: /sbin/pwunconv,0.14195133805154614,1,Normal
2026-09-28,16:29:50,DEB-0001,Binary,Binary: /sbin/pythoncalls-bpfcc,0.14210272831837184,1,Normal
2026-09-28,16:29:50,DEB-0001,Binary,Binary: /sbin/pythonflow-bpfcc,0.14264880058261198,1,Normal
2026-09-28,16:29:50,DEB-0001,Binary,Binary: /sbin/pythongc-bpfcc,0.14219503057478677,1,Normal
2026-09-28,16:29:50,DEB-0001,Binary,Binary: /sbin/pythonstat-bpfcc,0.14193668423560585,1,Normal
2026-09-28,16:29:50,DEB-0001,Binary,Binary: /sbin/rcvboxadd,0.1424752845346658,1,Normal
2026-09-28,16:29:51,DEB-0001,Binary,Binary: /sbin/rcvboxadd-service,0.14299093902027266,1,Normal
2026-09-28,16:29:51,DEB-0001,Binary,Binary: /sbin/rdmaucma-bpfcc,0.1429468478890764,1,Normal
2026-09-28,16:29:51,DEB-0001,Binary,Binary: /sbin/readahead-bpfcc,0.1429468478890764,1,Normal
2026-09-28,16:29:51,DEB-0001,Binary,Binary: /sbin/readprofile,0.1430665782867377,1,Normal
2026-09-28,16:29:51,DEB-0001,Binary,Binary: /sbin/reboot,0.1435194642273674,1,Normal
2026-09-28,16:29:51,DEB-0001,Binary,Binary: /sbin/remove-default-ispell,0.1435194642273674,1,Normal
2026-09-28,16:29:51,DEB-0001,Binary,Binary: /sbin/remove-default-wordlist,0.1435194642273674,1,Normal
2026-09-28,16:29:51,DEB-0001,Binary,Binary: /sbin/remove-shell,0.1435194642273674,1,Normal
2026-09-28,16:29:51,DEB-0001,Binary,Binary: /sbin/reset-trace-bpfcc,0.14329319221383408,1,Normal
2026-09-28,16:29:51,DEB-0001,Binary,Binary: /sbin/resize2fs,0.1432707973405553,1,Normal
2026-09-28,16:29:52,DEB-0001,Binary,Binary: /sbin/resolvconf,0.1410506295037971,1,Normal
2026-09-28,16:29:52,DEB-0001,Binary,Binary: /sbin/rfkill,0.1410506295037971,1,Normal
2026-09-28,16:29:52,DEB-0001,Binary,Binary: /sbin/rmmod,0.1410506295037971,1,Normal
2026-09-28,16:29:52,DEB-0001,Binary,Binary: /sbin/rmt,0.1410506295037971,1,Normal
2026-09-28,16:29:52,DEB-0001,Binary,Binary: /sbin/rmt-tar,0.1410506295037971,1,Normal
2026-09-28,16:29:52,DEB-0001,Binary,Binary: /sbin/rsyslogd,0.1416606869268205,1,Normal
2026-09-28,16:29:52,DEB-0001,Binary,Binary: /sbin/rtacct,0.14132611073199958,1,Normal
2026-09-28,16:29:52,DEB-0001,Binary,Binary: /sbin/rtcwake,0.14132611073199958,1,Normal
2026-09-28,16:29:52,DEB-0001,Binary,Binary: /sbin/rtkitctl,0.1414777124731773,1,Normal
2026-09-28,16:29:53,DEB-0001,Binary,Binary: /sbin/rtmon,0.1422814898286076,1,Normal
2026-09-28,16:29:53,DEB-0001,Binary,Binary: /sbin/rubycalls-bpfcc,0.1422814898286076,1,Normal
2026-09-28,16:29:53,DEB-0001,Binary,Binary: /sbin/rubyflow-bpfcc,0.1422814898286076,1,Normal
2026-09-28,16:29:53,DEB-0001,Binary,Binary: /sbin/rubygc-bpfcc,0.14145957940692178,1,Normal
2026-09-28,16:29:53,DEB-0001,Binary,Binary: /sbin/rubyobjnew-bpfcc,0.14256885014302945,1,Normal
2026-09-28,16:29:53,DEB-0001,Binary,Binary: /sbin/rubystat-bpfcc,0.14289151419225088,1,Normal
2026-09-28,16:29:53,DEB-0001,Binary,Binary: /sbin/runqlat-bpfcc,0.14312990400027575,1,Normal
2026-09-28,16:29:53,DEB-0001,Binary,Binary: /sbin/runqlat.bt,0.14312990400027575,1,Normal
2026-09-28,16:29:53,DEB-0001,Binary,Binary: /sbin/runqlen-bpfcc,0.14271982140805867,1,Normal
2026-09-28,16:29:53,DEB-0001,Binary,Binary: /sbin/runqlen.bt,0.14328612764548065,1,Normal
2026-09-28,16:29:54,DEB-0001,Binary,Binary: /sbin/runqslower-bpfcc,0.1417523108134735,1,Normal
2026-09-28,16:29:54,DEB-0001,Binary,Binary: /sbin/runuser,0.1415904406414279,1,Normal
2026-09-28,16:29:54,DEB-0001,Binary,Binary: /sbin/saned,0.14240053909472788,1,Normal
2026-09-28,16:29:54,DEB-0001,Binary,Binary: /sbin/select-default-ispell,0.14209790890099677,1,Normal
2026-09-28,16:29:54,DEB-0001,Binary,Binary: /sbin/select-default-wordlist,0.14196897833253885,1,Normal
2026-09-28,16:29:54,DEB-0001,Binary,Binary: /sbin/service,0.14196897833253885,1,Normal
2026-09-28,16:29:54,DEB-0001,Binary,Binary: /sbin/setcap,0.14196897833253885,1,Normal
2026-09-28,16:29:54,DEB-0001,Binary,Binary: /sbin/setuids.bt,0.14196897833253885,1,Normal
2026-09-28,16:29:54,DEB-0001,Binary,Binary: /sbin/setvesablank,0.1413567977018309,1,Normal
2026-09-28,16:29:55,DEB-0001,Binary,Binary: /sbin/setvtrgb,0.14288849966926215,1,Normal
2026-09-28,16:29:55,DEB-0001,Binary,Binary: /sbin/sfdisk,0.14288849966926215,1,Normal
2026-09-28,16:29:55,DEB-0001,Binary,Binary: /sbin/sgdisk,0.14230613960747523,1,Normal
2026-09-28,16:29:55,DEB-0001,Binary,Binary: /sbin/shadowconfig,0.14230613960747523,1,Normal
2026-09-28,16:29:55,DEB-0001,Binary,Binary: /sbin/shmsnoop-bpfcc,0.14146325188572623,1,Normal
2026-09-28,16:29:55,DEB-0001,Binary,Binary: /sbin/shutdown,0.14210107208110312,1,Normal
2026-09-28,16:29:55,DEB-0001,Binary,Binary: /sbin/slabratetop-bpfcc,0.14225241170249825,1,Normal
2026-09-28,16:29:55,DEB-0001,Binary,Binary: /sbin/sofdsnoop-bpfcc,0.14148233200083177,1,Normal
2026-09-28,16:29:55,DEB-0001,Binary,Binary: /sbin/softirqs-bpfcc,0.14169672602905464,1,Normal
2026-09-28,16:29:56,DEB-0001,Binary,Binary: /sbin/solisten-bpfcc,0.13991123096206165,1,Normal
2026-09-28,16:29:56,DEB-0001,Binary,Binary: /sbin/spice-vdagentd,0.13991123096206165,1,Normal
2026-09-28,16:29:56,DEB-0001,Binary,Binary: /sbin/ssllatency.bt,0.14026504546086827,1,Normal
2026-09-28,16:29:56,DEB-0001,Binary,Binary: /sbin/sslsniff-bpfcc,0.14046100022444585,1,Normal
2026-09-28,16:29:56,DEB-0001,Binary,Binary: /sbin/sslsnoop.bt,0.14046100022444585,1,Normal
2026-09-28,16:29:56,DEB-0001,Binary,Binary: /sbin/sssd,0.14076473755360802,1,Normal
2026-09-28,16:29:56,DEB-0001,Binary,Binary: /sbin/stackcount-bpfcc,0.14134910473715417,1,Normal
2026-09-28,16:29:56,DEB-0001,Binary,Binary: /sbin/start-stop-daemon,0.1415321317102315,1,Normal
2026-09-28,16:29:56,DEB-0001,Binary,Binary: /sbin/statsnoop-bpfcc,0.14194855203633128,1,Normal
2026-09-28,16:29:57,DEB-0001,Binary,Binary: /sbin/statsnoop.bt,0.14271339753948536,1,Normal
2026-09-28,16:29:57,DEB-0001,Binary,Binary: /sbin/sudo_logsrvd,0.14271339753948536,1,Normal
2026-09-28,16:29:57,DEB-0001,Binary,Binary: /sbin/sudo_sendlog.ws,0.14271339753948536,1,Normal
2026-09-28,16:29:57,DEB-0001,Binary,Binary: /sbin/sulogin,0.14235529079141512,1,Normal
2026-09-28,16:29:57,DEB-0001,Binary,Binary: /sbin/swapin.bt,0.14281247454653517,1,Normal
2026-09-28,16:29:57,DEB-0001,Binary,Binary: /sbin/swaplabel,0.14311462143844544,1,Normal
2026-09-28,16:29:57,DEB-0001,Binary,Binary: /sbin/swapoff,0.14270567104926601,1,Normal
2026-09-28,16:29:57,DEB-0001,Binary,Binary: /sbin/swapon,0.14197168922523173,1,Normal
2026-09-28,16:29:57,DEB-0001,Binary,Binary: /sbin/syncsnoop-bpfcc,0.14169124404649736,1,Normal
2026-09-28,16:29:57,DEB-0001,Binary,Binary: /sbin/syncsnoop.bt,0.14214910669781583,1,Normal
2026-09-28,16:29:58,DEB-0001,Binary,Binary: /sbin/syscount-bpfcc,0.14361645565069797,1,Normal
2026-09-28,16:29:58,DEB-0001,Binary,Binary: /sbin/syscount.bt,0.1429969216107177,1,Normal
2026-09-28,16:29:58,DEB-0001,Binary,Binary: /sbin/sysctl,0.1431479582236025,1,Normal
2026-09-28,16:29:58,DEB-0001,Binary,Binary: /sbin/tarcat,0.1431479582236025,1,Normal
2026-09-28,16:29:58,DEB-0001,Binary,Binary: /sbin/tc,0.1431479582236025,1,Normal
2026-09-28,16:29:58,DEB-0001,Binary,Binary: /sbin/tclcalls-bpfcc,0.1431479582236025,1,Normal
2026-09-28,16:29:58,DEB-0001,Binary,Binary: /sbin/tclflow-bpfcc,0.14350282961834243,1,Normal
2026-09-28,16:29:58,DEB-0001,Binary,Binary: /sbin/tclobjnew-bpfcc,0.14350282961834243,1,Normal
2026-09-28,16:29:59,DEB-0001,Binary,Binary: /sbin/tclstat-bpfcc,0.14458359134827053,1,Normal
2026-09-28,16:29:59,DEB-0001,Binary,Binary: /sbin/tcpaccept-bpfcc,0.14475105970057306,1,Normal
2026-09-28,16:29:59,DEB-0001,Binary,Binary: /sbin/tcpaccept.bt,0.1449015030009071,1,Normal
2026-09-28,16:29:59,DEB-0001,Binary,Binary: /sbin/tcpcong-bpfcc,0.1449015030009071,1,Normal
2026-09-28,16:29:59,DEB-0001,Binary,Binary: /sbin/tcpconnect-bpfcc,0.1449015030009071,1,Normal
2026-09-28,16:29:59,DEB-0001,Binary,Binary: /sbin/tcpconnect.bt,0.14571629139596315,1,Normal
2026-09-28,16:29:59,DEB-0001,Binary,Binary: /sbin/tcpconnlat-bpfcc,0.14657060786437665,1,Normal
2026-09-28,16:29:59,DEB-0001,Binary,Binary: /sbin/tcpdrop-bpfcc,0.1472139473277556,1,Normal
2026-09-28,16:30:00,DEB-0001,Binary,Binary: /sbin/tcpdrop.bt,0.1476990816767907,1,Normal
2026-09-28,16:30:00,DEB-0001,Binary,Binary: /sbin/tcplife-bpfcc,0.14797576470930474,1,Normal
2026-09-28,16:30:00,DEB-0001,Binary,Binary: /sbin/tcplife.bt,0.14822003708735504,1,Normal
2026-09-28,16:30:00,DEB-0001,Binary,Binary: /sbin/tcpretrans-bpfcc,0.14822003708735504,1,Normal
2026-09-28,16:30:00,DEB-0001,Binary,Binary: /sbin/tcpretrans.bt,0.1485220571349049,1,Normal
2026-09-28,16:30:00,DEB-0001,Binary,Binary: /sbin/tcprtt-bpfcc,0.1485220571349049,1,Normal
2026-09-28,16:30:00,DEB-0001,Binary,Binary: /sbin/tcpstates-bpfcc,0.14802540944079634,1,Normal
2026-09-28,16:30:00,DEB-0001,Binary,Binary: /sbin/tcpsubnet-bpfcc,0.14824112307335835,1,Normal
2026-09-28,16:30:00,DEB-0001,Binary,Binary: /sbin/tcpsynbl-bpfcc,0.14921924805449743,1,Normal
2026-09-28,16:30:01,DEB-0001,Binary,Binary: /sbin/tcpsynbl.bt,0.1473634682303906,1,Normal
2026-09-28,16:30:01,DEB-0001,Binary,Binary: /sbin/tcptop-bpfcc,0.1473634682303906,1,Normal
2026-09-28,16:30:01,DEB-0001,Binary,Binary: /sbin/tcptracer-bpfcc,0.14734714794377102,1,Normal
2026-09-28,16:30:01,DEB-0001,Binary,Binary: /sbin/thermald,0.14734714794377102,1,Normal
2026-09-28,16:30:01,DEB-0001,Binary,Binary: /sbin/threadsnoop-bpfcc,0.14734714794377102,1,Normal
2026-09-28,16:30:01,DEB-0001,Binary,Binary: /sbin/threadsnoop.bt,0.14734714794377102,1,Normal
2026-09-28,16:30:01,DEB-0001,Binary,Binary: /sbin/tipc,0.14734714794377102,1,Normal
2026-09-28,16:30:01,DEB-0001,Binary,Binary: /sbin/tplist-bpfcc,0.14734714794377102,1,Normal
2026-09-28,16:30:02,DEB-0001,Binary,Binary: /sbin/trace-bpfcc,0.147259305747658,1,Normal
2026-09-28,16:30:02,DEB-0001,Binary,Binary: /sbin/ttysnoop-bpfcc,0.14707861853135984,1,Normal
2026-09-28,16:30:02,DEB-0001,Binary,Binary: /sbin/tune.exfat,0.14677915453313778,1,Normal
2026-09-28,16:30:02,DEB-0001,Binary,Binary: /sbin/tune2fs,0.14677915453313778,1,Normal
2026-09-28,16:30:02,DEB-0001,Binary,Binary: /sbin/u-d-c-print-pci-ids,0.14632957846456296,1,Normal
2026-09-28,16:30:02,DEB-0001,Binary,Binary: /sbin/ucalls,0.14632957846456296,1,Normal
2026-09-28,16:30:02,DEB-0001,Binary,Binary: /sbin/uflow,0.14632957846456296,1,Normal
2026-09-28,16:30:02,DEB-0001,Binary,Binary: /sbin/ufw,0.1458795458988592,1,Normal
2026-09-28,16:30:03,DEB-0001,Binary,Binary: /sbin/ugc,0.1461637764397235,1,Normal
2026-09-28,16:30:03,DEB-0001,Binary,Binary: /sbin/umount.udisks2,0.1461637764397235,1,Normal
2026-09-28,16:30:03,DEB-0001,Binary,Binary: /sbin/undump.bt,0.1461637764397235,1,Normal
2026-09-28,16:30:03,DEB-0001,Binary,Binary: /sbin/unix_chkpwd,0.14555985269748778,1,Normal
2026-09-28,16:30:03,DEB-0001,Binary,Binary: /sbin/unix_update,0.14577161458343307,1,Normal
2026-09-28,16:30:03,DEB-0001,Binary,Binary: /sbin/uobjnew,0.14577161458343307,1,Normal
2026-09-28,16:30:03,DEB-0001,Binary,Binary: /sbin/update-ca-certificates,0.1463768389352496,1,Normal
2026-09-28,16:30:03,DEB-0001,Binary,Binary: /sbin/update-catalog,0.14561836498448488,1,Normal
2026-09-28,16:30:04,DEB-0001,Binary,Binary: /sbin/update-cracklib,0.14442902591660056,1,Normal
2026-09-28,16:30:04,DEB-0001,Binary,Binary: /sbin/update-default-aspell,0.14442902591660056,1,Normal
2026-09-28,16:30:04,DEB-0001,Binary,Binary: /sbin/update-default-ispell,0.14457957814033512,1,Normal
2026-09-28,16:30:04,DEB-0001,Binary,Binary: /sbin/update-default-wordlist,0.14457957814033512,1,Normal
2026-09-28,16:30:04,DEB-0001,Binary,Binary: /sbin/update-dictcommon-aspell,0.14363091588151528,1,Normal
2026-09-28,16:30:04,DEB-0001,Binary,Binary: /sbin/update-dictcommon-hunspell,0.14363091588151528,1,Normal
2026-09-28,16:30:04,DEB-0001,Binary,Binary: /sbin/update-fonts-alias,0.14363091588151528,1,Normal
2026-09-28,16:30:05,DEB-0001,Binary,Binary: /sbin/update-fonts-dir,0.1433215564672734,1,Normal
2026-09-28,16:30:05,DEB-0001,Binary,Binary: /sbin/update-fonts-scale,0.14317796701694224,1,Normal
2026-09-28,16:30:05,DEB-0001,Binary,Binary: /sbin/update-grub,0.14332894239376331,1,Normal
2026-09-28,16:30:05,DEB-0001,Binary,Binary: /sbin/update-grub-gfxpayload,0.14411843222850895,1,Normal
2026-09-28,16:30:05,DEB-0001,Binary,Binary: /sbin/update-grub2,0.14376765236771605,1,Normal
2026-09-28,16:30:06,DEB-0001,Binary,Binary: /sbin/update-gsfontmap,0.14330056800256435,1,Normal
2026-09-28,16:30:06,DEB-0001,Binary,Binary: /sbin/update-icon-caches,0.14288540553800566,1,Normal
2026-09-28,16:30:06,DEB-0001,Binary,Binary: /sbin/update-ieee-data,0.14288540553800566,1,Normal
2026-09-28,16:30:06,DEB-0001,Binary,Binary: /sbin/update-inetd,0.14231180368210739,1,Normal
2026-09-28,16:30:07,DEB-0001,Binary,Binary: /sbin/update-info-dir,0.14312118862324152,1,Normal
2026-09-28,16:30:07,DEB-0001,Binary,Binary: /sbin/update-initramfs,0.14312118862324152,1,Normal
2026-09-28,16:30:07,DEB-0001,Binary,Binary: /sbin/update-locale,0.1434231267140762,1,Normal
2026-09-28,16:30:07,DEB-0001,Binary,Binary: /sbin/update-passwd,0.1434231267140762,1,Normal
2026-09-28,16:30:07,DEB-0001,Binary,Binary: /sbin/update-pciids,0.1439458219867265,1,Normal
2026-09-28,16:30:07,DEB-0001,Binary,Binary: /sbin/update-rc.d,0.1439458219867265,1,Normal
2026-09-28,16:30:07,DEB-0001,Binary,Binary: /sbin/update-shells,0.1432814269867887,1,Normal
2026-09-28,16:30:08,DEB-0001,Binary,Binary: /sbin/update-xmlcatalog,0.14523247375849474,1,Normal
2026-09-28,16:30:08,DEB-0001,Binary,Binary: /sbin/usb_modeswitch,0.1451356265989729,1,Normal
2026-09-28,16:30:08,DEB-0001,Binary,Binary: /sbin/usb_modeswitch_dispatcher,0.1441484302752833,1,Normal
2026-09-28,16:30:08,DEB-0001,Binary,Binary: /sbin/usbmuxd,0.1439619785945357,1,Normal
2026-09-28,16:30:08,DEB-0001,Binary,Binary: /sbin/useradd,0.14338621022495118,1,Normal
2026-09-28,16:30:08,DEB-0001,Binary,Binary: /sbin/userdel,0.14338621022495118,1,Normal
2026-09-28,16:30:08,DEB-0001,Binary,Binary: /sbin/usermod,0.14321683381023315,1,Normal
2026-09-28,16:30:08,DEB-0001,Binary,Binary: /sbin/ustat,0.14321683381023315,1,Normal
2026-09-28,16:30:08,DEB-0001,Binary,Binary: /sbin/uthreads,0.1425484435616295,1,Normal
2026-09-28,16:30:08,DEB-0001,Binary,Binary: /sbin/uuidd,0.14209457165182326,1,Normal
2026-09-28,16:30:09,DEB-0001,Binary,Binary: /sbin/validlocale,0.14146449970567065,1,Normal
2026-09-28,16:30:09,DEB-0001,Binary,Binary: /sbin/vbox-uninstall-guest-additions,0.14166560501723552,1,Normal
2026-09-28,16:30:09,DEB-0001,Binary,Binary: /sbin/vcstime,0.1416500329815077,1,Normal
2026-09-28,16:30:09,DEB-0001,Binary,Binary: /sbin/vdpa,0.1416500329815077,1,Normal
2026-09-28,16:30:09,DEB-0001,Binary,Binary: /sbin/vfscount-bpfcc,0.1416500329815077,1,Normal
2026-09-28,16:30:09,DEB-0001,Binary,Binary: /sbin/vfscount.bt,0.14180152516053784,1,Normal
2026-09-28,16:30:09,DEB-0001,Binary,Binary: /sbin/vfsstat-bpfcc,0.14180152516053784,1,Normal
2026-09-28,16:30:09,DEB-0001,Binary,Binary: /sbin/vfsstat.bt,0.14180152516053784,1,Normal
2026-09-28,16:30:09,DEB-0001,Binary,Binary: /sbin/vigr,0.14149848954504035,1,Normal
2026-09-28,16:30:10,DEB-0001,Binary,Binary: /sbin/vipw,0.14239214413308876,1,Normal
2026-09-28,16:30:10,DEB-0001,Binary,Binary: /sbin/virtiostat-bpfcc,0.14239214413308876,1,Normal
2026-09-28,16:30:10,DEB-0001,Binary,Binary: /sbin/visudo,0.14224085179021545,1,Normal
2026-09-28,16:30:10,DEB-0001,Binary,Binary: /sbin/visudo.ws,0.14303322669572016,1,Normal
2026-09-28,16:30:10,DEB-0001,Binary,Binary: /sbin/vmcore-dmesg,0.14303322669572016,1,Normal
2026-09-28,16:30:10,DEB-0001,Binary,Binary: /sbin/vpddecode,0.1426336323049731,1,Normal
2026-09-28,16:30:10,DEB-0001,Binary,Binary: /sbin/wakeuptime-bpfcc,0.14304379399997952,1,Normal
2026-09-28,16:30:10,DEB-0001,Binary,Binary: /sbin/wipefs,0.14304379399997952,1,Normal
2026-09-28,16:30:10,DEB-0001,Binary,Binary: /sbin/wpa_action,0.14289272214308957,1,Normal
2026-09-28,16:30:10,DEB-0001,Binary,Binary: /sbin/wpa_cli,0.14207860155544555,1,Normal
2026-09-28,16:30:10,DEB-0001,Binary,Binary: /sbin/wpa_supplicant,0.14079012926746404,1,Normal
2026-09-28,16:30:11,DEB-0001,Binary,Binary: /sbin/wqlat-bpfcc,0.14008631172038039,1,Normal
2026-09-28,16:30:11,DEB-0001,Binary,Binary: /sbin/writeback.bt,0.14021095367336056,1,Normal
2026-09-28,16:30:11,DEB-0001,Binary,Binary: /sbin/xfsdist-bpfcc,0.14021095367336056,1,Normal
2026-09-28,16:30:11,DEB-0001,Binary,Binary: /sbin/xfsdist.bt,0.14037190508520725,1,Normal
2026-09-28,16:30:11,DEB-0001,Binary,Binary: /sbin/xfsslower-bpfcc,0.14118641832366424,1,Normal
2026-09-28,16:30:11,DEB-0001,Binary,Binary: /sbin/xtables-legacy-multi,0.14124223233990163,1,Normal
2026-09-28,16:30:11,DEB-0001,Binary,Binary: /sbin/xtables-monitor,0.14124223233990163,1,Normal
2026-09-28,16:30:11,DEB-0001,Binary,Binary: /sbin/xtables-nft-multi,0.14124223233990163,1,Normal
2026-09-28,16:30:11,DEB-0001,Binary,Binary: /sbin/zfsdist-bpfcc,0.1410905509239303,1,Normal
2026-09-28,16:30:11,DEB-0001,Binary,Binary: /sbin/zfsslower-bpfcc,0.14124223233990169,1,Normal
2026-09-28,16:30:11,DEB-0001,Binary,Binary: /sbin/zic,0.14115682247681993,1,Normal
2026-09-28,16:30:11,DEB-0001,Binary,Binary: /sbin/zramctl,0.14133992797204387,1,Normal
2026-09-28,16:30:11,DEB-0001,Test,Test: Checking binaries in directory /usr/bin,-0.12481297230820243,-1,Anomalía
2026-09-28,16:30:12,DEB-0001,Info,Directory /usr/bin exists. Starting directory scanning...,-0.03594025783583921,-1,Anomalía
2026-09-28,16:30:12,DEB-0001,Binary,Binary: /usr/bin/3cpio,0.14281457557484634,1,Normal
2026-09-28,16:30:12,DEB-0001,Binary,Binary: /usr/bin/GET,0.14311672104571044,1,Normal
2026-09-28,16:30:12,DEB-0001,Binary,Binary: /usr/bin/HEAD,0.14311672104571044,1,Normal
2026-09-28,16:30:12,DEB-0001,Binary,Binary: /usr/bin/POST,0.14333140109669634,1,Normal
2026-09-28,16:30:12,DEB-0001,Binary,Binary: /usr/bin/VBoxAudioTest,0.14318042655177832,1,Normal
2026-09-28,16:30:12,DEB-0001,Binary,Binary: /usr/bin/VBoxClient,0.14333140109669634,1,Normal
2026-09-28,16:30:12,DEB-0001,Binary,Binary: /usr/bin/VBoxClient-all,0.14333140109669634,1,Normal
2026-09-28,16:30:12,DEB-0001,Binary,Binary: /usr/bin/VBoxControl,0.14397944497947845,1,Normal
2026-09-28,16:30:12,DEB-0001,Binary,Binary: /usr/bin/VBoxDRMClient,0.14330009432751456,1,Normal
2026-09-28,16:30:12,DEB-0001,Binary,Binary: /usr/bin/X11,0.14266449583195429,1,Normal
2026-09-28,16:30:12,DEB-0001,Binary,Binary: /usr/bin/Xwayland,0.1431694489054175,1,Normal
2026-09-28,16:30:13,DEB-0001,Binary,Binary: /usr/bin/[,0.14541327916704255,1,Normal
2026-09-28,16:30:13,DEB-0001,Binary,Binary: /usr/bin/aa-enabled,0.14541327916704255,1,Normal
2026-09-28,16:30:13,DEB-0001,Binary,Binary: /usr/bin/aa-exec,0.14600095280090902,1,Normal
2026-09-28,16:30:13,DEB-0001,Binary,Binary: /usr/bin/aa-features-abi,0.14600095280090902,1,Normal
2026-09-28,16:30:13,DEB-0001,Binary,Binary: /usr/bin/aconnect,0.14629663725668107,1,Normal
2026-09-28,16:30:13,DEB-0001,Binary,Binary: /usr/bin/acpidbg,0.14629663725668107,1,Normal
2026-09-28,16:30:13,DEB-0001,Binary,Binary: /usr/bin/add-apt-repository,0.14688315415918712,1,Normal
2026-09-28,16:30:13,DEB-0001,Binary,Binary: /usr/bin/addr2line,0.14730997652310407,1,Normal
2026-09-28,16:30:13,DEB-0001,Binary,Binary: /usr/bin/airscan-discover,0.14730997652310407,1,Normal
2026-09-28,16:30:13,DEB-0001,Binary,Binary: /usr/bin/alsabat,0.1471293100076419,1,Normal
2026-09-28,16:30:13,DEB-0001,Binary,Binary: /usr/bin/alsaloop,0.1471293100076419,1,Normal
2026-09-28,16:30:13,DEB-0001,Binary,Binary: /usr/bin/alsamixer,0.1471293100076419,1,Normal
2026-09-28,16:30:13,DEB-0001,Binary,Binary: /usr/bin/alsatplg,0.14810462709739297,1,Normal
2026-09-28,16:30:14,DEB-0001,Binary,Binary: /usr/bin/alsaucm,0.14945673011178118,1,Normal
2026-09-28,16:30:14,DEB-0001,Binary,Binary: /usr/bin/amidi,0.14945673011178118,1,Normal
2026-09-28,16:30:14,DEB-0001,Binary,Binary: /usr/bin/amixer,0.14945673011178118,1,Normal
2026-09-28,16:30:14,DEB-0001,Binary,Binary: /usr/bin/aplay,0.1500518347918383,1,Normal
2026-09-28,16:30:14,DEB-0001,Binary,Binary: /usr/bin/aplaymidi,0.1500518347918383,1,Normal
2026-09-28,16:30:14,DEB-0001,Binary,Binary: /usr/bin/aplaymidi2,0.15107626993583062,1,Normal
2026-09-28,16:30:14,DEB-0001,Binary,Binary: /usr/bin/apport-bug,0.1507830241097008,1,Normal
2026-09-28,16:30:14,DEB-0001,Binary,Binary: /usr/bin/apport-cli,0.1507830241097008,1,Normal
2026-09-28,16:30:14,DEB-0001,Binary,Binary: /usr/bin/apport-collect,0.15067961025134685,1,Normal
2026-09-28,16:30:14,DEB-0001,Binary,Binary: /usr/bin/apport-unpack,0.15108532493932186,1,Normal
2026-09-28,16:30:15,DEB-0001,Binary,Binary: /usr/bin/appres,0.15198541967086704,1,Normal
2026-09-28,16:30:15,DEB-0001,Binary,Binary: /usr/bin/appstreamcli,0.15198541967086704,1,Normal
2026-09-28,16:30:15,DEB-0001,Binary,Binary: /usr/bin/apropos,0.15198541967086704,1,Normal
2026-09-28,16:30:15,DEB-0001,Binary,Binary: /usr/bin/apt,0.1522594185712064,1,Normal
2026-09-28,16:30:15,DEB-0001,Binary,Binary: /usr/bin/apt-add-repository,0.1522594185712064,1,Normal
2026-09-28,16:30:15,DEB-0001,Binary,Binary: /usr/bin/apt-cache,0.15174541573578088,1,Normal
2026-09-28,16:30:15,DEB-0001,Binary,Binary: /usr/bin/apt-cdrom,0.15205058671439675,1,Normal
2026-09-28,16:30:15,DEB-0001,Binary,Binary: /usr/bin/apt-config,0.15232454480671798,1,Normal
2026-09-28,16:30:15,DEB-0001,Binary,Binary: /usr/bin/apt-get,0.1518933153374863,1,Normal
2026-09-28,16:30:15,DEB-0001,Binary,Binary: /usr/bin/apt-mark,0.1517979200662703,1,Normal
2026-09-28,16:30:15,DEB-0001,Binary,Binary: /usr/bin/aptdcon,0.15174342025804066,1,Normal
2026-09-28,16:30:15,DEB-0001,Binary,Binary: /usr/bin/ar,0.15229828983500493,1,Normal
2026-09-28,16:30:16,DEB-0001,Binary,Binary: /usr/bin/arch,0.15475760645484626,1,Normal
2026-09-28,16:30:16,DEB-0001,Binary,Binary: /usr/bin/arecord,0.1541883378598467,1,Normal
2026-09-28,16:30:16,DEB-0001,Binary,Binary: /usr/bin/arecordmidi,0.15445186306719605,1,Normal
2026-09-28,16:30:16,DEB-0001,Binary,Binary: /usr/bin/arecordmidi2,0.15442133653049628,1,Normal
2026-09-28,16:30:16,DEB-0001,Binary,Binary: /usr/bin/arm2hpdl,0.1547637329519433,1,Normal
2026-09-28,16:30:16,DEB-0001,Binary,Binary: /usr/bin/as,0.15503599205479596,1,Normal
2026-09-28,16:30:16,DEB-0001,Binary,Binary: /usr/bin/aseqdump,0.15506429236163677,1,Normal
2026-09-28,16:30:16,DEB-0001,Binary,Binary: /usr/bin/aseqnet,0.15548322622247807,1,Normal
2026-09-28,16:30:16,DEB-0001,Binary,Binary: /usr/bin/aseqsend,0.15548322622247807,1,Normal
2026-09-28,16:30:16,DEB-0001,Binary,Binary: /usr/bin/aspell,0.15521124735599784,1,Normal
2026-09-28,16:30:16,DEB-0001,Binary,Binary: /usr/bin/aspell-import,0.15503380879412554,1,Normal
2026-09-28,16:30:16,DEB-0001,Binary,Binary: /usr/bin/awk,0.15503380879412554,1,Normal
2026-09-28,16:30:16,DEB-0001,Binary,Binary: /usr/bin/axfer,0.15633889522404537,1,Normal
2026-09-28,16:30:17,DEB-0001,Binary,Binary: /usr/bin/b2sum,0.1547880815066947,1,Normal
2026-09-28,16:30:17,DEB-0001,Binary,Binary: /usr/bin/baobab,0.15508212860723408,1,Normal
2026-09-28,16:30:17,DEB-0001,Binary,Binary: /usr/bin/base32,0.15508212860723408,1,Normal
2026-09-28,16:30:17,DEB-0001,Binary,Binary: /usr/bin/base64,0.15508212860723408,1,Normal
2026-09-28,16:30:17,DEB-0001,Binary,Binary: /usr/bin/basename,0.15522907756873572,1,Normal
2026-09-28,16:30:17,DEB-0001,Binary,Binary: /usr/bin/basenc,0.15522907756873572,1,Normal
2026-09-28,16:30:17,DEB-0001,Binary,Binary: /usr/bin/bash,0.15567715112589386,1,Normal
2026-09-28,16:30:17,DEB-0001,Binary,Binary: /usr/bin/bashbug,0.15553035377025276,1,Normal
2026-09-28,16:30:17,DEB-0001,Binary,Binary: /usr/bin/bc,0.15543294803989693,1,Normal
2026-09-28,16:30:17,DEB-0001,Binary,Binary: /usr/bin/bdftopcf,0.15517681628432178,1,Normal
2026-09-28,16:30:17,DEB-0001,Binary,Binary: /usr/bin/bdftruncate,0.1553237332190478,1,Normal
2026-09-28,16:30:17,DEB-0001,Binary,Binary: /usr/bin/bluemoon,0.1553237332190478,1,Normal
2026-09-28,16:30:17,DEB-0001,Binary,Binary: /usr/bin/bluetooth-sendto,0.15576765853064295,1,Normal
2026-09-28,16:30:17,DEB-0001,Binary,Binary: /usr/bin/bluetoothctl,0.15576765853064295,1,Normal
2026-09-28,16:30:18,DEB-0001,Binary,Binary: /usr/bin/boltctl,0.15706287084168807,1,Normal
2026-09-28,16:30:18,DEB-0001,Binary,Binary: /usr/bin/bpftrace,0.15709321205638566,1,Normal
2026-09-28,16:30:18,DEB-0001,Binary,Binary: /usr/bin/bpftrace-aotrt,0.15709321205638566,1,Normal
2026-09-28,16:30:18,DEB-0001,Binary,Binary: /usr/bin/brltty,0.15710634371456295,1,Normal
2026-09-28,16:30:18,DEB-0001,Binary,Binary: /usr/bin/brltty-atb,0.15710634371456295,1,Normal
2026-09-28,16:30:18,DEB-0001,Binary,Binary: /usr/bin/brltty-clip,0.15667275023499228,1,Normal
2026-09-28,16:30:18,DEB-0001,Binary,Binary: /usr/bin/brltty-ctb,0.15681916119108796,1,Normal
2026-09-28,16:30:18,DEB-0001,Binary,Binary: /usr/bin/brltty-hid,0.15681916119108796,1,Normal
2026-09-28,16:30:18,DEB-0001,Binary,Binary: /usr/bin/brltty-ktb,0.15681916119108796,1,Normal
2026-09-28,16:30:18,DEB-0001,Binary,Binary: /usr/bin/brltty-lscmds,0.15634938842097829,1,Normal
2026-09-28,16:30:18,DEB-0001,Binary,Binary: /usr/bin/brltty-morse,0.15682178680736292,1,Normal
2026-09-28,16:30:18,DEB-0001,Binary,Binary: /usr/bin/brltty-trtxt,0.15682178680736292,1,Normal
2026-09-28,16:30:18,DEB-0001,Binary,Binary: /usr/bin/brltty-ttb,0.15682178680736292,1,Normal
2026-09-28,16:30:18,DEB-0001,Binary,Binary: /usr/bin/brltty-tune,0.15638274827404558,1,Normal
2026-09-28,16:30:18,DEB-0001,Binary,Binary: /usr/bin/broadwayd,0.15620578831247378,1,Normal
2026-09-28,16:30:18,DEB-0001,Binary,Binary: /usr/bin/browse,0.1559555333469409,1,Normal
2026-09-28,16:30:18,DEB-0001,Binary,Binary: /usr/bin/btattach,0.15609756646740253,1,Normal
2026-09-28,16:30:18,DEB-0001,Binary,Binary: /usr/bin/btmgmt,0.1562676475028904,1,Normal
2026-09-28,16:30:18,DEB-0001,Binary,Binary: /usr/bin/btmon,0.1562676475028904,1,Normal
2026-09-28,16:30:18,DEB-0001,Binary,Binary: /usr/bin/bunzip2,0.1562676475028904,1,Normal
2026-09-28,16:30:18,DEB-0001,Binary,Binary: /usr/bin/busctl,0.15733108813055524,1,Normal
2026-09-28,16:30:18,DEB-0001,Binary,Binary: /usr/bin/busybox,0.15715451559995625,1,Normal
2026-09-28,16:30:18,DEB-0001,Binary,Binary: /usr/bin/bwrap,0.15748573047105807,1,Normal
2026-09-28,16:30:18,DEB-0001,Binary,Binary: /usr/bin/bzcat,0.15806083240298857,1,Normal
2026-09-28,16:30:18,DEB-0001,Binary,Binary: /usr/bin/bzcmp,0.15803917864448297,1,Normal
2026-09-28,16:30:18,DEB-0001,Binary,Binary: /usr/bin/bzdiff,0.158309386642364,1,Normal
2026-09-28,16:30:18,DEB-0001,Binary,Binary: /usr/bin/bzegrep,0.158309386642364,1,Normal
2026-09-28,16:30:18,DEB-0001,Binary,Binary: /usr/bin/bzexe,0.1585787550520829,1,Normal
2026-09-28,16:30:18,DEB-0001,Binary,Binary: /usr/bin/bzfgrep,0.1585787550520829,1,Normal
2026-09-28,16:30:18,DEB-0001,Binary,Binary: /usr/bin/bzgrep,0.15872452132884213,1,Normal
2026-09-28,16:30:18,DEB-0001,Binary,Binary: /usr/bin/bzip2,0.15872452132884213,1,Normal
2026-09-28,16:30:18,DEB-0001,Binary,Binary: /usr/bin/bzip2recover,0.15872452132884213,1,Normal
2026-09-28,16:30:19,DEB-0001,Binary,Binary: /usr/bin/bzless,0.15645207419442764,1,Normal
2026-09-28,16:30:19,DEB-0001,Binary,Binary: /usr/bin/bzmore,0.15645207419442764,1,Normal
2026-09-28,16:30:19,DEB-0001,Binary,Binary: /usr/bin/c++,0.15584461076733147,1,Normal
2026-09-28,16:30:19,DEB-0001,Binary,Binary: /usr/bin/c++filt,0.15616834938119895,1,Normal
2026-09-28,16:30:19,DEB-0001,Binary,Binary: /usr/bin/c89,0.15616834938119895,1,Normal
2026-09-28,16:30:19,DEB-0001,Binary,Binary: /usr/bin/c89-gcc,0.15587503745144554,1,Normal
2026-09-28,16:30:19,DEB-0001,Binary,Binary: /usr/bin/c99,0.15533091152009015,1,Normal
2026-09-28,16:30:19,DEB-0001,Binary,Binary: /usr/bin/c99-gcc,0.15533091152009015,1,Normal
2026-09-28,16:30:19,DEB-0001,Binary,Binary: /usr/bin/c_rehash,0.15533091152009015,1,Normal
2026-09-28,16:30:19,DEB-0001,Binary,Binary: /usr/bin/calibrate_ppa,0.15567259219225832,1,Normal
2026-09-28,16:30:19,DEB-0001,Binary,Binary: /usr/bin/canberra-gtk-play,0.15567259219225832,1,Normal
2026-09-28,16:30:19,DEB-0001,Binary,Binary: /usr/bin/cancel,0.15552579329410032,1,Normal
2026-09-28,16:30:19,DEB-0001,Binary,Binary: /usr/bin/captoinfo,0.15552579329410032,1,Normal
2026-09-28,16:30:19,DEB-0001,Binary,Binary: /usr/bin/cat,0.15552579329410032,1,Normal
2026-09-28,16:30:19,DEB-0001,Binary,Binary: /usr/bin/catman,0.15507203842230022,1,Normal
2026-09-28,16:30:19,DEB-0001,Binary,Binary: /usr/bin/cc,0.15507203842230022,1,Normal
2026-09-28,16:30:19,DEB-0001,Binary,Binary: /usr/bin/cd-create-profile,0.15492503632654286,1,Normal
2026-09-28,16:30:19,DEB-0001,Binary,Binary: /usr/bin/cd-fix-profile,0.15455208414997446,1,Normal
2026-09-28,16:30:19,DEB-0001,Binary,Binary: /usr/bin/cd-iccdump,0.15455208414997446,1,Normal
2026-09-28,16:30:19,DEB-0001,Binary,Binary: /usr/bin/cd-it8,0.15400722256364657,1,Normal
2026-09-28,16:30:19,DEB-0001,Binary,Binary: /usr/bin/chacl,0.15438252086286863,1,Normal
2026-09-28,16:30:19,DEB-0001,Binary,Binary: /usr/bin/chage,0.15377604945488726,1,Normal
2026-09-28,16:30:19,DEB-0001,Binary,Binary: /usr/bin/chardet,0.15377604945488726,1,Normal
2026-09-28,16:30:19,DEB-0001,Binary,Binary: /usr/bin/chardetect,0.15377604945488726,1,Normal
2026-09-28,16:30:19,DEB-0001,Binary,Binary: /usr/bin/chattr,0.15314225423579947,1,Normal
2026-09-28,16:30:20,DEB-0001,Binary,Binary: /usr/bin/chcon,0.1513327204858434,1,Normal
2026-09-28,16:30:20,DEB-0001,Binary,Binary: /usr/bin/check-language-support,0.1498275324136218,1,Normal
2026-09-28,16:30:20,DEB-0001,Binary,Binary: /usr/bin/chfn,0.1498275324136218,1,Normal
2026-09-28,16:30:20,DEB-0001,Binary,Binary: /usr/bin/chgrp,0.1495508810170747,1,Normal
2026-09-28,16:30:20,DEB-0001,Binary,Binary: /usr/bin/chmod,0.1495508810170747,1,Normal
2026-09-28,16:30:20,DEB-0001,Binary,Binary: /usr/bin/choom,0.1486723564499257,1,Normal
2026-09-28,16:30:20,DEB-0001,Binary,Binary: /usr/bin/chown,0.14900144891485173,1,Normal
2026-09-28,16:30:20,DEB-0001,Binary,Binary: /usr/bin/chronyc,0.14900144891485173,1,Normal
2026-09-28,16:30:20,DEB-0001,Binary,Binary: /usr/bin/chroot,0.14907228715149284,1,Normal
2026-09-28,16:30:20,DEB-0001,Binary,Binary: /usr/bin/chrt,0.1496679116974282,1,Normal
2026-09-28,16:30:20,DEB-0001,Binary,Binary: /usr/bin/chsh,0.14925867315459274,1,Normal
2026-09-28,16:30:20,DEB-0001,Binary,Binary: /usr/bin/chvt,0.15020999812980196,1,Normal
2026-09-28,16:30:20,DEB-0001,Binary,Binary: /usr/bin/cifsiostat,0.15020999812980196,1,Normal
2026-09-28,16:30:21,DEB-0001,Binary,Binary: /usr/bin/ciptool,0.15139619021669604,1,Normal
2026-09-28,16:30:21,DEB-0001,Binary,Binary: /usr/bin/ckbcomp,0.15139619021669604,1,Normal
2026-09-28,16:30:21,DEB-0001,Binary,Binary: /usr/bin/cksum,0.15130068658527657,1,Normal
2026-09-28,16:30:21,DEB-0001,Binary,Binary: /usr/bin/clear,0.15130068658527657,1,Normal
2026-09-28,16:30:21,DEB-0001,Binary,Binary: /usr/bin/clear_console,0.1522778608855031,1,Normal
2026-09-28,16:30:21,DEB-0001,Binary,Binary: /usr/bin/cloud-id,0.15187730454854048,1,Normal
2026-09-28,16:30:21,DEB-0001,Binary,Binary: /usr/bin/cloud-init,0.15120152258099095,1,Normal
2026-09-28,16:30:21,DEB-0001,Binary,Binary: /usr/bin/cloud-init-per,0.1509200992949295,1,Normal
2026-09-28,16:30:21,DEB-0001,Binary,Binary: /usr/bin/cmp,0.15158643566751095,1,Normal
2026-09-28,16:30:21,DEB-0001,Binary,Binary: /usr/bin/codepage,0.15213752042091377,1,Normal
2026-09-28,16:30:21,DEB-0001,Binary,Binary: /usr/bin/col,0.15254188730716484,1,Normal
2026-09-28,16:30:21,DEB-0001,Binary,Binary: /usr/bin/colcrt,0.15268969546957767,1,Normal
2026-09-28,16:30:21,DEB-0001,Binary,Binary: /usr/bin/colormgr,0.15254188730716484,1,Normal
2026-09-28,16:30:21,DEB-0001,Binary,Binary: /usr/bin/colrm,0.15239402913380323,1,Normal
2026-09-28,16:30:22,DEB-0001,Binary,Binary: /usr/bin/column,0.1528768480369816,1,Normal
2026-09-28,16:30:22,DEB-0001,Binary,Binary: /usr/bin/comm,0.152708210442359,1,Normal
2026-09-28,16:30:22,DEB-0001,Binary,Binary: /usr/bin/corelist,0.152708210442359,1,Normal
2026-09-28,16:30:22,DEB-0001,Binary,Binary: /usr/bin/coreutils,0.15223397471001382,1,Normal
2026-09-28,16:30:22,DEB-0001,Binary,Binary: /usr/bin/cp,0.1520860123543064,1,Normal
2026-09-28,16:30:22,DEB-0001,Binary,Binary: /usr/bin/cpan,0.1523666875763579,1,Normal
2026-09-28,16:30:22,DEB-0001,Binary,Binary: /usr/bin/cpan5.40-x86_64-linux-gnu,0.15339696921603796,1,Normal
2026-09-28,16:30:22,DEB-0001,Binary,Binary: /usr/bin/cpio,0.15255466806382378,1,Normal
2026-09-28,16:30:22,DEB-0001,Binary,Binary: /usr/bin/cpp,0.15209827543855053,1,Normal
2026-09-28,16:30:22,DEB-0001,Binary,Binary: /usr/bin/cpp-15,0.15195026716894233,1,Normal
2026-09-28,16:30:22,DEB-0001,Binary,Binary: /usr/bin/cpupower,0.15165410037681687,1,Normal
2026-09-28,16:30:22,DEB-0001,Binary,Binary: /usr/bin/crash,0.15165410037681687,1,Normal
2026-09-28,16:30:22,DEB-0001,Binary,Binary: /usr/bin/crontab,0.15180220882067913,1,Normal
2026-09-28,16:30:22,DEB-0001,Binary,Binary: /usr/bin/csplit,0.1513797221848508,1,Normal
2026-09-28,16:30:22,DEB-0001,Binary,Binary: /usr/bin/ctstat,0.15152792343327953,1,Normal
2026-09-28,16:30:22,DEB-0001,Binary,Binary: /usr/bin/cupstestppd,0.15258558685462437,1,Normal
2026-09-28,16:30:22,DEB-0001,Binary,Binary: /usr/bin/curl,0.1528811236289011,1,Normal
2026-09-28,16:30:22,DEB-0001,Binary,Binary: /usr/bin/cut,0.1528811236289011,1,Normal
2026-09-28,16:30:22,DEB-0001,Binary,Binary: /usr/bin/cvtsudoers.ws,0.1528811236289011,1,Normal
2026-09-28,16:30:22,DEB-0001,Binary,Binary: /usr/bin/dash,0.1527333802362797,1,Normal
2026-09-28,16:30:22,DEB-0001,Binary,Binary: /usr/bin/date,0.15234828146332235,1,Normal
2026-09-28,16:30:22,DEB-0001,Binary,Binary: /usr/bin/dbus-cleanup-sockets,0.15280635785751168,1,Normal
2026-09-28,16:30:22,DEB-0001,Binary,Binary: /usr/bin/dbus-daemon,0.15214056211242233,1,Normal
2026-09-28,16:30:23,DEB-0001,Binary,Binary: /usr/bin/dbus-monitor,0.15244940240704835,1,Normal
2026-09-28,16:30:23,DEB-0001,Binary,Binary: /usr/bin/dbus-run-session,0.15255774318743476,1,Normal
2026-09-28,16:30:23,DEB-0001,Binary,Binary: /usr/bin/dbus-send,0.1518478014702025,1,Normal
2026-09-28,16:30:23,DEB-0001,Binary,Binary: /usr/bin/dbus-update-activation-environment,0.15252944896217108,1,Normal
2026-09-28,16:30:23,DEB-0001,Binary,Binary: /usr/bin/dbus-uuidgen,0.15223367416911648,1,Normal
2026-09-28,16:30:23,DEB-0001,Binary,Binary: /usr/bin/dbxtool,0.15270366658354462,1,Normal
2026-09-28,16:30:23,DEB-0001,Binary,Binary: /usr/bin/dc,0.15286909208295157,1,Normal
2026-09-28,16:30:23,DEB-0001,Binary,Binary: /usr/bin/dconf,0.15286909208295157,1,Normal
2026-09-28,16:30:23,DEB-0001,Binary,Binary: /usr/bin/dd,0.1525714377401055,1,Normal
2026-09-28,16:30:23,DEB-0001,Binary,Binary: /usr/bin/ddstdecode,0.1525714377401055,1,Normal
2026-09-28,16:30:23,DEB-0001,Binary,Binary: /usr/bin/deallocvt,0.15197375901658977,1,Normal
2026-09-28,16:30:23,DEB-0001,Binary,Binary: /usr/bin/deb-systemd-helper,0.15194305861145901,1,Normal
2026-09-28,16:30:23,DEB-0001,Binary,Binary: /usr/bin/deb-systemd-invoke,0.15194305861145901,1,Normal
2026-09-28,16:30:23,DEB-0001,Binary,Binary: /usr/bin/debconf,0.15194305861145901,1,Normal
2026-09-28,16:30:23,DEB-0001,Binary,Binary: /usr/bin/debconf-apt-progress,0.15223902996452054,1,Normal
2026-09-28,16:30:23,DEB-0001,Binary,Binary: /usr/bin/debconf-communicate,0.15223902996452054,1,Normal
2026-09-28,16:30:23,DEB-0001,Binary,Binary: /usr/bin/debconf-copydb,0.1516555647025043,1,Normal
2026-09-28,16:30:23,DEB-0001,Binary,Binary: /usr/bin/debconf-escape,0.1516555647025043,1,Normal
2026-09-28,16:30:23,DEB-0001,Binary,Binary: /usr/bin/debconf-set-selections,0.1516555647025043,1,Normal
2026-09-28,16:30:23,DEB-0001,Binary,Binary: /usr/bin/debconf-show,0.15218687447299567,1,Normal
2026-09-28,16:30:23,DEB-0001,Binary,Binary: /usr/bin/debian-distro-info,0.152513343466248,1,Normal
2026-09-28,16:30:23,DEB-0001,Binary,Binary: /usr/bin/delv,0.1525571399480436,1,Normal
2026-09-28,16:30:23,DEB-0001,Binary,Binary: /usr/bin/desktop-file-edit,0.15339992745806125,1,Normal
2026-09-28,16:30:23,DEB-0001,Binary,Binary: /usr/bin/desktop-file-install,0.15414711902684697,1,Normal
2026-09-28,16:30:23,DEB-0001,Binary,Binary: /usr/bin/desktop-file-validate,0.15414711902684697,1,Normal
2026-09-28,16:30:23,DEB-0001,Binary,Binary: /usr/bin/df,0.15364203545476462,1,Normal
2026-09-28,16:30:23,DEB-0001,Binary,Binary: /usr/bin/dh_bash-completion,0.15475377561007853,1,Normal
2026-09-28,16:30:23,DEB-0001,Binary,Binary: /usr/bin/dh_installxmlcatalogs,0.15449884011996262,1,Normal
2026-09-28,16:30:24,DEB-0001,Binary,Binary: /usr/bin/dh_perl_openssl,0.15142262601400652,1,Normal
2026-09-28,16:30:24,DEB-0001,Binary,Binary: /usr/bin/diff,0.15207969947604033,1,Normal
2026-09-28,16:30:24,DEB-0001,Binary,Binary: /usr/bin/diff3,0.15207969947604033,1,Normal
2026-09-28,16:30:24,DEB-0001,Binary,Binary: /usr/bin/dig,0.1518924182284902,1,Normal
2026-09-28,16:30:24,DEB-0001,Binary,Binary: /usr/bin/dir,0.1518924182284902,1,Normal
2026-09-28,16:30:24,DEB-0001,Binary,Binary: /usr/bin/dircolors,0.1523410730971939,1,Normal
2026-09-28,16:30:24,DEB-0001,Binary,Binary: /usr/bin/dirmngr,0.15219314697826702,1,Normal
2026-09-28,16:30:24,DEB-0001,Binary,Binary: /usr/bin/dirmngr-client,0.1520129798434386,1,Normal
2026-09-28,16:30:24,DEB-0001,Binary,Binary: /usr/bin/dirname,0.1520129798434386,1,Normal
2026-09-28,16:30:24,DEB-0001,Binary,Binary: /usr/bin/distro-info,0.1520129798434386,1,Normal
2026-09-28,16:30:24,DEB-0001,Binary,Binary: /usr/bin/dmesg,0.1520129798434386,1,Normal
2026-09-28,16:30:24,DEB-0001,Binary,Binary: /usr/bin/dnsdomainname,0.1518649427140329,1,Normal
2026-09-28,16:30:24,DEB-0001,Binary,Binary: /usr/bin/do-release-upgrade,0.1518649427140329,1,Normal
2026-09-28,16:30:24,DEB-0001,Binary,Binary: /usr/bin/domainname,0.15180484266075406,1,Normal
2026-09-28,16:30:24,DEB-0001,Binary,Binary: /usr/bin/dpkg,0.1521009074972079,1,Normal
2026-09-28,16:30:24,DEB-0001,Binary,Binary: /usr/bin/dpkg-architecture,0.15175641403442147,1,Normal
2026-09-28,16:30:24,DEB-0001,Binary,Binary: /usr/bin/dpkg-buildapi,0.15138528370997695,1,Normal
2026-09-28,16:30:24,DEB-0001,Binary,Binary: /usr/bin/dpkg-buildflags,0.15120628210421633,1,Normal
2026-09-28,16:30:24,DEB-0001,Binary,Binary: /usr/bin/dpkg-buildpackage,0.15044686724482598,1,Normal
2026-09-28,16:30:24,DEB-0001,Binary,Binary: /usr/bin/dpkg-buildtree,0.15108012083682276,1,Normal
2026-09-28,16:30:24,DEB-0001,Binary,Binary: /usr/bin/dpkg-checkbuilddeps,0.1512112078432134,1,Normal
2026-09-28,16:30:24,DEB-0001,Binary,Binary: /usr/bin/dpkg-deb,0.1512112078432134,1,Normal
2026-09-28,16:30:24,DEB-0001,Binary,Binary: /usr/bin/dpkg-distaddfile,0.15073534692329615,1,Normal
2026-09-28,16:30:24,DEB-0001,Binary,Binary: /usr/bin/dpkg-divert,0.15073534692329615,1,Normal
2026-09-28,16:30:24,DEB-0001,Binary,Binary: /usr/bin/dpkg-genbuildinfo,0.15028978795125741,1,Normal
2026-09-28,16:30:24,DEB-0001,Binary,Binary: /usr/bin/dpkg-genchanges,0.15056899931461137,1,Normal
2026-09-28,16:30:24,DEB-0001,Binary,Binary: /usr/bin/dpkg-gencontrol,0.1502991989622221,1,Normal
2026-09-28,16:30:24,DEB-0001,Binary,Binary: /usr/bin/dpkg-gensymbols,0.15064483911510979,1,Normal
2026-09-28,16:30:24,DEB-0001,Binary,Binary: /usr/bin/dpkg-maintscript-helper,0.15064483911510979,1,Normal
2026-09-28,16:30:25,DEB-0001,Binary,Binary: /usr/bin/dpkg-mergechangelogs,0.14850510697876484,1,Normal
2026-09-28,16:30:25,DEB-0001,Binary,Binary: /usr/bin/dpkg-name,0.14836671195771517,1,Normal
2026-09-28,16:30:25,DEB-0001,Binary,Binary: /usr/bin/dpkg-parsechangelog,0.14797171473584758,1,Normal
2026-09-28,16:30:25,DEB-0001,Binary,Binary: /usr/bin/dpkg-query,0.14797171473584758,1,Normal
2026-09-28,16:30:25,DEB-0001,Binary,Binary: /usr/bin/dpkg-realpath,0.14856882753909162,1,Normal
2026-09-28,16:30:25,DEB-0001,Binary,Binary: /usr/bin/dpkg-scanpackages,0.1486254546257148,1,Normal
2026-09-28,16:30:25,DEB-0001,Binary,Binary: /usr/bin/dpkg-scansources,0.1486254546257148,1,Normal
2026-09-28,16:30:25,DEB-0001,Binary,Binary: /usr/bin/dpkg-shlibdeps,0.14849840497525896,1,Normal
2026-09-28,16:30:25,DEB-0001,Binary,Binary: /usr/bin/dpkg-source,0.14858255381365681,1,Normal
2026-09-28,16:30:25,DEB-0001,Binary,Binary: /usr/bin/dpkg-split,0.148929544803519,1,Normal
2026-09-28,16:30:25,DEB-0001,Binary,Binary: /usr/bin/dpkg-statoverride,0.148929544803519,1,Normal
2026-09-28,16:30:25,DEB-0001,Binary,Binary: /usr/bin/dpkg-trigger,0.14890743279088137,1,Normal
2026-09-28,16:30:25,DEB-0001,Binary,Binary: /usr/bin/dpkg-vendor,0.14846001776463563,1,Normal
2026-09-28,16:30:25,DEB-0001,Binary,Binary: /usr/bin/dracut,0.14830892723616568,1,Normal
2026-09-28,16:30:25,DEB-0001,Binary,Binary: /usr/bin/dracut-catimages,0.14845816713781929,1,Normal
2026-09-28,16:30:25,DEB-0001,Binary,Binary: /usr/bin/driverless,0.14836202309462898,1,Normal
2026-09-28,16:30:25,DEB-0001,Binary,Binary: /usr/bin/driverless-fax,0.14813820777912207,1,Normal
2026-09-28,16:30:25,DEB-0001,Binary,Binary: /usr/bin/du,0.14813820777912207,1,Normal
2026-09-28,16:30:25,DEB-0001,Binary,Binary: /usr/bin/dumpkeys,0.148846668142404,1,Normal
2026-09-28,16:30:25,DEB-0001,Binary,Binary: /usr/bin/dvipdf,0.14855492413707383,1,Normal
2026-09-28,16:30:25,DEB-0001,Binary,Binary: /usr/bin/eatmydata,0.14838115897086773,1,Normal
2026-09-28,16:30:25,DEB-0001,Binary,Binary: /usr/bin/ec2metadata,0.1485303744411524,1,Normal
2026-09-28,16:30:25,DEB-0001,Binary,Binary: /usr/bin/echo,0.1485303744411524,1,Normal
2026-09-28,16:30:25,DEB-0001,Binary,Binary: /usr/bin/ed,0.14851252679647503,1,Normal
2026-09-28,16:30:25,DEB-0001,Binary,Binary: /usr/bin/editor,0.1493076795097134,1,Normal
2026-09-28,16:30:25,DEB-0001,Binary,Binary: /usr/bin/editres,0.14943449603418069,1,Normal
2026-09-28,16:30:26,DEB-0001,Binary,Binary: /usr/bin/egrep,0.1488529135176877,1,Normal
2026-09-28,16:30:26,DEB-0001,Binary,Binary: /usr/bin/eject,0.1488529135176877,1,Normal
2026-09-28,16:30:26,DEB-0001,Binary,Binary: /usr/bin/elfedit,0.14872543302403207,1,Normal
2026-09-28,16:30:26,DEB-0001,Binary,Binary: /usr/bin/enc2xs,0.14887453204845774,1,Normal
2026-09-28,16:30:26,DEB-0001,Binary,Binary: /usr/bin/encguess,0.14887453204845774,1,Normal
2026-09-28,16:30:26,DEB-0001,Binary,Binary: /usr/bin/enchant-2,0.14872543302403207,1,Normal
2026-09-28,16:30:26,DEB-0001,Binary,Binary: /usr/bin/enchant-lsmod-2,0.14872543302403207,1,Normal
2026-09-28,16:30:26,DEB-0001,Binary,Binary: /usr/bin/env,0.14872543302403207,1,Normal
2026-09-28,16:30:26,DEB-0001,Binary,Binary: /usr/bin/envsubst,0.14922129327913208,1,Normal
2026-09-28,16:30:26,DEB-0001,Binary,Binary: /usr/bin/eps2eps,0.1490723115815023,1,Normal
2026-09-28,16:30:26,DEB-0001,Binary,Binary: /usr/bin/eqn,0.1485133481570069,1,Normal
2026-09-28,16:30:27,DEB-0001,Binary,Binary: /usr/bin/esc-m,0.14863174535588564,1,Normal
2026-09-28,16:30:27,DEB-0001,Binary,Binary: /usr/bin/eutp,0.14863174535588564,1,Normal
2026-09-28,16:30:27,DEB-0001,Binary,Binary: /usr/bin/ex,0.14927209135330127,1,Normal
2026-09-28,16:30:27,DEB-0001,Binary,Binary: /usr/bin/expand,0.14939891812957273,1,Normal
2026-09-28,16:30:27,DEB-0001,Binary,Binary: /usr/bin/expiry,0.14963283925406223,1,Normal
2026-09-28,16:30:27,DEB-0001,Binary,Binary: /usr/bin/expr,0.14963283925406223,1,Normal
2026-09-28,16:30:27,DEB-0001,Binary,Binary: /usr/bin/factor,0.14969168660349663,1,Normal
2026-09-28,16:30:27,DEB-0001,Binary,Binary: /usr/bin/faked-sysv,0.1498404588062318,1,Normal
2026-09-28,16:30:27,DEB-0001,Binary,Binary: /usr/bin/faked-tcp,0.15000696857570056,1,Normal
2026-09-28,16:30:27,DEB-0001,Binary,Binary: /usr/bin/fakeroot,0.14985825271161002,1,Normal
2026-09-28,16:30:27,DEB-0001,Binary,Binary: /usr/bin/fakeroot-sysv,0.15015563413874067,1,Normal
2026-09-28,16:30:28,DEB-0001,Binary,Binary: /usr/bin/fakeroot-tcp,0.15076740683452722,1,Normal
2026-09-28,16:30:28,DEB-0001,Binary,Binary: /usr/bin/fallocate,0.15060424541610234,1,Normal
2026-09-28,16:30:28,DEB-0001,Binary,Binary: /usr/bin/false,0.14996126153832595,1,Normal
2026-09-28,16:30:28,DEB-0001,Binary,Binary: /usr/bin/fc-cache,0.15035772878166337,1,Normal
2026-09-28,16:30:28,DEB-0001,Binary,Binary: /usr/bin/fc-cat,0.15035772878166337,1,Normal
2026-09-28,16:30:28,DEB-0001,Binary,Binary: /usr/bin/fc-conflist,0.15035772878166337,1,Normal
2026-09-28,16:30:28,DEB-0001,Binary,Binary: /usr/bin/fc-list,0.14991005360358756,1,Normal
2026-09-28,16:30:28,DEB-0001,Binary,Binary: /usr/bin/fc-match,0.14991005360358756,1,Normal
2026-09-28,16:30:28,DEB-0001,Binary,Binary: /usr/bin/fc-pattern,0.15037020919641364,1,Normal
2026-09-28,16:30:28,DEB-0001,Binary,Binary: /usr/bin/fc-query,0.15066724435794532,1,Normal
2026-09-28,16:30:28,DEB-0001,Binary,Binary: /usr/bin/fc-scan,0.15058788235527237,1,Normal
2026-09-28,16:30:28,DEB-0001,Binary,Binary: /usr/bin/fc-validate,0.15088477029193437,1,Normal
2026-09-28,16:30:29,DEB-0001,Binary,Binary: /usr/bin/fgconsole,0.14966427874745702,1,Normal
2026-09-28,16:30:29,DEB-0001,Binary,Binary: /usr/bin/fgrep,0.14872265959790593,1,Normal
2026-09-28,16:30:29,DEB-0001,Binary,Binary: /usr/bin/file,0.1493558446487664,1,Normal
2026-09-28,16:30:29,DEB-0001,Binary,Binary: /usr/bin/file2brl,0.1499239090971165,1,Normal
2026-09-28,16:30:29,DEB-0001,Binary,Binary: /usr/bin/find,0.1499239090971165,1,Normal
2026-09-28,16:30:29,DEB-0001,Binary,Binary: /usr/bin/findmnt,0.14908932986194035,1,Normal
2026-09-28,16:30:29,DEB-0001,Binary,Binary: /usr/bin/firefox,0.14908932986194035,1,Normal
2026-09-28,16:30:29,DEB-0001,Binary,Binary: /usr/bin/flock,0.14894759643774153,1,Normal
2026-09-28,16:30:29,DEB-0001,Binary,Binary: /usr/bin/fmt,0.14894759643774153,1,Normal
2026-09-28,16:30:29,DEB-0001,Binary,Binary: /usr/bin/fold,0.1495469119940882,1,Normal
2026-09-28,16:30:30,DEB-0001,Binary,Binary: /usr/bin/fonttosfnt,0.14925422006487288,1,Normal
2026-09-28,16:30:30,DEB-0001,Binary,Binary: /usr/bin/foo2ddst,0.1489715465636619,1,Normal
2026-09-28,16:30:30,DEB-0001,Binary,Binary: /usr/bin/foo2ddst-wrapper,0.1486599759860509,1,Normal
2026-09-28,16:30:30,DEB-0001,Binary,Binary: /usr/bin/foo2hbpl2,0.14890629520785353,1,Normal
2026-09-28,16:30:30,DEB-0001,Binary,Binary: /usr/bin/foo2hbpl2-wrapper,0.14905262685441767,1,Normal
2026-09-28,16:30:30,DEB-0001,Binary,Binary: /usr/bin/foo2hiperc,0.14905262685441767,1,Normal
2026-09-28,16:30:30,DEB-0001,Binary,Binary: /usr/bin/foo2hiperc-wrapper,0.14905262685441767,1,Normal
2026-09-28,16:30:30,DEB-0001,Binary,Binary: /usr/bin/foo2hp,0.14905262685441767,1,Normal
2026-09-28,16:30:30,DEB-0001,Binary,Binary: /usr/bin/foo2hp2600-wrapper,0.14905262685441767,1,Normal
2026-09-28,16:30:30,DEB-0001,Binary,Binary: /usr/bin/foo2lava,0.14824315952599543,1,Normal
2026-09-28,16:30:31,DEB-0001,Binary,Binary: /usr/bin/foo2lava-wrapper,0.14894030041822603,1,Normal
2026-09-28,16:30:31,DEB-0001,Binary,Binary: /usr/bin/foo2oak,0.14894030041822603,1,Normal
2026-09-28,16:30:31,DEB-0001,Binary,Binary: /usr/bin/foo2oak-wrapper,0.14908932676677616,1,Normal
2026-09-28,16:30:31,DEB-0001,Binary,Binary: /usr/bin/foo2qpdl,0.14908932676677616,1,Normal
2026-09-28,16:30:31,DEB-0001,Binary,Binary: /usr/bin/foo2qpdl-wrapper,0.1489619146620989,1,Normal
2026-09-28,16:30:31,DEB-0001,Binary,Binary: /usr/bin/foo2slx,0.14881284520361415,1,Normal
2026-09-28,16:30:31,DEB-0001,Binary,Binary: /usr/bin/foo2slx-wrapper,0.14843464801727263,1,Normal
2026-09-28,16:30:31,DEB-0001,Binary,Binary: /usr/bin/foo2xqx,0.14843464801727263,1,Normal
2026-09-28,16:30:32,DEB-0001,Binary,Binary: /usr/bin/foo2xqx-wrapper,0.14808006476572816,1,Normal
2026-09-28,16:30:32,DEB-0001,Binary,Binary: /usr/bin/foo2zjs,0.14780344708749948,1,Normal
2026-09-28,16:30:32,DEB-0001,Binary,Binary: /usr/bin/foo2zjs-icc2ps,0.14780344708749948,1,Normal
2026-09-28,16:30:32,DEB-0001,Binary,Binary: /usr/bin/foo2zjs-pstops,0.14778028217299793,1,Normal
2026-09-28,16:30:32,DEB-0001,Binary,Binary: /usr/bin/foo2zjs-wrapper,0.14778028217299793,1,Normal
2026-09-28,16:30:32,DEB-0001,Binary,Binary: /usr/bin/foomatic-rip,0.14818261308817887,1,Normal
2026-09-28,16:30:32,DEB-0001,Binary,Binary: /usr/bin/fprintd-delete,0.14818261308817887,1,Normal
2026-09-28,16:30:32,DEB-0001,Binary,Binary: /usr/bin/fprintd-enroll,0.14831404003669618,1,Normal
2026-09-28,16:30:32,DEB-0001,Binary,Binary: /usr/bin/fprintd-list,0.14757567353530698,1,Normal
2026-09-28,16:30:33,DEB-0001,Binary,Binary: /usr/bin/fprintd-verify,0.14700857393672434,1,Normal
2026-09-28,16:30:33,DEB-0001,Binary,Binary: /usr/bin/free,0.14685884356465295,1,Normal
2026-09-28,16:30:33,DEB-0001,Binary,Binary: /usr/bin/ftp,0.14685884356465295,1,Normal
2026-09-28,16:30:33,DEB-0001,Binary,Binary: /usr/bin/funzip,0.14658146067074074,1,Normal
2026-09-28,16:30:33,DEB-0001,Binary,Binary: /usr/bin/fuser,0.14576128602607125,1,Normal
2026-09-28,16:30:33,DEB-0001,Binary,Binary: /usr/bin/fusermount,0.14576128602607125,1,Normal
2026-09-28,16:30:33,DEB-0001,Binary,Binary: /usr/bin/fusermount3,0.1459604628494744,1,Normal
2026-09-28,16:30:33,DEB-0001,Binary,Binary: /usr/bin/fwupdmgr,0.1459604628494744,1,Normal
2026-09-28,16:30:34,DEB-0001,Binary,Binary: /usr/bin/fwupdtool,0.14736069820421877,1,Normal
2026-09-28,16:30:34,DEB-0001,Binary,Binary: /usr/bin/g++,0.14736069820421877,1,Normal
2026-09-28,16:30:34,DEB-0001,Binary,Binary: /usr/bin/g++-15,0.14751025883101304,1,Normal
2026-09-28,16:30:34,DEB-0001,Binary,Binary: /usr/bin/gamemoded,0.14721108697352886,1,Normal
2026-09-28,16:30:34,DEB-0001,Binary,Binary: /usr/bin/gamma4scanimage,0.14721108697352886,1,Normal
2026-09-28,16:30:34,DEB-0001,Binary,Binary: /usr/bin/gapplication,0.14721108697352886,1,Normal
2026-09-28,16:30:34,DEB-0001,Binary,Binary: /usr/bin/gatttool,0.14721108697352886,1,Normal
2026-09-28,16:30:34,DEB-0001,Binary,Binary: /usr/bin/gcalccmd,0.14721108697352886,1,Normal
2026-09-28,16:30:35,DEB-0001,Binary,Binary: /usr/bin/gcc,0.14585184998188594,1,Normal
2026-09-28,16:30:35,DEB-0001,Binary,Binary: /usr/bin/gcc-15,0.14594837235211605,1,Normal
2026-09-28,16:30:35,DEB-0001,Binary,Binary: /usr/bin/gcc-ar,0.14594837235211605,1,Normal
2026-09-28,16:30:35,DEB-0001,Binary,Binary: /usr/bin/gcc-ar-15,0.1448619231284748,1,Normal
2026-09-28,16:30:35,DEB-0001,Binary,Binary: /usr/bin/gcc-nm,0.1448619231284748,1,Normal
2026-09-28,16:30:35,DEB-0001,Binary,Binary: /usr/bin/gcc-nm-15,0.14477321834468987,1,Normal
2026-09-28,16:30:35,DEB-0001,Binary,Binary: /usr/bin/gcc-ranlib,0.1449548470153434,1,Normal
2026-09-28,16:30:35,DEB-0001,Binary,Binary: /usr/bin/gcc-ranlib-15,0.1449548470153434,1,Normal
2026-09-28,16:30:35,DEB-0001,Binary,Binary: /usr/bin/gcore,0.1449548470153434,1,Normal
2026-09-28,16:30:35,DEB-0001,Binary,Binary: /usr/bin/gcov,0.14588314819146364,1,Normal
2026-09-28,16:30:35,DEB-0001,Binary,Binary: /usr/bin/gcov-15,0.14558287508068324,1,Normal
2026-09-28,16:30:36,DEB-0001,Binary,Binary: /usr/bin/gcov-dump,0.14434783797519823,1,Normal
2026-09-28,16:30:36,DEB-0001,Binary,Binary: /usr/bin/gcov-dump-15,0.1436217429317247,1,Normal
2026-09-28,16:30:36,DEB-0001,Binary,Binary: /usr/bin/gcov-tool,0.1437725682075809,1,Normal
2026-09-28,16:30:36,DEB-0001,Binary,Binary: /usr/bin/gcov-tool-15,0.14311957678925014,1,Normal
2026-09-28,16:30:36,DEB-0001,Binary,Binary: /usr/bin/gcr-viewer,0.14311957678925014,1,Normal
2026-09-28,16:30:36,DEB-0001,Binary,Binary: /usr/bin/gcr-viewer-gtk4,0.14327057191574505,1,Normal
2026-09-28,16:30:36,DEB-0001,Binary,Binary: /usr/bin/gdb,0.14395934875292543,1,Normal
2026-09-28,16:30:36,DEB-0001,Binary,Binary: /usr/bin/gdb-add-index,0.1436577735853447,1,Normal
2026-09-28,16:30:36,DEB-0001,Binary,Binary: /usr/bin/gdbtui,0.1436577735853447,1,Normal
2026-09-28,16:30:37,DEB-0001,Binary,Binary: /usr/bin/gdbus,0.1423467198804344,1,Normal
2026-09-28,16:30:37,DEB-0001,Binary,Binary: /usr/bin/gdctl,0.14239260978870955,1,Normal
2026-09-28,16:30:37,DEB-0001,Binary,Binary: /usr/bin/gdk-pixbuf-csource,0.14228570591008305,1,Normal
2026-09-28,16:30:37,DEB-0001,Binary,Binary: /usr/bin/gdk-pixbuf-pixdata,0.14156724348226746,1,Normal
2026-09-28,16:30:37,DEB-0001,Binary,Binary: /usr/bin/gdm-config,0.14156724348226746,1,Normal
2026-09-28,16:30:37,DEB-0001,Binary,Binary: /usr/bin/gencat,0.14156724348226746,1,Normal
2026-09-28,16:30:37,DEB-0001,Binary,Binary: /usr/bin/geqn,0.1408534036820967,1,Normal
2026-09-28,16:30:37,DEB-0001,Binary,Binary: /usr/bin/getconf,0.1403978106378873,1,Normal
2026-09-28,16:30:37,DEB-0001,Binary,Binary: /usr/bin/getent,0.14086413467684855,1,Normal
2026-09-28,16:30:38,DEB-0001,Binary,Binary: /usr/bin/getfacl,0.14164042359234597,1,Normal
2026-09-28,16:30:38,DEB-0001,Binary,Binary: /usr/bin/getkeycodes,0.14164042359234597,1,Normal
2026-09-28,16:30:38,DEB-0001,Binary,Binary: /usr/bin/getopt,0.1421442535972312,1,Normal
2026-09-28,16:30:38,DEB-0001,Binary,Binary: /usr/bin/gettext,0.1406842561544091,1,Normal
2026-09-28,16:30:38,DEB-0001,Binary,Binary: /usr/bin/gettext.sh,0.14012157615694332,1,Normal
2026-09-28,16:30:38,DEB-0001,Binary,Binary: /usr/bin/ghostscript,0.1390382573500621,1,Normal
2026-09-28,16:30:38,DEB-0001,Binary,Binary: /usr/bin/ginstall-info,0.1390382573500621,1,Normal
2026-09-28,16:30:38,DEB-0001,Binary,Binary: /usr/bin/gio,0.1390382573500621,1,Normal
2026-09-28,16:30:38,DEB-0001,Binary,Binary: /usr/bin/gio-querymodules,0.1390382573500621,1,Normal
2026-09-28,16:30:39,DEB-0001,Binary,Binary: /usr/bin/gipddecode,0.1398514292001949,1,Normal
2026-09-28,16:30:39,DEB-0001,Binary,Binary: /usr/bin/gjs,0.13949728896828556,1,Normal
2026-09-28,16:30:39,DEB-0001,Binary,Binary: /usr/bin/gjs-console,0.13964950928271685,1,Normal
2026-09-28,16:30:39,DEB-0001,Binary,Binary: /usr/bin/glib-compile-schemas,0.1402834291318748,1,Normal
2026-09-28,16:30:39,DEB-0001,Binary,Binary: /usr/bin/glycin-thumbnailer,0.14043538354544655,1,Normal
2026-09-28,16:30:39,DEB-0001,Binary,Binary: /usr/bin/gmake,0.14104268740910209,1,Normal
2026-09-28,16:30:39,DEB-0001,Binary,Binary: /usr/bin/gnome-calculator,0.1413133376048445,1,Normal
2026-09-28,16:30:39,DEB-0001,Binary,Binary: /usr/bin/gnome-characters,0.1413133376048445,1,Normal
2026-09-28,16:30:40,DEB-0001,Binary,Binary: /usr/bin/gnome-clocks,0.13757737393769554,1,Normal
2026-09-28,16:30:40,DEB-0001,Binary,Binary: /usr/bin/gnome-control-center,0.1372214428306519,1,Normal
2026-09-28,16:30:40,DEB-0001,Binary,Binary: /usr/bin/gnome-disk-image-mounter,0.13713121391386346,1,Normal
2026-09-28,16:30:40,DEB-0001,Binary,Binary: /usr/bin/gnome-disks,0.13667184137812538,1,Normal
2026-09-28,16:30:40,DEB-0001,Binary,Binary: /usr/bin/gnome-extensions,0.1368567784013474,1,Normal
2026-09-28,16:30:40,DEB-0001,Binary,Binary: /usr/bin/gnome-font-viewer,0.13619837496174791,1,Normal
2026-09-28,16:30:40,DEB-0001,Binary,Binary: /usr/bin/gnome-help,0.13619837496174791,1,Normal
2026-09-28,16:30:40,DEB-0001,Binary,Binary: /usr/bin/gnome-keyring,0.1366618533140232,1,Normal
2026-09-28,16:30:41,DEB-0001,Binary,Binary: /usr/bin/gnome-keyring-3,0.1346714602650831,1,Normal
2026-09-28,16:30:41,DEB-0001,Binary,Binary: /usr/bin/gnome-keyring-daemon,0.13501100393677667,1,Normal
2026-09-28,16:30:41,DEB-0001,Binary,Binary: /usr/bin/gnome-language-selector,0.13560106365029395,1,Normal
2026-09-28,16:30:41,DEB-0001,Binary,Binary: /usr/bin/gnome-logs,0.1349953992711006,1,Normal
2026-09-28,16:30:41,DEB-0001,Binary,Binary: /usr/bin/gnome-service-client,0.135587278942628,1,Normal
2026-09-28,16:30:41,DEB-0001,Binary,Binary: /usr/bin/gnome-session,0.13543368417099677,1,Normal
2026-09-28,16:30:41,DEB-0001,Binary,Binary: /usr/bin/gnome-session-inhibit,0.135587278942628,1,Normal
2026-09-28,16:30:41,DEB-0001,Binary,Binary: /usr/bin/gnome-session-quit,0.13502728867239455,1,Normal
2026-09-28,16:30:41,DEB-0001,Binary,Binary: /usr/bin/gnome-shell,0.13503472699280483,1,Normal
2026-09-28,16:30:41,DEB-0001,Binary,Binary: /usr/bin/gnome-shell-extension-tool,0.13503472699280483,1,Normal
2026-09-28,16:30:42,DEB-0001,Binary,Binary: /usr/bin/gnome-shell-test-tool,0.1347869749017615,1,Normal
2026-09-28,16:30:42,DEB-0001,Binary,Binary: /usr/bin/gnome-text-editor,0.13565827175331485,1,Normal
2026-09-28,16:30:42,DEB-0001,Binary,Binary: /usr/bin/gnome-thumbnail-font,0.13513908566321314,1,Normal
2026-09-28,16:30:42,DEB-0001,Binary,Binary: /usr/bin/gnome-www-browser,0.13513908566321314,1,Normal
2026-09-28,16:30:42,DEB-0001,Binary,Binary: /usr/bin/gnu[,0.13513908566321314,1,Normal
2026-09-28,16:30:42,DEB-0001,Binary,Binary: /usr/bin/gnuarch,0.13513908566321314,1,Normal
2026-09-28,16:30:42,DEB-0001,Binary,Binary: /usr/bin/gnub2sum,0.13513908566321314,1,Normal
2026-09-28,16:30:42,DEB-0001,Binary,Binary: /usr/bin/gnubase32,0.13513908566321314,1,Normal
2026-09-28,16:30:43,DEB-0001,Binary,Binary: /usr/bin/gnubase64,0.13434322371967578,1,Normal
2026-09-28,16:30:43,DEB-0001,Binary,Binary: /usr/bin/gnubasename,0.13434322371967578,1,Normal
2026-09-28,16:30:43,DEB-0001,Binary,Binary: /usr/bin/gnubasenc,0.1341892080214807,1,Normal
2026-09-28,16:30:43,DEB-0001,Binary,Binary: /usr/bin/gnucat,0.1341892080214807,1,Normal
2026-09-28,16:30:43,DEB-0001,Binary,Binary: /usr/bin/gnuchcon,0.1341892080214807,1,Normal
2026-09-28,16:30:43,DEB-0001,Binary,Binary: /usr/bin/gnuchgrp,0.13465109885275112,1,Normal
2026-09-28,16:30:43,DEB-0001,Binary,Binary: /usr/bin/gnuchmod,0.13465109885275112,1,Normal
2026-09-28,16:30:43,DEB-0001,Binary,Binary: /usr/bin/gnuchown,0.13449718732422594,1,Normal
2026-09-28,16:30:44,DEB-0001,Binary,Binary: /usr/bin/gnucksum,0.13455669329590386,1,Normal
2026-09-28,16:30:44,DEB-0001,Binary,Binary: /usr/bin/gnucomm,0.13553062174300712,1,Normal
2026-09-28,16:30:44,DEB-0001,Binary,Binary: /usr/bin/gnucp,0.13579289634447128,1,Normal
2026-09-28,16:30:44,DEB-0001,Binary,Binary: /usr/bin/gnucsplit,0.13579289634447128,1,Normal
2026-09-28,16:30:44,DEB-0001,Binary,Binary: /usr/bin/gnucut,0.13604521935702119,1,Normal
2026-09-28,16:30:44,DEB-0001,Binary,Binary: /usr/bin/gnudate,0.13604521935702119,1,Normal
2026-09-28,16:30:44,DEB-0001,Binary,Binary: /usr/bin/gnudd,0.13604521935702119,1,Normal
2026-09-28,16:30:44,DEB-0001,Binary,Binary: /usr/bin/gnudf,0.13585995078271246,1,Normal
2026-09-28,16:30:44,DEB-0001,Binary,Binary: /usr/bin/gnudir,0.13585995078271246,1,Normal
2026-09-28,16:30:45,DEB-0001,Binary,Binary: /usr/bin/gnudircolors,0.13675593502274108,1,Normal
2026-09-28,16:30:45,DEB-0001,Binary,Binary: /usr/bin/gnudirname,0.13675593502274108,1,Normal
2026-09-28,16:30:45,DEB-0001,Binary,Binary: /usr/bin/gnudu,0.13721522225685823,1,Normal
2026-09-28,16:30:45,DEB-0001,Binary,Binary: /usr/bin/gnuecho,0.13706217830047435,1,Normal
2026-09-28,16:30:45,DEB-0001,Binary,Binary: /usr/bin/gnuenv,0.13706217830047435,1,Normal
2026-09-28,16:30:45,DEB-0001,Binary,Binary: /usr/bin/gnuexpand,0.13687732519050577,1,Normal
2026-09-28,16:30:45,DEB-0001,Binary,Binary: /usr/bin/gnuexpr,0.1377847909063758,1,Normal
2026-09-28,16:30:45,DEB-0001,Binary,Binary: /usr/bin/gnufactor,0.1375017222223694,1,Normal
2026-09-28,16:30:45,DEB-0001,Binary,Binary: /usr/bin/gnufalse,0.1376546175092005,1,Normal
2026-09-28,16:30:46,DEB-0001,Binary,Binary: /usr/bin/gnufmt,0.1372741168105236,1,Normal
2026-09-28,16:30:46,DEB-0001,Binary,Binary: /usr/bin/gnufold,0.1372741168105236,1,Normal
2026-09-28,16:30:46,DEB-0001,Binary,Binary: /usr/bin/gnugroups,0.1372741168105236,1,Normal
2026-09-28,16:30:46,DEB-0001,Binary,Binary: /usr/bin/gnuhead,0.13716751893189016,1,Normal
2026-09-28,16:30:46,DEB-0001,Binary,Binary: /usr/bin/gnuhostid,0.13747348383176694,1,Normal
2026-09-28,16:30:46,DEB-0001,Binary,Binary: /usr/bin/gnuid,0.13806213668947842,1,Normal
2026-09-28,16:30:46,DEB-0001,Binary,Binary: /usr/bin/gnuinstall,0.13789513599915354,1,Normal
2026-09-28,16:30:46,DEB-0001,Binary,Binary: /usr/bin/gnujoin,0.1385426660026008,1,Normal
2026-09-28,16:30:46,DEB-0001,Binary,Binary: /usr/bin/gnulink,0.1385426660026008,1,Normal
2026-09-28,16:30:46,DEB-0001,Binary,Binary: /usr/bin/gnuln,0.1383900711873195,1,Normal
2026-09-28,16:30:47,DEB-0001,Binary,Binary: /usr/bin/gnulogname,0.13812056018424318,1,Normal
2026-09-28,16:30:47,DEB-0001,Binary,Binary: /usr/bin/gnuls,0.13862365615493233,1,Normal
2026-09-28,16:30:47,DEB-0001,Binary,Binary: /usr/bin/gnumd5sum,0.13862365615493233,1,Normal
2026-09-28,16:30:47,DEB-0001,Binary,Binary: /usr/bin/gnumkdir,0.13892863618550327,1,Normal
2026-09-28,16:30:47,DEB-0001,Binary,Binary: /usr/bin/gnumkfifo,0.13892502878349622,1,Normal
2026-09-28,16:30:47,DEB-0001,Binary,Binary: /usr/bin/gnumknod,0.13877256334080912,1,Normal
2026-09-28,16:30:47,DEB-0001,Binary,Binary: /usr/bin/gnumktemp,0.13877256334080912,1,Normal
2026-09-28,16:30:47,DEB-0001,Binary,Binary: /usr/bin/gnumv,0.13892502878349622,1,Normal
2026-09-28,16:30:47,DEB-0001,Binary,Binary: /usr/bin/gnunice,0.13851224048745914,1,Normal
2026-09-28,16:30:48,DEB-0001,Binary,Binary: /usr/bin/gnunl,0.13651397303349977,1,Normal
2026-09-28,16:30:48,DEB-0001,Binary,Binary: /usr/bin/gnunohup,0.13651397303349977,1,Normal
2026-09-28,16:30:48,DEB-0001,Binary,Binary: /usr/bin/gnunproc,0.136207358722081,1,Normal
2026-09-28,16:30:48,DEB-0001,Binary,Binary: /usr/bin/gnunumfmt,0.13505795373908297,1,Normal
2026-09-28,16:30:48,DEB-0001,Binary,Binary: /usr/bin/gnuod,0.13475035397159968,1,Normal
2026-09-28,16:30:48,DEB-0001,Binary,Binary: /usr/bin/gnupaste,0.13325529777816536,1,Normal
2026-09-28,16:30:49,DEB-0001,Binary,Binary: /usr/bin/gnupathchk,0.13284793765363584,1,Normal
2026-09-28,16:30:49,DEB-0001,Binary,Binary: /usr/bin/gnupinky,0.13312845733388706,1,Normal
2026-09-28,16:30:49,DEB-0001,Binary,Binary: /usr/bin/gnupr,0.13328283181609102,1,Normal
2026-09-28,16:30:49,DEB-0001,Binary,Binary: /usr/bin/gnuprintenv,0.13292351865020952,1,Normal
2026-09-28,16:30:49,DEB-0001,Binary,Binary: /usr/bin/gnuprintf,0.13292351865020952,1,Normal
2026-09-28,16:30:49,DEB-0001,Binary,Binary: /usr/bin/gnuptx,0.13292351865020952,1,Normal
2026-09-28,16:30:49,DEB-0001,Binary,Binary: /usr/bin/gnupwd,0.13300623546102186,1,Normal
2026-09-28,16:30:50,DEB-0001,Binary,Binary: /usr/bin/gnureadlink,0.1333893667967359,1,Normal
2026-09-28,16:30:50,DEB-0001,Binary,Binary: /usr/bin/gnurealpath,0.13432887829567103,1,Normal
2026-09-28,16:30:50,DEB-0001,Binary,Binary: /usr/bin/gnurm,0.13432887829567103,1,Normal
2026-09-28,16:30:50,DEB-0001,Binary,Binary: /usr/bin/gnurmdir,0.13448284675235916,1,Normal
2026-09-28,16:30:50,DEB-0001,Binary,Binary: /usr/bin/gnuruncon,0.13448284675235916,1,Normal
2026-09-28,16:30:50,DEB-0001,Binary,Binary: /usr/bin/gnuseq,0.133714523931801,1,Normal
2026-09-28,16:30:50,DEB-0001,Binary,Binary: /usr/bin/gnusha1sum,0.1349241058379319,1,Normal
2026-09-28,16:30:50,DEB-0001,Binary,Binary: /usr/bin/gnusha224sum,0.13482501172527966,1,Normal
2026-09-28,16:30:51,DEB-0001,Binary,Binary: /usr/bin/gnusha256sum,0.13786553594913986,1,Normal
2026-09-28,16:30:51,DEB-0001,Binary,Binary: /usr/bin/gnusha384sum,0.1375598363961154,1,Normal
2026-09-28,16:30:51,DEB-0001,Binary,Binary: /usr/bin/gnusha512sum,0.13740690904005814,1,Normal
2026-09-28,16:30:51,DEB-0001,Binary,Binary: /usr/bin/gnushred,0.13740690904005814,1,Normal
2026-09-28,16:30:51,DEB-0001,Binary,Binary: /usr/bin/gnushuf,0.13740690904005814,1,Normal
2026-09-28,16:30:51,DEB-0001,Binary,Binary: /usr/bin/gnusleep,0.13795199294425964,1,Normal
2026-09-28,16:30:51,DEB-0001,Binary,Binary: /usr/bin/gnusort,0.13691024890265524,1,Normal
2026-09-28,16:30:51,DEB-0001,Binary,Binary: /usr/bin/gnusplit,0.13660027678392211,1,Normal
2026-09-28,16:30:52,DEB-0001,Binary,Binary: /usr/bin/gnustat,0.1356018254274321,1,Normal
2026-09-28,16:30:52,DEB-0001,Binary,Binary: /usr/bin/gnustdbuf,0.1356018254274321,1,Normal
2026-09-28,16:30:52,DEB-0001,Binary,Binary: /usr/bin/gnustty,0.1356018254274321,1,Normal
2026-09-28,16:30:52,DEB-0001,Binary,Binary: /usr/bin/gnusum,0.1356018254274321,1,Normal
2026-09-28,16:30:52,DEB-0001,Binary,Binary: /usr/bin/gnusync,0.13546661191340142,1,Normal
2026-09-28,16:30:52,DEB-0001,Binary,Binary: /usr/bin/gnutac,0.13495526193748753,1,Normal
2026-09-28,16:30:53,DEB-0001,Binary,Binary: /usr/bin/gnutail,0.13553501540741858,1,Normal
2026-09-28,16:30:53,DEB-0001,Binary,Binary: /usr/bin/gnutee,0.1357617274249327,1,Normal
2026-09-28,16:30:53,DEB-0001,Binary,Binary: /usr/bin/gnutest,0.13614167635834723,1,Normal
2026-09-28,16:30:53,DEB-0001,Binary,Binary: /usr/bin/gnutimeout,0.13629503166157347,1,Normal
2026-09-28,16:30:53,DEB-0001,Binary,Binary: /usr/bin/gnutouch,0.1369580055498124,1,Normal
2026-09-28,16:30:53,DEB-0001,Binary,Binary: /usr/bin/gnutr,0.13645214334903083,1,Normal
2026-09-28,16:30:53,DEB-0001,Binary,Binary: /usr/bin/gnutrue,0.13660539364116175,1,Normal
2026-09-28,16:30:53,DEB-0001,Binary,Binary: /usr/bin/gnutruncate,0.13645214334903083,1,Normal
2026-09-28,16:30:53,DEB-0001,Binary,Binary: /usr/bin/gnutsort,0.1360953260948849,1,Normal
2026-09-28,16:30:54,DEB-0001,Binary,Binary: /usr/bin/gnutty,0.13708354673713863,1,Normal
2026-09-28,16:30:54,DEB-0001,Binary,Binary: /usr/bin/gnuuname,0.13771324986644262,1,Normal
2026-09-28,16:30:54,DEB-0001,Binary,Binary: /usr/bin/gnuunexpand,0.13801884565711853,1,Normal
2026-09-28,16:30:54,DEB-0001,Binary,Binary: /usr/bin/gnuuniq,0.13697633398704684,1,Normal
2026-09-28,16:30:54,DEB-0001,Binary,Binary: /usr/bin/gnuunlink,0.13697633398704684,1,Normal
2026-09-28,16:30:54,DEB-0001,Binary,Binary: /usr/bin/gnuusers,0.13697633398704684,1,Normal
2026-09-28,16:30:54,DEB-0001,Binary,Binary: /usr/bin/gnuvdir,0.13697633398704684,1,Normal
2026-09-28,16:30:54,DEB-0001,Binary,Binary: /usr/bin/gnuwc,0.13697633398704684,1,Normal
2026-09-28,16:30:54,DEB-0001,Binary,Binary: /usr/bin/gnuwho,0.13682320920272478,1,Normal
2026-09-28,16:30:54,DEB-0001,Binary,Binary: /usr/bin/gnuwhoami,0.13682320920272478,1,Normal
2026-09-28,16:30:55,DEB-0001,Binary,Binary: /usr/bin/gnuyes,0.13657942964894454,1,Normal
2026-09-28,16:30:55,DEB-0001,Binary,Binary: /usr/bin/gp-archive,0.13673263688827375,1,Normal
2026-09-28,16:30:55,DEB-0001,Binary,Binary: /usr/bin/gp-collect-app,0.13673263688827375,1,Normal
2026-09-28,16:30:55,DEB-0001,Binary,Binary: /usr/bin/gp-display-html,0.13728526306321004,1,Normal
2026-09-28,16:30:55,DEB-0001,Binary,Binary: /usr/bin/gp-display-src,0.1365423775163755,1,Normal
2026-09-28,16:30:55,DEB-0001,Binary,Binary: /usr/bin/gp-display-text,0.13652015398333178,1,Normal
2026-09-28,16:30:55,DEB-0001,Binary,Binary: /usr/bin/gpasswd,0.13652015398333178,1,Normal
2026-09-28,16:30:55,DEB-0001,Binary,Binary: /usr/bin/gpg,0.13679841802772252,1,Normal
2026-09-28,16:30:55,DEB-0001,Binary,Binary: /usr/bin/gpg-agent,0.13679841802772252,1,Normal
2026-09-28,16:30:56,DEB-0001,Binary,Binary: /usr/bin/gpg-connect-agent,0.13581215645375383,1,Normal
2026-09-28,16:30:56,DEB-0001,Binary,Binary: /usr/bin/gpg-mail-tube,0.13581215645375383,1,Normal
2026-09-28,16:30:56,DEB-0001,Binary,Binary: /usr/bin/gpg-wks-client,0.13581215645375383,1,Normal
2026-09-28,16:30:56,DEB-0001,Binary,Binary: /usr/bin/gpgconf,0.13573722618607337,1,Normal
2026-09-28,16:30:56,DEB-0001,Binary,Binary: /usr/bin/gpgparsemail,0.13589071828888494,1,Normal
2026-09-28,16:30:56,DEB-0001,Binary,Binary: /usr/bin/gpgsm,0.13507229116909675,1,Normal
2026-09-28,16:30:56,DEB-0001,Binary,Binary: /usr/bin/gpgsplit,0.1351090780774284,1,Normal
2026-09-28,16:30:56,DEB-0001,Binary,Binary: /usr/bin/gpgtar,0.1351090780774284,1,Normal
2026-09-28,16:30:56,DEB-0001,Binary,Binary: /usr/bin/gpgv,0.1353374466512255,1,Normal
2026-09-28,16:30:57,DEB-0001,Binary,Binary: /usr/bin/gpic,0.13375222845261564,1,Normal
2026-09-28,16:30:57,DEB-0001,Binary,Binary: /usr/bin/gprof,0.13414301415356394,1,Normal
2026-09-28,16:30:57,DEB-0001,Binary,Binary: /usr/bin/gprofng,0.13414301415356394,1,Normal
2026-09-28,16:30:57,DEB-0001,Binary,Binary: /usr/bin/gprofng-archive,0.13378501739794812,1,Normal
2026-09-28,16:30:57,DEB-0001,Binary,Binary: /usr/bin/gprofng-collect-app,0.13332224715221325,1,Normal
2026-09-28,16:30:57,DEB-0001,Binary,Binary: /usr/bin/gprofng-display-html,0.13332224715221325,1,Normal
2026-09-28,16:30:57,DEB-0001,Binary,Binary: /usr/bin/gprofng-display-src,0.13332224715221325,1,Normal
2026-09-28,16:30:57,DEB-0001,Binary,Binary: /usr/bin/gprofng-display-text,0.13316788600620338,1,Normal
2026-09-28,16:30:57,DEB-0001,Binary,Binary: /usr/bin/gprofng-gmon,0.13316788600620338,1,Normal
2026-09-28,16:30:57,DEB-0001,Binary,Binary: /usr/bin/gpu-manager,0.13316788600620338,1,Normal
2026-09-28,16:30:58,DEB-0001,Binary,Binary: /usr/bin/grdctl,0.13417576423805866,1,Normal
2026-09-28,16:30:58,DEB-0001,Binary,Binary: /usr/bin/grep,0.13417576423805866,1,Normal
2026-09-28,16:30:58,DEB-0001,Binary,Binary: /usr/bin/gresource,0.1337178188797069,1,Normal
2026-09-28,16:30:58,DEB-0001,Binary,Binary: /usr/bin/groff,0.1337178188797069,1,Normal
2026-09-28,16:30:58,DEB-0001,Binary,Binary: /usr/bin/grog,0.13358647358098985,1,Normal
2026-09-28,16:30:58,DEB-0001,Binary,Binary: /usr/bin/grops,0.13374069314563664,1,Normal
2026-09-28,16:30:58,DEB-0001,Binary,Binary: /usr/bin/grotty,0.13374069314563664,1,Normal
2026-09-28,16:30:58,DEB-0001,Binary,Binary: /usr/bin/groups,0.1339655703025025,1,Normal
2026-09-28,16:30:59,DEB-0001,Binary,Binary: /usr/bin/growpart,0.1337140583876542,1,Normal
2026-09-28,16:30:59,DEB-0001,Binary,Binary: /usr/bin/grub-editenv,0.1337140583876542,1,Normal
2026-09-28,16:30:59,DEB-0001,Binary,Binary: /usr/bin/grub-file,0.13432143011102315,1,Normal
2026-09-28,16:30:59,DEB-0001,Binary,Binary: /usr/bin/grub-fstest,0.1344754010869551,1,Normal
2026-09-28,16:30:59,DEB-0001,Binary,Binary: /usr/bin/grub-glue-efi,0.1344938167918135,1,Normal
2026-09-28,16:30:59,DEB-0001,Binary,Binary: /usr/bin/grub-kbdcomp,0.1344938167918135,1,Normal
2026-09-28,16:30:59,DEB-0001,Binary,Binary: /usr/bin/grub-menulst2cfg,0.1343079144137047,1,Normal
2026-09-28,16:31:00,DEB-0001,Binary,Binary: /usr/bin/grub-mkfont,0.1343029924901245,1,Normal
2026-09-28,16:31:00,DEB-0001,Binary,Binary: /usr/bin/grub-mkimage,0.1353896342672649,1,Normal
2026-09-28,16:31:00,DEB-0001,Binary,Binary: /usr/bin/grub-mklayout,0.1356911512944196,1,Normal
2026-09-28,16:31:00,DEB-0001,Binary,Binary: /usr/bin/grub-mknetdir,0.1356911512944196,1,Normal
2026-09-28,16:31:00,DEB-0001,Binary,Binary: /usr/bin/grub-mkpasswd-pbkdf2,0.1356911512944196,1,Normal
2026-09-28,16:31:00,DEB-0001,Binary,Binary: /usr/bin/grub-mkrelpath,0.13522667951758754,1,Normal
2026-09-28,16:31:00,DEB-0001,Binary,Binary: /usr/bin/grub-mkrescue,0.13553395711872385,1,Normal
2026-09-28,16:31:00,DEB-0001,Binary,Binary: /usr/bin/grub-mkstandalone,0.13662914594736886,1,Normal
2026-09-28,16:31:00,DEB-0001,Binary,Binary: /usr/bin/grub-mount,0.13693547497984193,1,Normal
2026-09-28,16:31:01,DEB-0001,Binary,Binary: /usr/bin/grub-ntldr-img,0.13607836675161783,1,Normal
2026-09-28,16:31:01,DEB-0001,Binary,Binary: /usr/bin/grub-render-label,0.13564957719658177,1,Normal
2026-09-28,16:31:01,DEB-0001,Binary,Binary: /usr/bin/grub-script-check,0.13562001227694032,1,Normal
2026-09-28,16:31:01,DEB-0001,Binary,Binary: /usr/bin/grub-syslinux2cfg,0.1358941727119919,1,Normal
2026-09-28,16:31:01,DEB-0001,Binary,Binary: /usr/bin/gs,0.1358941727119919,1,Normal
2026-09-28,16:31:01,DEB-0001,Binary,Binary: /usr/bin/gsbj,0.13531028089584812,1,Normal
2026-09-28,16:31:02,DEB-0001,Binary,Binary: /usr/bin/gsdj,0.13417405978756491,1,Normal
2026-09-28,16:31:02,DEB-0001,Binary,Binary: /usr/bin/gsdj500,0.13436018994048482,1,Normal
2026-09-28,16:31:02,DEB-0001,Binary,Binary: /usr/bin/gsettings,0.13545839327363374,1,Normal
2026-09-28,16:31:02,DEB-0001,Binary,Binary: /usr/bin/gslj,0.13545839327363374,1,Normal
2026-09-28,16:31:02,DEB-0001,Binary,Binary: /usr/bin/gslp,0.13545839327363374,1,Normal
2026-09-28,16:31:02,DEB-0001,Binary,Binary: /usr/bin/gsnd,0.13530475489348676,1,Normal
2026-09-28,16:31:02,DEB-0001,Binary,Binary: /usr/bin/gst-device-monitor-1.0,0.13530475489348676,1,Normal
2026-09-28,16:31:02,DEB-0001,Binary,Binary: /usr/bin/gst-discoverer-1.0,0.13685161987854444,1,Normal
2026-09-28,16:31:03,DEB-0001,Binary,Binary: /usr/bin/gst-inspect-1.0,0.13546727121311575,1,Normal
2026-09-28,16:31:03,DEB-0001,Binary,Binary: /usr/bin/gst-launch-1.0,0.135313635836823,1,Normal
2026-09-28,16:31:03,DEB-0001,Binary,Binary: /usr/bin/gst-play-1.0,0.1350513154130789,1,Normal
2026-09-28,16:31:03,DEB-0001,Binary,Binary: /usr/bin/gst-stats-1.0,0.13535871162303942,1,Normal
2026-09-28,16:31:03,DEB-0001,Binary,Binary: /usr/bin/gst-tester-1.0,0.1355825786680548,1,Normal
2026-09-28,16:31:03,DEB-0001,Binary,Binary: /usr/bin/gst-typefind-1.0,0.13588961555413775,1,Normal
2026-09-28,16:31:03,DEB-0001,Binary,Binary: /usr/bin/gstack,0.1350036710556975,1,Normal
2026-09-28,16:31:03,DEB-0001,Binary,Binary: /usr/bin/gstreamer-codec-install,0.13388900486581057,1,Normal
2026-09-28,16:31:03,DEB-0001,Binary,Binary: /usr/bin/gtbl,0.13281156132715732,1,Normal
2026-09-28,16:31:04,DEB-0001,Binary,Binary: /usr/bin/gted,0.13149354901457955,1,Normal
2026-09-28,16:31:04,DEB-0001,Binary,Binary: /usr/bin/gtk-builder-tool,0.13149354901457955,1,Normal
2026-09-28,16:31:04,DEB-0001,Binary,Binary: /usr/bin/gtk-encode-symbolic-svg,0.13087331477166242,1,Normal
2026-09-28,16:31:04,DEB-0001,Binary,Binary: /usr/bin/gtk-launch,0.13087331477166242,1,Normal
2026-09-28,16:31:04,DEB-0001,Binary,Binary: /usr/bin/gtk-query-settings,0.13087331477166242,1,Normal
2026-09-28,16:31:04,DEB-0001,Binary,Binary: /usr/bin/gtk-update-icon-cache,0.13121124120126854,1,Normal
2026-09-28,16:31:04,DEB-0001,Binary,Binary: /usr/bin/gtk4-broadwayd,0.13116208424492615,1,Normal
2026-09-28,16:31:04,DEB-0001,Binary,Binary: /usr/bin/gtk4-builder-tool,0.13116208424492615,1,Normal
2026-09-28,16:31:04,DEB-0001,Binary,Binary: /usr/bin/gtk4-encode-symbolic-svg,0.1312977430227849,1,Normal
2026-09-28,16:31:05,DEB-0001,Binary,Binary: /usr/bin/gtk4-image-tool,0.13164569097695172,1,Normal
2026-09-28,16:31:05,DEB-0001,Binary,Binary: /usr/bin/gtk4-launch,0.13164569097695172,1,Normal
2026-09-28,16:31:05,DEB-0001,Binary,Binary: /usr/bin/gtk4-path-tool,0.13164569097695172,1,Normal
2026-09-28,16:31:05,DEB-0001,Binary,Binary: /usr/bin/gtk4-query-settings,0.13113003810248397,1,Normal
2026-09-28,16:31:05,DEB-0001,Binary,Binary: /usr/bin/gtk4-rendernode-tool,0.1309749352216979,1,Normal
2026-09-28,16:31:05,DEB-0001,Binary,Binary: /usr/bin/gtk4-update-icon-cache,0.1309749352216979,1,Normal
2026-09-28,16:31:05,DEB-0001,Binary,Binary: /usr/bin/gunzip,0.1299765405482971,1,Normal
2026-09-28,16:31:05,DEB-0001,Binary,Binary: /usr/bin/gzexe,0.1299765405482971,1,Normal
2026-09-28,16:31:06,DEB-0001,Binary,Binary: /usr/bin/gzip,0.12818979028433747,1,Normal
2026-09-28,16:31:06,DEB-0001,Binary,Binary: /usr/bin/h2ph,0.12834583520124743,1,Normal
2026-09-28,16:31:06,DEB-0001,Binary,Binary: /usr/bin/h2xs,0.12834583520124743,1,Normal
2026-09-28,16:31:06,DEB-0001,Binary,Binary: /usr/bin/hardlink,0.12834583520124743,1,Normal
2026-09-28,16:31:06,DEB-0001,Binary,Binary: /usr/bin/hashsum,0.12834583520124743,1,Normal
2026-09-28,16:31:06,DEB-0001,Binary,Binary: /usr/bin/hbpldecode,0.12834583520124743,1,Normal
2026-09-28,16:31:06,DEB-0001,Binary,Binary: /usr/bin/hciattach,0.12834583520124743,1,Normal
2026-09-28,16:31:06,DEB-0001,Binary,Binary: /usr/bin/hciconfig,0.12818979028433747,1,Normal
2026-09-28,16:31:07,DEB-0001,Binary,Binary: /usr/bin/hcitool,0.12778209752343594,1,Normal
2026-09-28,16:31:07,DEB-0001,Binary,Binary: /usr/bin/hd,0.12778209752343594,1,Normal
2026-09-28,16:31:07,DEB-0001,Binary,Binary: /usr/bin/head,0.12759345316637632,1,Normal
2026-09-28,16:31:07,DEB-0001,Binary,Binary: /usr/bin/heif-thumbnailer,0.12693720326520747,1,Normal
2026-09-28,16:31:07,DEB-0001,Binary,Binary: /usr/bin/helpztags,0.12709367185206882,1,Normal
2026-09-28,16:31:08,DEB-0001,Binary,Binary: /usr/bin/hex2hcd,0.1273778545610652,1,Normal
2026-09-28,16:31:08,DEB-0001,Binary,Binary: /usr/bin/hexdump,0.1273778545610652,1,Normal
2026-09-28,16:31:08,DEB-0001,Binary,Binary: /usr/bin/hipercdecode,0.12760779242598724,1,Normal
2026-09-28,16:31:08,DEB-0001,Binary,Binary: /usr/bin/host,0.12760779242598724,1,Normal
2026-09-28,16:31:08,DEB-0001,Binary,Binary: /usr/bin/hostid,0.12760779242598724,1,Normal
2026-09-28,16:31:08,DEB-0001,Binary,Binary: /usr/bin/hostname,0.12760779242598724,1,Normal
2026-09-28,16:31:08,DEB-0001,Binary,Binary: /usr/bin/hostnamectl,0.12760779242598724,1,Normal
2026-09-28,16:31:09,DEB-0001,Binary,Binary: /usr/bin/hp-align,0.12844706860065908,1,Normal
2026-09-28,16:31:09,DEB-0001,Binary,Binary: /usr/bin/hp-check,0.12937143472506674,1,Normal
2026-09-28,16:31:09,DEB-0001,Binary,Binary: /usr/bin/hp-clean,0.12937143472506674,1,Normal
2026-09-28,16:31:09,DEB-0001,Binary,Binary: /usr/bin/hp-colorcal,0.129312334820744,1,Normal
2026-09-28,16:31:09,DEB-0001,Binary,Binary: /usr/bin/hp-config_usb_printer,0.12994457192820497,1,Normal
2026-09-28,16:31:09,DEB-0001,Binary,Binary: /usr/bin/hp-doctor,0.13080795099418446,1,Normal
2026-09-28,16:31:09,DEB-0001,Binary,Binary: /usr/bin/hp-firmware,0.13067576721449448,1,Normal
2026-09-28,16:31:09,DEB-0001,Binary,Binary: /usr/bin/hp-info,0.13067576721449448,1,Normal
2026-09-28,16:31:10,DEB-0001,Binary,Binary: /usr/bin/hp-levels,0.12894094936867617,1,Normal
2026-09-28,16:31:10,DEB-0001,Binary,Binary: /usr/bin/hp-logcapture,0.12894094936867617,1,Normal
2026-09-28,16:31:10,DEB-0001,Binary,Binary: /usr/bin/hp-makeuri,0.12878510580887398,1,Normal
2026-09-28,16:31:10,DEB-0001,Binary,Binary: /usr/bin/hp-pkservice,0.1286292095193433,1,Normal
2026-09-28,16:31:10,DEB-0001,Binary,Binary: /usr/bin/hp-plugin,0.1286292095193433,1,Normal
2026-09-28,16:31:10,DEB-0001,Binary,Binary: /usr/bin/hp-plugin-ubuntu,0.1286292095193433,1,Normal
2026-09-28,16:31:10,DEB-0001,Binary,Binary: /usr/bin/hp-probe,0.12831725867972588,1,Normal
2026-09-28,16:31:10,DEB-0001,Binary,Binary: /usr/bin/hp-query,0.12831725867972588,1,Normal
2026-09-28,16:31:10,DEB-0001,Binary,Binary: /usr/bin/hp-scan,0.1277652852661637,1,Normal
2026-09-28,16:31:11,DEB-0001,Binary,Binary: /usr/bin/hp-setup,0.12855731083007194,1,Normal
2026-09-28,16:31:11,DEB-0001,Binary,Binary: /usr/bin/hp-testpage,0.12820796226682574,1,Normal
2026-09-28,16:31:11,DEB-0001,Binary,Binary: /usr/bin/hp-timedate,0.1265365583434641,1,Normal
2026-09-28,16:31:11,DEB-0001,Binary,Binary: /usr/bin/hwctl,0.12636115718161178,1,Normal
2026-09-28,16:31:11,DEB-0001,Binary,Binary: /usr/bin/hwe-support-status,0.12636115718161178,1,Normal
2026-09-28,16:31:11,DEB-0001,Binary,Binary: /usr/bin/i386,0.12593685965951107,1,Normal
2026-09-28,16:31:11,DEB-0001,Binary,Binary: /usr/bin/ibus,0.12541960875941705,1,Normal
2026-09-28,16:31:11,DEB-0001,Binary,Binary: /usr/bin/ibus-daemon,0.125576590651287,1,Normal
2026-09-28,16:31:11,DEB-0001,Binary,Binary: /usr/bin/ibus-setup,0.12538704526526934,1,Normal
2026-09-28,16:31:12,DEB-0001,Binary,Binary: /usr/bin/ibus-table-createdb,0.12873395084927403,1,Normal
2026-09-28,16:31:12,DEB-0001,Binary,Binary: /usr/bin/iceauth,0.12857803725144307,1,Normal
2026-09-28,16:31:12,DEB-0001,Binary,Binary: /usr/bin/iconv,0.1292013753006126,1,Normal
2026-09-28,16:31:12,DEB-0001,Binary,Binary: /usr/bin/id,0.12923367119298196,1,Normal
2026-09-28,16:31:12,DEB-0001,Binary,Binary: /usr/bin/iecset,0.12936678857958678,1,Normal
2026-09-28,16:31:13,DEB-0001,Binary,Binary: /usr/bin/ijs_pxljr,0.1284067967357187,1,Normal
2026-09-28,16:31:13,DEB-0001,Binary,Binary: /usr/bin/im-config,0.12876966413351043,1,Normal
2026-09-28,16:31:13,DEB-0001,Binary,Binary: /usr/bin/im-launch,0.12854797811987612,1,Normal
2026-09-28,16:31:13,DEB-0001,Binary,Binary: /usr/bin/inetutils-telnet,0.12854797811987612,1,Normal
2026-09-28,16:31:13,DEB-0001,Binary,Binary: /usr/bin/info,0.1286812938045353,1,Normal
2026-09-28,16:31:13,DEB-0001,Binary,Binary: /usr/bin/infobrowser,0.12848874528912058,1,Normal
2026-09-28,16:31:13,DEB-0001,Binary,Binary: /usr/bin/infocmp,0.12754827535115137,1,Normal
2026-09-28,16:31:13,DEB-0001,Binary,Binary: /usr/bin/infotocap,0.12770453725146963,1,Normal
2026-09-28,16:31:13,DEB-0001,Binary,Binary: /usr/bin/inputattach,0.12727987656316525,1,Normal
2026-09-28,16:31:13,DEB-0001,Binary,Binary: /usr/bin/install,0.12727987656316525,1,Normal
2026-09-28,16:31:13,DEB-0001,Binary,Binary: /usr/bin/install-info,0.1274686489752413,1,Normal
2026-09-28,16:31:13,DEB-0001,Binary,Binary: /usr/bin/install-menu,0.1274686489752413,1,Normal
2026-09-28,16:31:13,DEB-0001,Binary,Binary: /usr/bin/instmodsh,0.12762493780806183,1,Normal
2026-09-28,16:31:14,DEB-0001,Binary,Binary: /usr/bin/ionice,0.1261723808518736,1,Normal
2026-09-28,16:31:14,DEB-0001,Binary,Binary: /usr/bin/iostat,0.1261723808518736,1,Normal
2026-09-28,16:31:14,DEB-0001,Binary,Binary: /usr/bin/ip,0.1261723808518736,1,Normal
2026-09-28,16:31:14,DEB-0001,Binary,Binary: /usr/bin/ipcmk,0.1261723808518736,1,Normal
2026-09-28,16:31:14,DEB-0001,Binary,Binary: /usr/bin/ipcrm,0.1249034962924922,1,Normal
2026-09-28,16:31:14,DEB-0001,Binary,Binary: /usr/bin/ipcs,0.1249034962924922,1,Normal
2026-09-28,16:31:15,DEB-0001,Binary,Binary: /usr/bin/ippfind,0.12365907798523523,1,Normal
2026-09-28,16:31:15,DEB-0001,Binary,Binary: /usr/bin/ipptool,0.12439852522186284,1,Normal
2026-09-28,16:31:15,DEB-0001,Binary,Binary: /usr/bin/iptables-xml,0.12439852522186284,1,Normal
2026-09-28,16:31:15,DEB-0001,Binary,Binary: /usr/bin/ischroot,0.1236704663208612,1,Normal
2026-09-28,16:31:15,DEB-0001,Binary,Binary: /usr/bin/ispell-wrapper,0.12330358317784196,1,Normal
2026-09-28,16:31:16,DEB-0001,Binary,Binary: /usr/bin/join,0.12374208324597558,1,Normal
2026-09-28,16:31:16,DEB-0001,Binary,Binary: /usr/bin/journalctl,0.12354747110560133,1,Normal
2026-09-28,16:31:16,DEB-0001,Binary,Binary: /usr/bin/jpgicc,0.12397395544123851,1,Normal
2026-09-28,16:31:16,DEB-0001,Binary,Binary: /usr/bin/jq,0.12397395544123851,1,Normal
2026-09-28,16:31:16,DEB-0001,Binary,Binary: /usr/bin/json-patch-jsondiff,0.12426549529903463,1,Normal
2026-09-28,16:31:16,DEB-0001,Binary,Binary: /usr/bin/json_pp,0.12432148444710883,1,Normal
2026-09-28,16:31:16,DEB-0001,Binary,Binary: /usr/bin/jsondiff,0.12416407788957129,1,Normal
2026-09-28,16:31:16,DEB-0001,Binary,Binary: /usr/bin/jsonpatch,0.12416407788957129,1,Normal
2026-09-28,16:31:17,DEB-0001,Binary,Binary: /usr/bin/jsonpointer,0.12230577338035037,1,Normal
2026-09-28,16:31:17,DEB-0001,Binary,Binary: /usr/bin/jsonschema,0.1224348918722481,1,Normal
2026-09-28,16:31:17,DEB-0001,Binary,Binary: /usr/bin/kbd_mode,0.12227684698538638,1,Normal
2026-09-28,16:31:17,DEB-0001,Binary,Binary: /usr/bin/kbdinfo,0.1224348918722481,1,Normal
2026-09-28,16:31:17,DEB-0001,Binary,Binary: /usr/bin/kbxutil,0.12337131080214597,1,Normal
2026-09-28,16:31:17,DEB-0001,Binary,Binary: /usr/bin/kernel-install,0.12268843412949026,1,Normal
2026-09-28,16:31:17,DEB-0001,Binary,Binary: /usr/bin/kill,0.12228302276402264,1,Normal
2026-09-28,16:31:17,DEB-0001,Binary,Binary: /usr/bin/killall,0.12171847284450565,1,Normal
2026-09-28,16:31:17,DEB-0001,Binary,Binary: /usr/bin/kmod,0.12171847284450565,1,Normal
2026-09-28,16:31:18,DEB-0001,Binary,Binary: /usr/bin/kmodsign,0.12215163356377501,1,Normal
2026-09-28,16:31:18,DEB-0001,Binary,Binary: /usr/bin/l2ping,0.12138388906861564,1,Normal
2026-09-28,16:31:18,DEB-0001,Binary,Binary: /usr/bin/l2test,0.12073142794590497,1,Normal
2026-09-28,16:31:18,DEB-0001,Binary,Binary: /usr/bin/laptop-detect,0.12092832794282621,1,Normal
2026-09-28,16:31:18,DEB-0001,Binary,Binary: /usr/bin/lavadecode,0.12092832794282621,1,Normal
2026-09-28,16:31:18,DEB-0001,Binary,Binary: /usr/bin/ld,0.1207697733094788,1,Normal
2026-09-28,16:31:18,DEB-0001,Binary,Binary: /usr/bin/ld.bfd,0.12092832794282621,1,Normal
2026-09-28,16:31:18,DEB-0001,Binary,Binary: /usr/bin/ld.so,0.12092832794282621,1,Normal
2026-09-28,16:31:19,DEB-0001,Binary,Binary: /usr/bin/ldapadd,0.12213173800309673,1,Normal
2026-09-28,16:31:19,DEB-0001,Binary,Binary: /usr/bin/ldapcompare,0.12213173800309673,1,Normal
2026-09-28,16:31:19,DEB-0001,Binary,Binary: /usr/bin/ldapdelete,0.12211282200429929,1,Normal
2026-09-28,16:31:19,DEB-0001,Binary,Binary: /usr/bin/ldapexop,0.12263375824508232,1,Normal
2026-09-28,16:31:19,DEB-0001,Binary,Binary: /usr/bin/ldapmodify,0.12255027335192986,1,Normal
2026-09-28,16:31:19,DEB-0001,Binary,Binary: /usr/bin/ldapmodrdn,0.12262536492458581,1,Normal
2026-09-28,16:31:19,DEB-0001,Binary,Binary: /usr/bin/ldappasswd,0.12262536492458581,1,Normal
2026-09-28,16:31:19,DEB-0001,Binary,Binary: /usr/bin/ldapsearch,0.12222375479985975,1,Normal
2026-09-28,16:31:20,DEB-0001,Binary,Binary: /usr/bin/ldapurl,0.12162815662498433,1,Normal
2026-09-28,16:31:20,DEB-0001,Binary,Binary: /usr/bin/ldapwhoami,0.12162815662498433,1,Normal
2026-09-28,16:31:20,DEB-0001,Binary,Binary: /usr/bin/ldd,0.12127861563693576,1,Normal
2026-09-28,16:31:20,DEB-0001,Binary,Binary: /usr/bin/less,0.12158455755669545,1,Normal
2026-09-28,16:31:20,DEB-0001,Binary,Binary: /usr/bin/lessecho,0.12158455755669545,1,Normal
2026-09-28,16:31:20,DEB-0001,Binary,Binary: /usr/bin/lessfile,0.12158455755669545,1,Normal
2026-09-28,16:31:20,DEB-0001,Binary,Binary: /usr/bin/lesskey,0.12165980441597612,1,Normal
2026-09-28,16:31:20,DEB-0001,Binary,Binary: /usr/bin/lesspipe,0.12213440463143238,1,Normal
2026-09-28,16:31:20,DEB-0001,Binary,Binary: /usr/bin/lexgrog,0.12245053729064637,1,Normal
2026-09-28,16:31:21,DEB-0001,Binary,Binary: /usr/bin/libnetcfg,0.12236414501505333,1,Normal
2026-09-28,16:31:21,DEB-0001,Binary,Binary: /usr/bin/link,0.12236414501505333,1,Normal
2026-09-28,16:31:21,DEB-0001,Binary,Binary: /usr/bin/linkicc,0.12220607619096524,1,Normal
2026-09-28,16:31:21,DEB-0001,Binary,Binary: /usr/bin/linux-boot-prober,0.12373492456792307,1,Normal
2026-09-28,16:31:21,DEB-0001,Binary,Binary: /usr/bin/linux-check-removal,0.12373492456792307,1,Normal
2026-09-28,16:31:21,DEB-0001,Binary,Binary: /usr/bin/linux-run-hooks,0.12438786664142804,1,Normal
2026-09-28,16:31:21,DEB-0001,Binary,Binary: /usr/bin/linux-update-symlinks,0.12400767803826934,1,Normal
2026-09-28,16:31:21,DEB-0001,Binary,Binary: /usr/bin/linux-version,0.12402548846976064,1,Normal
2026-09-28,16:31:21,DEB-0001,Binary,Binary: /usr/bin/linux32,0.12402548846976064,1,Normal
2026-09-28,16:31:22,DEB-0001,Binary,Binary: /usr/bin/linux64,0.1265163985323286,1,Normal
2026-09-28,16:31:22,DEB-0001,Binary,Binary: /usr/bin/listres,0.12564869047608185,1,Normal
2026-09-28,16:31:22,DEB-0001,Binary,Binary: /usr/bin/ln,0.1258568942558025,1,Normal
2026-09-28,16:31:22,DEB-0001,Binary,Binary: /usr/bin/lnstat,0.12570000720476504,1,Normal
2026-09-28,16:31:22,DEB-0001,Binary,Binary: /usr/bin/loadkeys,0.12570000720476504,1,Normal
2026-09-28,16:31:22,DEB-0001,Binary,Binary: /usr/bin/loadunimap,0.1258568942558025,1,Normal
2026-09-28,16:31:22,DEB-0001,Binary,Binary: /usr/bin/locale,0.1257050257140811,1,Normal
2026-09-28,16:31:22,DEB-0001,Binary,Binary: /usr/bin/locale-check,0.12540869016340045,1,Normal
2026-09-28,16:31:23,DEB-0001,Binary,Binary: /usr/bin/localectl,0.12424264684342884,1,Normal
2026-09-28,16:31:23,DEB-0001,Binary,Binary: /usr/bin/localedef,0.12424264684342884,1,Normal
2026-09-28,16:31:23,DEB-0001,Binary,Binary: /usr/bin/localsearch,0.12408521361115782,1,Normal
2026-09-28,16:31:23,DEB-0001,Binary,Binary: /usr/bin/logger,0.12408521361115782,1,Normal
2026-09-28,16:31:23,DEB-0001,Binary,Binary: /usr/bin/login,0.12365883119437732,1,Normal
2026-09-28,16:31:23,DEB-0001,Binary,Binary: /usr/bin/loginctl,0.12365883119437732,1,Normal
2026-09-28,16:31:23,DEB-0001,Binary,Binary: /usr/bin/logname,0.1232652979244423,1,Normal
2026-09-28,16:31:23,DEB-0001,Binary,Binary: /usr/bin/look,0.1232652979244423,1,Normal
2026-09-28,16:31:23,DEB-0001,Binary,Binary: /usr/bin/loupe,0.1238995478839452,1,Normal
2026-09-28,16:31:23,DEB-0001,Binary,Binary: /usr/bin/lowntfs-3g,0.12427688736023035,1,Normal
2026-09-28,16:31:24,DEB-0001,Binary,Binary: /usr/bin/lp,0.12547624923465173,1,Normal
2026-09-28,16:31:24,DEB-0001,Binary,Binary: /usr/bin/lpoptions,0.1259506894814808,1,Normal
2026-09-28,16:31:24,DEB-0001,Binary,Binary: /usr/bin/lpq,0.12558560207096914,1,Normal
2026-09-28,16:31:24,DEB-0001,Binary,Binary: /usr/bin/lpr,0.12555305022322372,1,Normal
2026-09-28,16:31:24,DEB-0001,Binary,Binary: /usr/bin/lprm,0.12492477201872582,1,Normal
2026-09-28,16:31:24,DEB-0001,Binary,Binary: /usr/bin/lpstat,0.12492477201872582,1,Normal
2026-09-28,16:31:24,DEB-0001,Binary,Binary: /usr/bin/ls,0.1249844353508292,1,Normal
2026-09-28,16:31:24,DEB-0001,Binary,Binary: /usr/bin/lsattr,0.1258034840866366,1,Normal
2026-09-28,16:31:24,DEB-0001,Binary,Binary: /usr/bin/lsb_release,0.12510300825505605,1,Normal
2026-09-28,16:31:24,DEB-0001,Binary,Binary: /usr/bin/lsblk,0.12510300825505605,1,Normal
2026-09-28,16:31:25,DEB-0001,Binary,Binary: /usr/bin/lscpu,0.12593760662200687,1,Normal
2026-09-28,16:31:25,DEB-0001,Binary,Binary: /usr/bin/lshw,0.12593760662200687,1,Normal
2026-09-28,16:31:25,DEB-0001,Binary,Binary: /usr/bin/lsinitramfs,0.12593760662200687,1,Normal
2026-09-28,16:31:25,DEB-0001,Binary,Binary: /usr/bin/lsinitrd,0.12546315298607014,1,Normal
2026-09-28,16:31:25,DEB-0001,Binary,Binary: /usr/bin/lsipc,0.125430592547067,1,Normal
2026-09-28,16:31:25,DEB-0001,Binary,Binary: /usr/bin/lslocks,0.1255912848991813,1,Normal
2026-09-28,16:31:25,DEB-0001,Binary,Binary: /usr/bin/lsmod,0.12648372525894314,1,Normal
2026-09-28,16:31:25,DEB-0001,Binary,Binary: /usr/bin/lsns,0.12617032232285713,1,Normal
2026-09-28,16:31:26,DEB-0001,Binary,Binary: /usr/bin/lsof,0.12637927196979465,1,Normal
2026-09-28,16:31:26,DEB-0001,Binary,Binary: /usr/bin/lspci,0.12637927196979465,1,Normal
2026-09-28,16:31:26,DEB-0001,Binary,Binary: /usr/bin/lspgpot,0.12637927196979465,1,Normal
2026-09-28,16:31:26,DEB-0001,Binary,Binary: /usr/bin/lspower,0.12669253358122362,1,Normal
2026-09-28,16:31:26,DEB-0001,Binary,Binary: /usr/bin/lsusb,0.12655916394041156,1,Normal
2026-09-28,16:31:26,DEB-0001,Binary,Binary: /usr/bin/lto-dump,0.12702879441872617,1,Normal
2026-09-28,16:31:26,DEB-0001,Binary,Binary: /usr/bin/lto-dump-15,0.12702879441872617,1,Normal
2026-09-28,16:31:26,DEB-0001,Binary,Binary: /usr/bin/luit,0.12615805706311445,1,Normal
2026-09-28,16:31:26,DEB-0001,Binary,Binary: /usr/bin/lwp-download,0.12571081968829573,1,Normal
2026-09-28,16:31:27,DEB-0001,Binary,Binary: /usr/bin/lwp-dump,0.12611449793664647,1,Normal
2026-09-28,16:31:27,DEB-0001,Binary,Binary: /usr/bin/lwp-mirror,0.12580084510187756,1,Normal
2026-09-28,16:31:27,DEB-0001,Binary,Binary: /usr/bin/lwp-request,0.12561139133187643,1,Normal
2026-09-28,16:31:27,DEB-0001,Binary,Binary: /usr/bin/lzcat,0.12561139133187643,1,Normal
2026-09-28,16:31:27,DEB-0001,Binary,Binary: /usr/bin/lzcmp,0.12561139133187643,1,Normal
2026-09-28,16:31:27,DEB-0001,Binary,Binary: /usr/bin/lzdiff,0.12505260334880236,1,Normal
2026-09-28,16:31:27,DEB-0001,Binary,Binary: /usr/bin/lzegrep,0.12467300691784439,1,Normal
2026-09-28,16:31:27,DEB-0001,Binary,Binary: /usr/bin/lzfgrep,0.12488991680852929,1,Normal
2026-09-28,16:31:27,DEB-0001,Binary,Binary: /usr/bin/lzgrep,0.12488991680852929,1,Normal
2026-09-28,16:31:28,DEB-0001,Binary,Binary: /usr/bin/lzless,0.12628701718241364,1,Normal
2026-09-28,16:31:28,DEB-0001,Binary,Binary: /usr/bin/lzma,0.1269598152523016,1,Normal
2026-09-28,16:31:28,DEB-0001,Binary,Binary: /usr/bin/lzmainfo,0.1272559424782792,1,Normal
2026-09-28,16:31:28,DEB-0001,Binary,Binary: /usr/bin/lzmore,0.12746342488946333,1,Normal
2026-09-28,16:31:28,DEB-0001,Binary,Binary: /usr/bin/m17n-db,0.1270401371077225,1,Normal
2026-09-28,16:31:28,DEB-0001,Binary,Binary: /usr/bin/m2300w,0.12775781650263662,1,Normal
2026-09-28,16:31:28,DEB-0001,Binary,Binary: /usr/bin/m2300w-wrapper,0.1279801342493153,1,Normal
2026-09-28,16:31:28,DEB-0001,Binary,Binary: /usr/bin/m2400w,0.127667744105656,1,Normal
2026-09-28,16:31:29,DEB-0001,Binary,Binary: /usr/bin/make,0.12787462748628364,1,Normal
2026-09-28,16:31:29,DEB-0001,Binary,Binary: /usr/bin/make-first-existing-target,0.12784223624085722,1,Normal
2026-09-28,16:31:29,DEB-0001,Binary,Binary: /usr/bin/makedumpfile,0.12748344791602856,1,Normal
2026-09-28,16:31:29,DEB-0001,Binary,Binary: /usr/bin/makedumpfile-R.pl,0.12748344791602856,1,Normal
2026-09-28,16:31:29,DEB-0001,Binary,Binary: /usr/bin/man,0.12791975502640113,1,Normal
2026-09-28,16:31:29,DEB-0001,Binary,Binary: /usr/bin/man-recode,0.12791975502640113,1,Normal
2026-09-28,16:31:29,DEB-0001,Binary,Binary: /usr/bin/mandb,0.1281193019457731,1,Normal
2026-09-28,16:31:29,DEB-0001,Binary,Binary: /usr/bin/manpath,0.1281193019457731,1,Normal
2026-09-28,16:31:29,DEB-0001,Binary,Binary: /usr/bin/mapscrn,0.12745102922470936,1,Normal
2026-09-28,16:31:30,DEB-0001,Binary,Binary: /usr/bin/markdown-it,0.1273152467642813,1,Normal
2026-09-28,16:31:30,DEB-0001,Binary,Binary: /usr/bin/mawk,0.12679471719583058,1,Normal
2026-09-28,16:31:30,DEB-0001,Binary,Binary: /usr/bin/mbim-network,0.12679471719583058,1,Normal
2026-09-28,16:31:30,DEB-0001,Binary,Binary: /usr/bin/mbimcli,0.12695123397660202,1,Normal
2026-09-28,16:31:30,DEB-0001,Binary,Binary: /usr/bin/mcookie,0.12613046266593675,1,Normal
2026-09-28,16:31:30,DEB-0001,Binary,Binary: /usr/bin/md5sum,0.12671398930427014,1,Normal
2026-09-28,16:31:30,DEB-0001,Binary,Binary: /usr/bin/mdig,0.12671398930427014,1,Normal
2026-09-28,16:31:30,DEB-0001,Binary,Binary: /usr/bin/memhog,0.12727196443502847,1,Normal
2026-09-28,16:31:30,DEB-0001,Binary,Binary: /usr/bin/mesa-overlay-control.py,0.12712842194553625,1,Normal
2026-09-28,16:31:31,DEB-0001,Binary,Binary: /usr/bin/mesa-screenshot-control.py,0.1265090415743046,1,Normal
2026-09-28,16:31:31,DEB-0001,Binary,Binary: /usr/bin/migrate-pubring-from-classic-gpg,0.12666565498083926,1,Normal
2026-09-28,16:31:31,DEB-0001,Binary,Binary: /usr/bin/migratepages,0.1263523751775636,1,Normal
2026-09-28,16:31:31,DEB-0001,Binary,Binary: /usr/bin/migspeed,0.1271620222480162,1,Normal
2026-09-28,16:31:31,DEB-0001,Binary,Binary: /usr/bin/mimeopen,0.12734161019724954,1,Normal
2026-09-28,16:31:31,DEB-0001,Binary,Binary: /usr/bin/mimetype,0.12813599370088574,1,Normal
2026-09-28,16:31:31,DEB-0001,Binary,Binary: /usr/bin/min12xxw,0.12800092240023464,1,Normal
2026-09-28,16:31:31,DEB-0001,Binary,Binary: /usr/bin/mk_modmap,0.12810150366074946,1,Normal
2026-09-28,16:31:31,DEB-0001,Binary,Binary: /usr/bin/mkdir,0.12871635392690717,1,Normal
2026-09-28,16:31:32,DEB-0001,Binary,Binary: /usr/bin/mkfifo,0.12892149078579024,1,Normal
2026-09-28,16:31:32,DEB-0001,Binary,Binary: /usr/bin/mkfontdir,0.12923303294850175,1,Normal
2026-09-28,16:31:32,DEB-0001,Binary,Binary: /usr/bin/mkfontscale,0.12907728821529119,1,Normal
2026-09-28,16:31:32,DEB-0001,Binary,Binary: /usr/bin/mknod,0.12848243948203197,1,Normal
2026-09-28,16:31:32,DEB-0001,Binary,Binary: /usr/bin/mksquashfs,0.1286383854144646,1,Normal
2026-09-28,16:31:32,DEB-0001,Binary,Binary: /usr/bin/mktemp,0.1291520490591792,1,Normal
2026-09-28,16:31:32,DEB-0001,Binary,Binary: /usr/bin/mmcli,0.12793088211394693,1,Normal
2026-09-28,16:31:32,DEB-0001,Binary,Binary: /usr/bin/mokutil,0.12891935176894403,1,Normal
2026-09-28,16:31:32,DEB-0001,Binary,Binary: /usr/bin/monitor-sensor,0.12823584348098344,1,Normal
2026-09-28,16:31:32,DEB-0001,Binary,Binary: /usr/bin/more,0.12888645012130046,1,Normal
2026-09-28,16:31:33,DEB-0001,Binary,Binary: /usr/bin/mount,0.12859425941626562,1,Normal
2026-09-28,16:31:33,DEB-0001,Fount known binary,Fount known binary: mount (File system tool) - /usr/bin/mount,-0.017810165831586455,-1,Anomalía
2026-09-28,16:31:33,DEB-0001,Binary,Binary: /usr/bin/mountpoint,0.12859425941626562,1,Normal
2026-09-28,16:31:33,DEB-0001,Binary,Binary: /usr/bin/mpris-proxy,0.12859425941626562,1,Normal
2026-09-28,16:31:33,DEB-0001,Binary,Binary: /usr/bin/mpstat,0.12859425941626562,1,Normal
2026-09-28,16:31:33,DEB-0001,Binary,Binary: /usr/bin/mscompress,0.12859425941626562,1,Normal
2026-09-28,16:31:33,DEB-0001,Binary,Binary: /usr/bin/msexpand,0.12859425941626562,1,Normal
2026-09-28,16:31:33,DEB-0001,Binary,Binary: /usr/bin/mt,0.1287646992156069,1,Normal
2026-09-28,16:31:33,DEB-0001,Binary,Binary: /usr/bin/mt-gnu,0.12860879602149755,1,Normal
2026-09-28,16:31:33,DEB-0001,Binary,Binary: /usr/bin/mtr,0.12860879602149755,1,Normal
2026-09-28,16:31:33,DEB-0001,Binary,Binary: /usr/bin/mtr-packet,0.12859014214955788,1,Normal
2026-09-28,16:31:34,DEB-0001,Binary,Binary: /usr/bin/mv,0.127056285210006,1,Normal
2026-09-28,16:31:34,DEB-0001,Binary,Binary: /usr/bin/namei,0.1269230203845434,1,Normal
2026-09-28,16:31:34,DEB-0001,Binary,Binary: /usr/bin/nano,0.1264419428323425,1,Normal
2026-09-28,16:31:34,DEB-0001,Binary,Binary: /usr/bin/nautilus,0.1261744989039078,1,Normal
2026-09-28,16:31:34,DEB-0001,Binary,Binary: /usr/bin/nautilus-autorun-software,0.1273310183353497,1,Normal
2026-09-28,16:31:34,DEB-0001,Binary,Binary: /usr/bin/nautilus-sendto,0.12832865324216464,1,Normal
2026-09-28,16:31:34,DEB-0001,Binary,Binary: /usr/bin/nawk,0.12851699736618116,1,Normal
2026-09-28,16:31:34,DEB-0001,Binary,Binary: /usr/bin/nc,0.12851699736618116,1,Normal
2026-09-28,16:31:34,DEB-0001,Binary,Binary: /usr/bin/nc.openbsd,0.1282507518055926,1,Normal
2026-09-28,16:31:34,DEB-0001,Binary,Binary: /usr/bin/neqn,0.127307173543367,1,Normal
2026-09-28,16:31:35,DEB-0001,Binary,Binary: /usr/bin/netaddr,0.12698197687702062,1,Normal
2026-09-28,16:31:35,DEB-0001,Binary,Binary: /usr/bin/netcat,0.12619520595247113,1,Normal
2026-09-28,16:31:35,DEB-0001,Binary,Binary: /usr/bin/netshaper,0.12584907666268613,1,Normal
2026-09-28,16:31:35,DEB-0001,Binary,Binary: /usr/bin/networkctl,0.12624663842266926,1,Normal
2026-09-28,16:31:35,DEB-0001,Binary,Binary: /usr/bin/networkd-dispatcher,0.12624663842266926,1,Normal
2026-09-28,16:31:35,DEB-0001,Binary,Binary: /usr/bin/ngettext,0.12624663842266926,1,Normal
2026-09-28,16:31:35,DEB-0001,Binary,Binary: /usr/bin/nhlt-dmic-info,0.12608988324172082,1,Normal
2026-09-28,16:31:35,DEB-0001,Binary,Binary: /usr/bin/nice,0.12596560020895947,1,Normal
2026-09-28,16:31:35,DEB-0001,Binary,Binary: /usr/bin/nisdomainname,0.12577621374735098,1,Normal
2026-09-28,16:31:36,DEB-0001,Binary,Binary: /usr/bin/nl,0.12670095338012988,1,Normal
2026-09-28,16:31:36,DEB-0001,Binary,Binary: /usr/bin/nm,0.12670095338012988,1,Normal
2026-09-28,16:31:36,DEB-0001,Binary,Binary: /usr/bin/nm-connection-editor,0.12654435191682228,1,Normal
2026-09-28,16:31:36,DEB-0001,Binary,Binary: /usr/bin/nm-online,0.12641501677370837,1,Normal
2026-09-28,16:31:36,DEB-0001,Binary,Binary: /usr/bin/nmcli,0.12546051167362482,1,Normal
2026-09-28,16:31:36,DEB-0001,Binary,Binary: /usr/bin/nmtui,0.12546051167362482,1,Normal
2026-09-28,16:31:36,DEB-0001,Binary,Binary: /usr/bin/nmtui-connect,0.12530349050638812,1,Normal
2026-09-28,16:31:36,DEB-0001,Binary,Binary: /usr/bin/nmtui-edit,0.12546051167362482,1,Normal
2026-09-28,16:31:36,DEB-0001,Binary,Binary: /usr/bin/nmtui-hostname,0.1269759519142396,1,Normal
2026-09-28,16:31:36,DEB-0001,Binary,Binary: /usr/bin/nohup,0.1269759519142396,1,Normal
2026-09-28,16:31:37,DEB-0001,Binary,Binary: /usr/bin/notify-send,0.12655883300886422,1,Normal
2026-09-28,16:31:37,DEB-0001,Binary,Binary: /usr/bin/nproc,0.12655883300886422,1,Normal
2026-09-28,16:31:37,DEB-0001,Binary,Binary: /usr/bin/nroff,0.12645791548671453,1,Normal
2026-09-28,16:31:37,DEB-0001,Binary,Binary: /usr/bin/nsenter,0.12655883300886422,1,Normal
2026-09-28,16:31:37,DEB-0001,Binary,Binary: /usr/bin/nslookup,0.12687197317284094,1,Normal
2026-09-28,16:31:37,DEB-0001,Binary,Binary: /usr/bin/nstat,0.12687197317284094,1,Normal
2026-09-28,16:31:37,DEB-0001,Binary,Binary: /usr/bin/nsupdate,0.12666793074265087,1,Normal
2026-09-28,16:31:37,DEB-0001,Binary,Binary: /usr/bin/ntfs-3g,0.12698099711755906,1,Normal
2026-09-28,16:31:37,DEB-0001,Binary,Binary: /usr/bin/ntfs-3g.probe,0.12713745089176548,1,Normal
2026-09-28,16:31:37,DEB-0001,Binary,Binary: /usr/bin/ntfscat,0.12713745089176548,1,Normal
2026-09-28,16:31:37,DEB-0001,Binary,Binary: /usr/bin/ntfscluster,0.1272571368309976,1,Normal
2026-09-28,16:31:38,DEB-0001,Binary,Binary: /usr/bin/ntfscmp,0.12594795974477913,1,Normal
2026-09-28,16:31:38,DEB-0001,Binary,Binary: /usr/bin/ntfsdecrypt,0.12563419419442207,1,Normal
2026-09-28,16:31:38,DEB-0001,Binary,Binary: /usr/bin/ntfsfallocate,0.12563419419442207,1,Normal
2026-09-28,16:31:38,DEB-0001,Binary,Binary: /usr/bin/ntfsfix,0.12576783028929528,1,Normal
2026-09-28,16:31:38,DEB-0001,Binary,Binary: /usr/bin/ntfsinfo,0.12576783028929528,1,Normal
2026-09-28,16:31:38,DEB-0001,Binary,Binary: /usr/bin/ntfsls,0.12576783028929528,1,Normal
2026-09-28,16:31:38,DEB-0001,Binary,Binary: /usr/bin/ntfsmove,0.12576783028929528,1,Normal
2026-09-28,16:31:38,DEB-0001,Binary,Binary: /usr/bin/ntfsrecover,0.12482553041988081,1,Normal
2026-09-28,16:31:38,DEB-0001,Binary,Binary: /usr/bin/ntfssecaudit,0.12434993867586785,1,Normal
2026-09-28,16:31:38,DEB-0001,Binary,Binary: /usr/bin/ntfstruncate,0.12477568857802723,1,Normal
2026-09-28,16:31:39,DEB-0001,Binary,Binary: /usr/bin/ntfsusermap,0.1234044544780441,1,Normal
2026-09-28,16:31:39,DEB-0001,Binary,Binary: /usr/bin/ntfswipe,0.12297078146579654,1,Normal
2026-09-28,16:31:39,DEB-0001,Binary,Binary: /usr/bin/numactl,0.12297078146579654,1,Normal
2026-09-28,16:31:39,DEB-0001,Binary,Binary: /usr/bin/numastat,0.12297078146579654,1,Normal
2026-09-28,16:31:39,DEB-0001,Binary,Binary: /usr/bin/numfmt,0.12312859163907508,1,Normal
2026-09-28,16:31:39,DEB-0001,Binary,Binary: /usr/bin/oakdecode,0.12312859163907508,1,Normal
2026-09-28,16:31:39,DEB-0001,Binary,Binary: /usr/bin/obexctl,0.12312859163907508,1,Normal
2026-09-28,16:31:39,DEB-0001,Binary,Binary: /usr/bin/objcopy,0.12347675168111438,1,Normal
2026-09-28,16:31:40,DEB-0001,Binary,Binary: /usr/bin/objdump,0.12127459335899049,1,Normal
2026-09-28,16:31:40,DEB-0001,Binary,Binary: /usr/bin/od,0.12074726115859985,1,Normal
2026-09-28,16:31:40,DEB-0001,Binary,Binary: /usr/bin/oem-getlogs,0.12042997569612257,1,Normal
2026-09-28,16:31:40,DEB-0001,Binary,Binary: /usr/bin/on_ac_power,0.12106808240893557,1,Normal
2026-09-28,16:31:40,DEB-0001,Binary,Binary: /usr/bin/oomctl,0.12117847399582349,1,Normal
2026-09-28,16:31:40,DEB-0001,Binary,Binary: /usr/bin/open,0.12056780757546931,1,Normal
2026-09-28,16:31:40,DEB-0001,Binary,Binary: /usr/bin/openssl,0.12040913095991679,1,Normal
2026-09-28,16:31:40,DEB-0001,Binary,Binary: /usr/bin/openvt,0.1198362154228006,1,Normal
2026-09-28,16:31:40,DEB-0001,Binary,Binary: /usr/bin/opldecode,0.1195183133506747,1,Normal
2026-09-28,16:31:41,DEB-0001,Binary,Binary: /usr/bin/orca,0.11878034179067942,1,Normal
2026-09-28,16:31:41,DEB-0001,Binary,Binary: /usr/bin/orca-dm-wrapper,0.11913174765767459,1,Normal
2026-09-28,16:31:41,DEB-0001,Binary,Binary: /usr/bin/os-prober,0.1189725851506957,1,Normal
2026-09-28,16:31:41,DEB-0001,Binary,Binary: /usr/bin/p11-kit,0.11865032884881344,1,Normal
2026-09-28,16:31:41,DEB-0001,Binary,Binary: /usr/bin/pager,0.11880960035445642,1,Normal
2026-09-28,16:31:41,DEB-0001,Binary,Binary: /usr/bin/paper,0.11826111146905882,1,Normal
2026-09-28,16:31:41,DEB-0001,Binary,Binary: /usr/bin/paperconf,0.11763382006497258,1,Normal
2026-09-28,16:31:41,DEB-0001,Binary,Binary: /usr/bin/papers,0.11810316159462986,1,Normal
2026-09-28,16:31:41,DEB-0001,Binary,Binary: /usr/bin/papers-previewer,0.11731952714369515,1,Normal
2026-09-28,16:31:42,DEB-0001,Binary,Binary: /usr/bin/papers-thumbnailer,0.11528108671181675,1,Normal
2026-09-28,16:31:42,DEB-0001,Binary,Binary: /usr/bin/partx,0.11587320851669519,1,Normal
2026-09-28,16:31:42,DEB-0001,Binary,Binary: /usr/bin/passwd,0.1151793480752793,1,Normal
2026-09-28,16:31:42,DEB-0001,Binary,Binary: /usr/bin/paste,0.11469768573269562,1,Normal
2026-09-28,16:31:42,DEB-0001,Binary,Binary: /usr/bin/patch,0.11489159632356821,1,Normal
2026-09-28,16:31:42,DEB-0001,Binary,Binary: /usr/bin/pathchk,0.11489159632356821,1,Normal
2026-09-28,16:31:42,DEB-0001,Binary,Binary: /usr/bin/pcilmr,0.11492489614644846,1,Normal
2026-09-28,16:31:42,DEB-0001,Binary,Binary: /usr/bin/pdb3,0.11508542772733404,1,Normal
2026-09-28,16:31:42,DEB-0001,Binary,Binary: /usr/bin/pdb3.14,0.11524590501066911,1,Normal
2026-09-28,16:31:43,DEB-0001,Binary,Binary: /usr/bin/pdf2dsc,0.11294274577875207,1,Normal
2026-09-28,16:31:43,DEB-0001,Binary,Binary: /usr/bin/pdf2ps,0.11278148922060394,1,Normal
2026-09-28,16:31:43,DEB-0001,Binary,Binary: /usr/bin/pdfattach,0.11199453005386933,1,Normal
2026-09-28,16:31:43,DEB-0001,Binary,Binary: /usr/bin/pdfdetach,0.11211549641648222,1,Normal
2026-09-28,16:31:43,DEB-0001,Binary,Binary: /usr/bin/pdffonts,0.11174742212892586,1,Normal
2026-09-28,16:31:43,DEB-0001,Binary,Binary: /usr/bin/pdfimages,0.11174742212892586,1,Normal
2026-09-28,16:31:43,DEB-0001,Binary,Binary: /usr/bin/pdfinfo,0.11207058010147258,1,Normal
2026-09-28,16:31:43,DEB-0001,Binary,Binary: /usr/bin/pdfseparate,0.11207058010147258,1,Normal
2026-09-28,16:31:43,DEB-0001,Binary,Binary: /usr/bin/pdfsig,0.11223207711463684,1,Normal
2026-09-28,16:31:44,DEB-0001,Binary,Binary: /usr/bin/pdftocairo,0.11356531407869169,1,Normal
2026-09-28,16:31:44,DEB-0001,Binary,Binary: /usr/bin/pdftohtml,0.11340426816676769,1,Normal
2026-09-28,16:31:44,DEB-0001,Binary,Binary: /usr/bin/pdftoppm,0.11340426816676769,1,Normal
2026-09-28,16:31:44,DEB-0001,Binary,Binary: /usr/bin/pdftops,0.11361034564249661,1,Normal
2026-09-28,16:31:44,DEB-0001,Binary,Binary: /usr/bin/pdftotext,0.11377132185161132,1,Normal
2026-09-28,16:31:44,DEB-0001,Binary,Binary: /usr/bin/pdfunite,0.11412646678662014,1,Normal
2026-09-28,16:31:44,DEB-0001,Binary,Binary: /usr/bin/peekfd,0.11261012666416703,1,Normal
2026-09-28,16:31:44,DEB-0001,Binary,Binary: /usr/bin/perf,0.11196432259466887,1,Normal
2026-09-28,16:31:44,DEB-0001,Binary,Binary: /usr/bin/perl,0.1126931343458184,1,Normal
2026-09-28,16:31:44,DEB-0001,Binary,Binary: /usr/bin/perl5.40-x86_64-linux-gnu,0.11265967793834164,1,Normal
2026-09-28,16:31:44,DEB-0001,Binary,Binary: /usr/bin/perl5.40.1,0.11249832560408074,1,Normal
2026-09-28,16:31:45,DEB-0001,Binary,Binary: /usr/bin/perlbug,0.11490587078909792,1,Normal
2026-09-28,16:31:45,DEB-0001,Binary,Binary: /usr/bin/perldoc,0.11490587078909792,1,Normal
2026-09-28,16:31:45,DEB-0001,Binary,Binary: /usr/bin/perli11ndoc,0.11522689252126128,1,Normal
2026-09-28,16:31:45,DEB-0001,Binary,Binary: /usr/bin/perlivp,0.11570801805518266,1,Normal
2026-09-28,16:31:45,DEB-0001,Binary,Binary: /usr/bin/perlthanks,0.11562596102409967,1,Normal
2026-09-28,16:31:45,DEB-0001,Binary,Binary: /usr/bin/pf2afm,0.11592272844921314,1,Normal
2026-09-28,16:31:45,DEB-0001,Binary,Binary: /usr/bin/pfbtopfa,0.11535592171548048,1,Normal
2026-09-28,16:31:45,DEB-0001,Binary,Binary: /usr/bin/pgrep,0.11535592171548048,1,Normal
2026-09-28,16:31:46,DEB-0001,Binary,Binary: /usr/bin/pic,0.1159830682445755,1,Normal
2026-09-28,16:31:46,DEB-0001,Binary,Binary: /usr/bin/pico,0.11756864349823276,1,Normal
2026-09-28,16:31:46,DEB-0001,Binary,Binary: /usr/bin/piconv,0.11783742269916653,1,Normal
2026-09-28,16:31:46,DEB-0001,Binary,Binary: /usr/bin/pidof,0.11822445840849355,1,Normal
2026-09-28,16:31:46,DEB-0001,Binary,Binary: /usr/bin/pidstat,0.11855264393126846,1,Normal
2026-09-28,16:31:46,DEB-0001,Binary,Binary: /usr/bin/pidwait,0.11851959863798106,1,Normal
2026-09-28,16:31:46,DEB-0001,Binary,Binary: /usr/bin/pinentry,0.11867891436128014,1,Normal
2026-09-28,16:31:46,DEB-0001,Binary,Binary: /usr/bin/pinentry-curses,0.11867891436128014,1,Normal
2026-09-28,16:31:46,DEB-0001,Binary,Binary: /usr/bin/pinentry-gnome3,0.11872219347264695,1,Normal
2026-09-28,16:31:47,DEB-0001,Binary,Binary: /usr/bin/pinentry-x11,0.12000589156205238,1,Normal
2026-09-28,16:31:47,DEB-0001,Binary,Binary: /usr/bin/ping,0.11997294823134613,1,Normal
2026-09-28,16:31:47,DEB-0001,Binary,Binary: /usr/bin/ping4,0.1199437619763759,1,Normal
2026-09-28,16:31:47,DEB-0001,Binary,Binary: /usr/bin/ping6,0.1201025959964454,1,Normal
2026-09-28,16:31:47,DEB-0001,Binary,Binary: /usr/bin/pinky,0.1201025959964454,1,Normal
2026-09-28,16:31:47,DEB-0001,Binary,Binary: /usr/bin/pipewire,0.12022845088772233,1,Normal
2026-09-28,16:31:47,DEB-0001,Binary,Binary: /usr/bin/pipewire-aes67,0.12065797285335406,1,Normal
2026-09-28,16:31:47,DEB-0001,Binary,Binary: /usr/bin/pipewire-avb,0.12036417252648668,1,Normal
2026-09-28,16:31:47,DEB-0001,Binary,Binary: /usr/bin/pipewire-pulse,0.1208165653016342,1,Normal
2026-09-28,16:31:47,DEB-0001,Binary,Binary: /usr/bin/pkaction,0.12113358929133927,1,Normal
2026-09-28,16:31:47,DEB-0001,Binary,Binary: /usr/bin/pkcheck,0.12148323853676685,1,Normal
2026-09-28,16:31:47,DEB-0001,Binary,Binary: /usr/bin/pkexec,0.1208165653016342,1,Normal
2026-09-28,16:31:48,DEB-0001,Binary,Binary: /usr/bin/pkgcli,0.1211778595521596,1,Normal
2026-09-28,16:31:48,DEB-0001,Binary,Binary: /usr/bin/pkill,0.1211778595521596,1,Normal
2026-09-28,16:31:48,DEB-0001,Binary,Binary: /usr/bin/pkttyagent,0.1216282362297435,1,Normal
2026-09-28,16:31:48,DEB-0001,Binary,Binary: /usr/bin/pl2pm,0.1216282362297435,1,Normal
2026-09-28,16:31:48,DEB-0001,Binary,Binary: /usr/bin/pldd,0.1216282362297435,1,Normal
2026-09-28,16:31:48,DEB-0001,Binary,Binary: /usr/bin/plog,0.12194845457810072,1,Normal
2026-09-28,16:31:48,DEB-0001,Binary,Binary: /usr/bin/plymouth,0.12173395132112846,1,Normal
2026-09-28,16:31:48,DEB-0001,Binary,Binary: /usr/bin/pmap,0.12105643071840594,1,Normal
2026-09-28,16:31:48,DEB-0001,Binary,Binary: /usr/bin/pnm2ppa,0.12105643071840594,1,Normal
2026-09-28,16:31:48,DEB-0001,Binary,Binary: /usr/bin/pod2html,0.1206874889572706,1,Normal
2026-09-28,16:31:48,DEB-0001,Binary,Binary: /usr/bin/pod2man,0.120897919428682,1,Normal
2026-09-28,16:31:48,DEB-0001,Binary,Binary: /usr/bin/pod2text,0.120308839516788,1,Normal
2026-09-28,16:31:49,DEB-0001,Binary,Binary: /usr/bin/pod2usage,0.11976139107842482,1,Normal
2026-09-28,16:31:49,DEB-0001,Binary,Binary: /usr/bin/podchecker,0.12038284209670602,1,Normal
2026-09-28,16:31:49,DEB-0001,Binary,Binary: /usr/bin/poff,0.12006530998984977,1,Normal
2026-09-28,16:31:49,DEB-0001,Binary,Binary: /usr/bin/pon,0.11851066824947992,1,Normal
2026-09-28,16:31:49,DEB-0001,Binary,Binary: /usr/bin/powerprofilesctl,0.11851066824947992,1,Normal
2026-09-28,16:31:49,DEB-0001,Binary,Binary: /usr/bin/ppdc,0.11880562925254051,1,Normal
2026-09-28,16:31:49,DEB-0001,Binary,Binary: /usr/bin/ppdhtml,0.11880562925254051,1,Normal
2026-09-28,16:31:49,DEB-0001,Binary,Binary: /usr/bin/ppdi,0.11994700271358139,1,Normal
2026-09-28,16:31:49,DEB-0001,Binary,Binary: /usr/bin/ppdmerge,0.11990970425611536,1,Normal
2026-09-28,16:31:50,DEB-0001,Binary,Binary: /usr/bin/ppdpo,0.12008626355358681,1,Normal
2026-09-28,16:31:50,DEB-0001,Binary,Binary: /usr/bin/pphs,0.12008626355358681,1,Normal
2026-09-28,16:31:50,DEB-0001,Binary,Binary: /usr/bin/pr,0.12019688649852833,1,Normal
2026-09-28,16:31:50,DEB-0001,Binary,Binary: /usr/bin/precat,0.12038293558820495,1,Normal
2026-09-28,16:31:50,DEB-0001,Binary,Binary: /usr/bin/preconv,0.12038293558820495,1,Normal
2026-09-28,16:31:50,DEB-0001,Binary,Binary: /usr/bin/preunzip,0.11996504080823961,1,Normal
2026-09-28,16:31:50,DEB-0001,Binary,Binary: /usr/bin/prezip,0.1204413601320008,1,Normal
2026-09-28,16:31:50,DEB-0001,Binary,Binary: /usr/bin/prezip-bin,0.12112752366819718,1,Normal
2026-09-28,16:31:50,DEB-0001,Binary,Binary: /usr/bin/printafm,0.12112752366819718,1,Normal
2026-09-28,16:31:50,DEB-0001,Binary,Binary: /usr/bin/printenv,0.12093616067814555,1,Normal
2026-09-28,16:31:50,DEB-0001,Binary,Binary: /usr/bin/printer-profile,0.12093616067814555,1,Normal
2026-09-28,16:31:51,DEB-0001,Binary,Binary: /usr/bin/printf,0.121172004333513,1,Normal
2026-09-28,16:31:51,DEB-0001,Binary,Binary: /usr/bin/prlimit,0.121172004333513,1,Normal
2026-09-28,16:31:51,DEB-0001,Binary,Binary: /usr/bin/pro,0.12085500634369434,1,Normal
2026-09-28,16:31:51,DEB-0001,Binary,Binary: /usr/bin/prove,0.1201874382888875,1,Normal
2026-09-28,16:31:51,DEB-0001,Binary,Binary: /usr/bin/prtstat,0.12027073176704872,1,Normal
2026-09-28,16:31:51,DEB-0001,Binary,Binary: /usr/bin/ps,0.11995312378221157,1,Normal
2026-09-28,16:31:51,DEB-0001,Binary,Binary: /usr/bin/ps2ascii,0.12032264341911364,1,Normal
2026-09-28,16:31:51,DEB-0001,Binary,Binary: /usr/bin/ps2epsi,0.12022036657162466,1,Normal
2026-09-28,16:31:51,DEB-0001,Binary,Binary: /usr/bin/ps2pdf,0.1199027244988552,1,Normal
2026-09-28,16:31:51,DEB-0001,Binary,Binary: /usr/bin/ps2pdf12,0.11977006954027425,1,Normal
2026-09-28,16:31:51,DEB-0001,Binary,Binary: /usr/bin/ps2pdf13,0.11945212269960631,1,Normal
2026-09-28,16:31:52,DEB-0001,Binary,Binary: /usr/bin/ps2pdf14,0.11879196001548759,1,Normal
2026-09-28,16:31:52,DEB-0001,Binary,Binary: /usr/bin/ps2pdfwr,0.11911035336212639,1,Normal
2026-09-28,16:31:52,DEB-0001,Binary,Binary: /usr/bin/ps2ps,0.11863268254122916,1,Normal
2026-09-28,16:31:52,DEB-0001,Binary,Binary: /usr/bin/ps2ps2,0.1174402422468569,1,Normal
2026-09-28,16:31:52,DEB-0001,Binary,Binary: /usr/bin/ps2txt,0.11828533770423588,1,Normal
2026-09-28,16:31:52,DEB-0001,Binary,Binary: /usr/bin/psfaddtable,0.11957703515257895,1,Normal
2026-09-28,16:31:52,DEB-0001,Binary,Binary: /usr/bin/psfgettable,0.11957703515257895,1,Normal
2026-09-28,16:31:52,DEB-0001,Binary,Binary: /usr/bin/psfstriptable,0.11909983819786901,1,Normal
2026-09-28,16:31:52,DEB-0001,Binary,Binary: /usr/bin/psfxtable,0.11909983819786901,1,Normal
2026-09-28,16:31:52,DEB-0001,Binary,Binary: /usr/bin/psicc,0.11909983819786901,1,Normal
2026-09-28,16:31:53,DEB-0001,Binary,Binary: /usr/bin/pslog,0.12014467312492993,1,Normal
2026-09-28,16:31:53,DEB-0001,Binary,Binary: /usr/bin/pstree,0.11985055116509208,1,Normal
2026-09-28,16:31:53,DEB-0001,Binary,Binary: /usr/bin/pstree.x11,0.12020115815612176,1,Normal
2026-09-28,16:31:53,DEB-0001,Binary,Binary: /usr/bin/ptar,0.12020115815612176,1,Normal
2026-09-28,16:31:53,DEB-0001,Binary,Binary: /usr/bin/ptardiff,0.12019939437326632,1,Normal
2026-09-28,16:31:53,DEB-0001,Binary,Binary: /usr/bin/ptargrep,0.12006362506792839,1,Normal
2026-09-28,16:31:53,DEB-0001,Binary,Binary: /usr/bin/ptx,0.12036143893371853,1,Normal
2026-09-28,16:31:53,DEB-0001,Binary,Binary: /usr/bin/ptyxis,0.12022624498245382,1,Normal
2026-09-28,16:31:53,DEB-0001,Binary,Binary: /usr/bin/pw-cat,0.12089375784174028,1,Normal
2026-09-28,16:31:53,DEB-0001,Binary,Binary: /usr/bin/pw-cli,0.12089375784174028,1,Normal
2026-09-28,16:31:54,DEB-0001,Binary,Binary: /usr/bin/pw-config,0.11796292455191015,1,Normal
2026-09-28,16:31:54,DEB-0001,Binary,Binary: /usr/bin/pw-container,0.11727212527941822,1,Normal
2026-09-28,16:31:54,DEB-0001,Binary,Binary: /usr/bin/pw-dot,0.11697620338467801,1,Normal
2026-09-28,16:31:54,DEB-0001,Binary,Binary: /usr/bin/pw-dsdplay,0.11697620338467801,1,Normal
2026-09-28,16:31:54,DEB-0001,Binary,Binary: /usr/bin/pw-dump,0.11713604113972581,1,Normal
2026-09-28,16:31:54,DEB-0001,Binary,Binary: /usr/bin/pw-encplay,0.11713604113972581,1,Normal
2026-09-28,16:31:54,DEB-0001,Binary,Binary: /usr/bin/pw-link,0.11713604113972581,1,Normal
2026-09-28,16:31:54,DEB-0001,Binary,Binary: /usr/bin/pw-loopback,0.11643626783677813,1,Normal
2026-09-28,16:31:54,DEB-0001,Binary,Binary: /usr/bin/pw-metadata,0.11643626783677813,1,Normal
2026-09-28,16:31:54,DEB-0001,Binary,Binary: /usr/bin/pw-midi2play,0.11643626783677813,1,Normal
2026-09-28,16:31:54,DEB-0001,Binary,Binary: /usr/bin/pw-midi2record,0.11516355504831921,1,Normal
2026-09-28,16:31:55,DEB-0001,Binary,Binary: /usr/bin/pw-mididump,0.1136158551100876,1,Normal
2026-09-28,16:31:55,DEB-0001,Binary,Binary: /usr/bin/pw-midiplay,0.11313260520513208,1,Normal
2026-09-28,16:31:55,DEB-0001,Binary,Binary: /usr/bin/pw-midirecord,0.11313260520513208,1,Normal
2026-09-28,16:31:55,DEB-0001,Binary,Binary: /usr/bin/pw-mon,0.11382313258645654,1,Normal
2026-09-28,16:31:55,DEB-0001,Binary,Binary: /usr/bin/pw-play,0.11317897103442681,1,Normal
2026-09-28,16:31:55,DEB-0001,Binary,Binary: /usr/bin/pw-profiler,0.11317897103442681,1,Normal
2026-09-28,16:31:55,DEB-0001,Binary,Binary: /usr/bin/pw-record,0.11317897103442681,1,Normal
2026-09-28,16:31:55,DEB-0001,Binary,Binary: /usr/bin/pw-reserve,0.11224965970227074,1,Normal
2026-09-28,16:31:55,DEB-0001,Binary,Binary: /usr/bin/pw-sysex,0.11224965970227074,1,Normal
2026-09-28,16:31:56,DEB-0001,Binary,Binary: /usr/bin/pw-top,0.11239947883615281,1,Normal
2026-09-28,16:31:56,DEB-0001,Binary,Binary: /usr/bin/pwd,0.11159173055354343,1,Normal
2026-09-28,16:31:56,DEB-0001,Binary,Binary: /usr/bin/pwdx,0.11159173055354343,1,Normal
2026-09-28,16:31:56,DEB-0001,Binary,Binary: /usr/bin/py3clean,0.11271274646073542,1,Normal
2026-09-28,16:31:56,DEB-0001,Binary,Binary: /usr/bin/py3compile,0.11358556638400502,1,Normal
2026-09-28,16:31:56,DEB-0001,Binary,Binary: /usr/bin/py3versions,0.11358556638400502,1,Normal
2026-09-28,16:31:56,DEB-0001,Binary,Binary: /usr/bin/pybabel,0.11398601768008698,1,Normal
2026-09-28,16:31:57,DEB-0001,Binary,Binary: /usr/bin/pybabel-python3,0.1154422172994759,1,Normal
2026-09-28,16:31:57,DEB-0001,Binary,Binary: /usr/bin/pydoc3,0.11457098523949932,1,Normal
2026-09-28,16:31:57,DEB-0001,Binary,Binary: /usr/bin/pydoc3.14,0.11457098523949932,1,Normal
2026-09-28,16:31:57,DEB-0001,Binary,Binary: /usr/bin/pygettext3,0.1144335877633545,1,Normal
2026-09-28,16:31:57,DEB-0001,Binary,Binary: /usr/bin/pygettext3.14,0.11350672401126694,1,Normal
2026-09-28,16:31:57,DEB-0001,Binary,Binary: /usr/bin/pygmentize,0.11473502778668926,1,Normal
2026-09-28,16:31:58,DEB-0001,Binary,Binary: /usr/bin/pyserial-miniterm,0.11549083749903016,1,Normal
2026-09-28,16:31:58,DEB-0001,Binary,Binary: /usr/bin/pyserial-ports,0.11500949144113687,1,Normal
2026-09-28,16:31:58,DEB-0001,Binary,Binary: /usr/bin/python3,0.11500949144113687,1,Normal
2026-09-28,16:31:58,DEB-0001,Binary,Binary: /usr/bin/python3.14,0.11500949144113687,1,Normal
2026-09-28,16:31:58,DEB-0001,Binary,Binary: /usr/bin/pzstd,0.11507536664029056,1,Normal
2026-09-28,16:31:58,DEB-0001,Binary,Binary: /usr/bin/qmi-firmware-update,0.11542953814891715,1,Normal
2026-09-28,16:31:58,DEB-0001,Binary,Binary: /usr/bin/qmi-network,0.11550577473228985,1,Normal
2026-09-28,16:31:58,DEB-0001,Binary,Binary: /usr/bin/qmicli,0.11569935532453018,1,Normal
2026-09-28,16:31:59,DEB-0001,Binary,Binary: /usr/bin/qpdldecode,0.11781364682237716,1,Normal
2026-09-28,16:31:59,DEB-0001,Binary,Binary: /usr/bin/quirks-handler,0.11744215128819097,1,Normal
2026-09-28,16:31:59,DEB-0001,Binary,Binary: /usr/bin/ranlib,0.11632987644711434,1,Normal
2026-09-28,16:31:59,DEB-0001,Binary,Binary: /usr/bin/rbash,0.11632987644711434,1,Normal
2026-09-28,16:31:59,DEB-0001,Binary,Binary: /usr/bin/rctest,0.11616976592593231,1,Normal
2026-09-28,16:31:59,DEB-0001,Binary,Binary: /usr/bin/rdma,0.11613924526246983,1,Normal
2026-09-28,16:31:59,DEB-0001,Binary,Binary: /usr/bin/readelf,0.11497223801948497,1,Normal
2026-09-28,16:31:59,DEB-0001,Binary,Binary: /usr/bin/readlink,0.11461772489640548,1,Normal
2026-09-28,16:32:00,DEB-0001,Binary,Binary: /usr/bin/realpath,0.11387242418359517,1,Normal
2026-09-28,16:32:00,DEB-0001,Binary,Binary: /usr/bin/red,0.11324291227519823,1,Normal
2026-09-28,16:32:00,DEB-0001,Binary,Binary: /usr/bin/renice,0.11359845165051058,1,Normal
2026-09-28,16:32:00,DEB-0001,Binary,Binary: /usr/bin/reset,0.11445536927865624,1,Normal
2026-09-28,16:32:00,DEB-0001,Binary,Binary: /usr/bin/resizecons,0.11458273817897757,1,Normal
2026-09-28,16:32:00,DEB-0001,Binary,Binary: /usr/bin/resolvectl,0.11458273817897757,1,Normal
2026-09-28,16:32:00,DEB-0001,Binary,Binary: /usr/bin/resources,0.11476721194103384,1,Normal
2026-09-28,16:32:01,DEB-0001,Binary,Binary: /usr/bin/rev,0.11335805350499467,1,Normal
2026-09-28,16:32:01,DEB-0001,Binary,Binary: /usr/bin/rfcomm,0.11303576691408296,1,Normal
2026-09-28,16:32:01,DEB-0001,Binary,Binary: /usr/bin/rgrep,0.112626868605752,1,Normal
2026-09-28,16:32:01,DEB-0001,Binary,Binary: /usr/bin/rm,0.11294943175809397,1,Normal
2026-09-28,16:32:01,DEB-0001,Binary,Binary: /usr/bin/rmdir,0.11132347330565306,1,Normal
2026-09-28,16:32:01,DEB-0001,Binary,Binary: /usr/bin/rnano,0.11180855833006659,1,Normal
2026-09-28,16:32:01,DEB-0001,Binary,Binary: /usr/bin/routel,0.11143731010577113,1,Normal
2026-09-28,16:32:02,DEB-0001,Binary,Binary: /usr/bin/rpcgen,0.10990171849911495,1,Normal
2026-09-28,16:32:02,DEB-0001,Binary,Binary: /usr/bin/rrsync,0.10990171849911495,1,Normal
2026-09-28,16:32:02,DEB-0001,Binary,Binary: /usr/bin/rsync,0.10990171849911495,1,Normal
2026-09-28,16:32:02,DEB-0001,Binary,Binary: /usr/bin/rsync-ssl,0.11031295331552426,1,Normal
2026-09-28,16:32:02,DEB-0001,Binary,Binary: /usr/bin/rtla,0.11034657436205325,1,Normal
2026-09-28,16:32:02,DEB-0001,Binary,Binary: /usr/bin/rtstat,0.10948224562170283,1,Normal
2026-09-28,16:32:02,DEB-0001,Binary,Binary: /usr/bin/run-parts,0.1093159737639674,1,Normal
2026-09-28,16:32:02,DEB-0001,Binary,Binary: /usr/bin/run-with-aspell,0.10990263702265729,1,Normal
2026-09-28,16:32:02,DEB-0001,Binary,Binary: /usr/bin/run0,0.10957801175317111,1,Normal
2026-09-28,16:32:02,DEB-0001,Binary,Binary: /usr/bin/runcon,0.10941561673596961,1,Normal
2026-09-28,16:32:03,DEB-0001,Binary,Binary: /usr/bin/rview,0.10753277114308868,1,Normal
2026-09-28,16:32:03,DEB-0001,Binary,Binary: /usr/bin/rygel,0.10769580300634451,1,Normal
2026-09-28,16:32:03,DEB-0001,Binary,Binary: /usr/bin/sadf,0.10720268055618443,1,Normal
2026-09-28,16:32:03,DEB-0001,Binary,Binary: /usr/bin/sane-find-scanner,0.10711335713012038,1,Normal
2026-09-28,16:32:03,DEB-0001,Binary,Binary: /usr/bin/sar,0.10660343544106238,1,Normal
2026-09-28,16:32:03,DEB-0001,Binary,Binary: /usr/bin/sar.sysstat,0.1069000756422786,1,Normal
2026-09-28,16:32:03,DEB-0001,Binary,Binary: /usr/bin/savelog,0.10609041558103438,1,Normal
2026-09-28,16:32:03,DEB-0001,Binary,Binary: /usr/bin/sbattach,0.10705803148723841,1,Normal
2026-09-28,16:32:03,DEB-0001,Binary,Binary: /usr/bin/sbkeysync,0.10548012456687117,1,Normal
2026-09-28,16:32:03,DEB-0001,Binary,Binary: /usr/bin/sbsiglist,0.10583179634835033,1,Normal
2026-09-28,16:32:03,DEB-0001,Binary,Binary: /usr/bin/sbsign,0.10583179634835033,1,Normal
2026-09-28,16:32:03,DEB-0001,Binary,Binary: /usr/bin/sbvarsign,0.10573964006176045,1,Normal
2026-09-28,16:32:04,DEB-0001,Binary,Binary: /usr/bin/sbverify,0.10424716280207263,1,Normal
2026-09-28,16:32:04,DEB-0001,Binary,Binary: /usr/bin/scanimage,0.10460941720737521,1,Normal
2026-09-28,16:32:04,DEB-0001,Binary,Binary: /usr/bin/scp,0.1051890695912035,1,Normal
2026-09-28,16:32:04,DEB-0001,Binary,Binary: /usr/bin/scp-dbus-service,0.1051890695912035,1,Normal
2026-09-28,16:32:04,DEB-0001,Binary,Binary: /usr/bin/screen,0.10519989998199553,1,Normal
2026-09-28,16:32:04,DEB-0001,Binary,Binary: /usr/bin/screendump,0.10519989998199553,1,Normal
2026-09-28,16:32:04,DEB-0001,Binary,Binary: /usr/bin/script,0.10489641364591956,1,Normal
2026-09-28,16:32:04,DEB-0001,Binary,Binary: /usr/bin/scriptlive,0.10489641364591956,1,Normal
2026-09-28,16:32:04,DEB-0001,Binary,Binary: /usr/bin/scriptreplay,0.10550374132980234,1,Normal
2026-09-28,16:32:05,DEB-0001,Binary,Binary: /usr/bin/sdiff,0.10416145783083064,1,Normal
2026-09-28,16:32:05,DEB-0001,Binary,Binary: /usr/bin/sdptool,0.10416145783083064,1,Normal
2026-09-28,16:32:05,DEB-0001,Binary,Binary: /usr/bin/seahorse,0.10448974662708982,1,Normal
2026-09-28,16:32:05,DEB-0001,Binary,Binary: /usr/bin/sed,0.10432562999342332,1,Normal
2026-09-28,16:32:05,DEB-0001,Binary,Binary: /usr/bin/select-default-iwrap,0.10544438230332187,1,Normal
2026-09-28,16:32:05,DEB-0001,Binary,Binary: /usr/bin/select-editor,0.10653034049602139,1,Normal
2026-09-28,16:32:05,DEB-0001,Binary,Binary: /usr/bin/sensible-browser,0.10669371141735229,1,Normal
2026-09-28,16:32:05,DEB-0001,Binary,Binary: /usr/bin/sensible-editor,0.10669371141735229,1,Normal
2026-09-28,16:32:05,DEB-0001,Binary,Binary: /usr/bin/sensible-pager,0.10669371141735229,1,Normal
2026-09-28,16:32:06,DEB-0001,Binary,Binary: /usr/bin/sensible-terminal,0.10464707492097863,1,Normal
2026-09-28,16:32:06,DEB-0001,Binary,Binary: /usr/bin/seq,0.10464707492097863,1,Normal
2026-09-28,16:32:06,DEB-0001,Binary,Binary: /usr/bin/sessreg,0.10420904864170433,1,Normal
2026-09-28,16:32:06,DEB-0001,Binary,Binary: /usr/bin/setarch,0.10524169122790139,1,Normal
2026-09-28,16:32:06,DEB-0001,Binary,Binary: /usr/bin/setfacl,0.10524169122790139,1,Normal
2026-09-28,16:32:06,DEB-0001,Binary,Binary: /usr/bin/setfont,0.10515068829778723,1,Normal
2026-09-28,16:32:06,DEB-0001,Binary,Binary: /usr/bin/setkeycodes,0.10490495126613253,1,Normal
2026-09-28,16:32:06,DEB-0001,Binary,Binary: /usr/bin/setleds,0.10441285635613001,1,Normal
2026-09-28,16:32:06,DEB-0001,Binary,Binary: /usr/bin/setlogcons,0.10441285635613001,1,Normal
2026-09-28,16:32:06,DEB-0001,Binary,Binary: /usr/bin/setmetamode,0.10441285635613001,1,Normal
2026-09-28,16:32:06,DEB-0001,Binary,Binary: /usr/bin/setpci,0.10408451551936276,1,Normal
2026-09-28,16:32:06,DEB-0001,Binary,Binary: /usr/bin/setpriv,0.10424871370661071,1,Normal
2026-09-28,16:32:07,DEB-0001,Binary,Binary: /usr/bin/setsid,0.10389090772880966,1,Normal
2026-09-28,16:32:07,DEB-0001,Binary,Binary: /usr/bin/setterm,0.10389090772880966,1,Normal
2026-09-28,16:32:07,DEB-0001,Binary,Binary: /usr/bin/setupcon,0.10487430955214455,1,Normal
2026-09-28,16:32:07,DEB-0001,Binary,Binary: /usr/bin/setxkbmap,0.10487430955214455,1,Normal
2026-09-28,16:32:07,DEB-0001,Binary,Binary: /usr/bin/sftp,0.10537560794465678,1,Normal
2026-09-28,16:32:07,DEB-0001,Binary,Binary: /usr/bin/sh,0.10537560794465678,1,Normal
2026-09-28,16:32:07,DEB-0001,Binary,Binary: /usr/bin/sha1sum,0.10582563558641556,1,Normal
2026-09-28,16:32:07,DEB-0001,Binary,Binary: /usr/bin/sha224sum,0.10572005072723628,1,Normal
2026-09-28,16:32:07,DEB-0001,Binary,Binary: /usr/bin/sha256sum,0.1050745177670685,1,Normal
2026-09-28,16:32:07,DEB-0001,Binary,Binary: /usr/bin/sha3-224sum,0.10460693137922572,1,Normal
2026-09-28,16:32:08,DEB-0001,Binary,Binary: /usr/bin/sha3-256sum,0.10237412680878244,1,Normal
2026-09-28,16:32:08,DEB-0001,Binary,Binary: /usr/bin/sha3-384sum,0.10216991434354805,1,Normal
2026-09-28,16:32:08,DEB-0001,Binary,Binary: /usr/bin/sha3-512sum,0.10200501279373503,1,Normal
2026-09-28,16:32:08,DEB-0001,Binary,Binary: /usr/bin/sha384sum,0.10150997330175993,1,Normal
2026-09-28,16:32:08,DEB-0001,Binary,Binary: /usr/bin/sha3sum,0.10150997330175993,1,Normal
2026-09-28,16:32:08,DEB-0001,Binary,Binary: /usr/bin/sha512sum,0.10203921670006827,1,Normal
2026-09-28,16:32:08,DEB-0001,Binary,Binary: /usr/bin/shake128sum,0.10220410668089075,1,Normal
2026-09-28,16:32:08,DEB-0001,Binary,Binary: /usr/bin/shake256sum,0.10234504084480567,1,Normal
2026-09-28,16:32:08,DEB-0001,Binary,Binary: /usr/bin/shasum,0.10318044973249185,1,Normal
2026-09-28,16:32:09,DEB-0001,Binary,Binary: /usr/bin/showconsolefont,0.09994891484712859,1,Normal
2026-09-28,16:32:09,DEB-0001,Binary,Binary: /usr/bin/showkey,0.09974889963291939,1,Normal
2026-09-28,16:32:09,DEB-0001,Binary,Binary: /usr/bin/showrgb,0.09936317766058023,1,Normal
2026-09-28,16:32:09,DEB-0001,Binary,Binary: /usr/bin/shred,0.09936317766058023,1,Normal
2026-09-28,16:32:09,DEB-0001,Binary,Binary: /usr/bin/shuf,0.10008017289593113,1,Normal
2026-09-28,16:32:09,DEB-0001,Binary,Binary: /usr/bin/size,0.100195324015944,1,Normal
2026-09-28,16:32:09,DEB-0001,Binary,Binary: /usr/bin/skill,0.100195324015944,1,Normal
2026-09-28,16:32:09,DEB-0001,Binary,Binary: /usr/bin/slabtop,0.09958755703575645,1,Normal
2026-09-28,16:32:09,DEB-0001,Binary,Binary: /usr/bin/sleep,0.10027457918351129,1,Normal
2026-09-28,16:32:09,DEB-0001,Binary,Binary: /usr/bin/slxdecode,0.1004743797264,1,Normal
2026-09-28,16:32:10,DEB-0001,Binary,Binary: /usr/bin/snap,0.09917632060761822,1,Normal
2026-09-28,16:32:10,DEB-0001,Binary,Binary: /usr/bin/snapctl,0.0998297127196302,1,Normal
2026-09-28,16:32:10,DEB-0001,Binary,Binary: /usr/bin/snapfuse,0.10004950460014012,1,Normal
2026-09-28,16:32:10,DEB-0001,Binary,Binary: /usr/bin/snice,0.099687951368722,1,Normal
2026-09-28,16:32:10,DEB-0001,Binary,Binary: /usr/bin/soelim,0.09882444303977372,1,Normal
2026-09-28,16:32:10,DEB-0001,Binary,Binary: /usr/bin/sort,0.09882444303977372,1,Normal
2026-09-28,16:32:10,DEB-0001,Binary,Binary: /usr/bin/spa-acp-tool,0.09882444303977372,1,Normal
2026-09-28,16:32:10,DEB-0001,Binary,Binary: /usr/bin/spa-inspect,0.09915634156591913,1,Normal
2026-09-28,16:32:10,DEB-0001,Binary,Binary: /usr/bin/spa-json-dump,0.09946342237172112,1,Normal
2026-09-28,16:32:10,DEB-0001,Binary,Binary: /usr/bin/spa-monitor,0.10042491177393459,1,Normal
2026-09-28,16:32:10,DEB-0001,Binary,Binary: /usr/bin/spa-resample,0.10034341908921846,1,Normal
2026-09-28,16:32:11,DEB-0001,Binary,Binary: /usr/bin/spd-conf,0.10056510492020188,1,Normal
2026-09-28,16:32:11,DEB-0001,Binary,Binary: /usr/bin/spd-say,0.10056510492020188,1,Normal
2026-09-28,16:32:11,DEB-0001,Binary,Binary: /usr/bin/spdsend,0.10083701770009973,1,Normal
2026-09-28,16:32:11,DEB-0001,Binary,Binary: /usr/bin/speaker-test,0.10035048673319247,1,Normal
2026-09-28,16:32:11,DEB-0001,Binary,Binary: /usr/bin/speech-dispatcher,0.0996071841858257,1,Normal
2026-09-28,16:32:11,DEB-0001,Binary,Binary: /usr/bin/spice-vdagent,0.0996071841858257,1,Normal
2026-09-28,16:32:11,DEB-0001,Binary,Binary: /usr/bin/splain,0.09977289676745876,1,Normal
2026-09-28,16:32:11,DEB-0001,Binary,Binary: /usr/bin/split,0.0995529806837851,1,Normal
2026-09-28,16:32:12,DEB-0001,Binary,Binary: /usr/bin/splitfont,0.09930019346099733,1,Normal
2026-09-28,16:32:12,DEB-0001,Binary,Binary: /usr/bin/sqfscat,0.09988600591070457,1,Normal
2026-09-28,16:32:12,DEB-0001,Binary,Binary: /usr/bin/sqfstar,0.0999100265875923,1,Normal
2026-09-28,16:32:12,DEB-0001,Binary,Binary: /usr/bin/ss,0.09941285985785875,1,Normal
2026-09-28,16:32:12,DEB-0001,Binary,Binary: /usr/bin/ssh,0.09924702545759873,1,Normal
2026-09-28,16:32:12,DEB-0001,Binary,Binary: /usr/bin/ssh-add,0.09999853767651601,1,Normal
2026-09-28,16:32:12,DEB-0001,Binary,Binary: /usr/bin/ssh-agent,0.09999853767651601,1,Normal
2026-09-28,16:32:12,DEB-0001,Binary,Binary: /usr/bin/ssh-argv0,0.0998329014405715,1,Normal
2026-09-28,16:32:12,DEB-0001,Binary,Binary: /usr/bin/ssh-copy-id,0.0998329014405715,1,Normal
2026-09-28,16:32:13,DEB-0001,Binary,Binary: /usr/bin/ssh-keygen,0.10015119859077953,1,Normal
2026-09-28,16:32:13,DEB-0001,Binary,Binary: /usr/bin/ssh-keyscan,0.10015119859077953,1,Normal
2026-09-28,16:32:13,DEB-0001,Binary,Binary: /usr/bin/sss_ssh_authorizedkeys,0.10078859990038919,1,Normal
2026-09-28,16:32:13,DEB-0001,Binary,Binary: /usr/bin/sss_ssh_knownhosts,0.10023819756766822,1,Normal
2026-09-28,16:32:13,DEB-0001,Binary,Binary: /usr/bin/sss_ssh_knownhostsproxy,0.09952954473767056,1,Normal
2026-09-28,16:32:13,DEB-0001,Binary,Binary: /usr/bin/stat,0.10000257814812674,1,Normal
2026-09-28,16:32:13,DEB-0001,Binary,Binary: /usr/bin/static-sh,0.1004894551335177,1,Normal
2026-09-28,16:32:13,DEB-0001,Binary,Binary: /usr/bin/stdbuf,0.1004894551335177,1,Normal
2026-09-28,16:32:13,DEB-0001,Binary,Binary: /usr/bin/strace,0.09999925197378018,1,Normal
2026-09-28,16:32:14,DEB-0001,Binary,Binary: /usr/bin/strace-log-merge,0.09774419169710252,1,Normal
2026-09-28,16:32:14,DEB-0001,Binary,Binary: /usr/bin/streamzip,0.09774419169710252,1,Normal
2026-09-28,16:32:14,DEB-0001,Binary,Binary: /usr/bin/strings,0.0979105344097565,1,Normal
2026-09-28,16:32:14,DEB-0001,Binary,Binary: /usr/bin/strip,0.09859475641625587,1,Normal
2026-09-28,16:32:14,DEB-0001,Binary,Binary: /usr/bin/stty,0.09908303357503095,1,Normal
2026-09-28,16:32:14,DEB-0001,Binary,Binary: /usr/bin/su,0.09924892344324004,1,Normal
2026-09-28,16:32:14,DEB-0001,Binary,Binary: /usr/bin/su-rs,0.09978061883807643,1,Normal
2026-09-28,16:32:14,DEB-0001,Binary,Binary: /usr/bin/su-to-root,0.09978061883807643,1,Normal
2026-09-28,16:32:14,DEB-0001,Binary,Binary: /usr/bin/sudo,0.09978061883807643,1,Normal
2026-09-28,16:32:14,DEB-0001,Binary,Binary: /usr/bin/sudo-rs,0.09993173644062509,1,Normal
2026-09-28,16:32:14,DEB-0001,Binary,Binary: /usr/bin/sudo.ws,0.1006320285658569,1,Normal
2026-09-28,16:32:15,DEB-0001,Binary,Binary: /usr/bin/sudoedit,0.10161809334138122,1,Normal
2026-09-28,16:32:15,DEB-0001,Binary,Binary: /usr/bin/sudoedit-rs,0.10194810236124269,1,Normal
2026-09-28,16:32:15,DEB-0001,Binary,Binary: /usr/bin/sudoreplay.ws,0.10129408891106528,1,Normal
2026-09-28,16:32:15,DEB-0001,Binary,Binary: /usr/bin/sum,0.10178934738853629,1,Normal
2026-09-28,16:32:15,DEB-0001,Binary,Binary: /usr/bin/switcherooctl,0.10207086589404962,1,Normal
2026-09-28,16:32:15,DEB-0001,Binary,Binary: /usr/bin/sync,0.10145923092088799,1,Normal
2026-09-28,16:32:15,DEB-0001,Binary,Binary: /usr/bin/sysprof,0.10124007203933338,1,Normal
2026-09-28,16:32:15,DEB-0001,Binary,Binary: /usr/bin/sysprof-agent,0.10157033673673094,1,Normal
2026-09-28,16:32:15,DEB-0001,Binary,Binary: /usr/bin/sysprof-cat,0.1010206289582199,1,Normal
2026-09-28,16:32:15,DEB-0001,Binary,Binary: /usr/bin/sysprof-cli,0.1010206289582199,1,Normal
2026-09-28,16:32:15,DEB-0001,Binary,Binary: /usr/bin/systemctl,0.10020487930565453,1,Normal
2026-09-28,16:32:15,DEB-0001,Binary,Binary: /usr/bin/systemd-ac-power,0.0995422774323596,1,Normal
2026-09-28,16:32:16,DEB-0001,Binary,Binary: /usr/bin/systemd-analyze,0.09960470756398115,1,Normal
2026-09-28,16:32:16,DEB-0001,Binary,Binary: /usr/bin/systemd-ask-password,0.09905807732024247,1,Normal
2026-09-28,16:32:16,DEB-0001,Binary,Binary: /usr/bin/systemd-cat,0.09922397562955387,1,Normal
2026-09-28,16:32:16,DEB-0001,Binary,Binary: /usr/bin/systemd-cgls,0.0993898178260943,1,Normal
2026-09-28,16:32:16,DEB-0001,Binary,Binary: /usr/bin/systemd-cgtop,0.0993898178260943,1,Normal
2026-09-28,16:32:16,DEB-0001,Binary,Binary: /usr/bin/systemd-confext,0.09834469758950631,1,Normal
2026-09-28,16:32:16,DEB-0001,Binary,Binary: /usr/bin/systemd-creds,0.09867692059507666,1,Normal
2026-09-28,16:32:16,DEB-0001,Binary,Binary: /usr/bin/systemd-cryptenroll,0.09912473025557739,1,Normal
2026-09-28,16:32:16,DEB-0001,Binary,Binary: /usr/bin/systemd-cryptsetup,0.09852324707714571,1,Normal
2026-09-28,16:32:16,DEB-0001,Binary,Binary: /usr/bin/systemd-delta,0.09852324707714571,1,Normal
2026-09-28,16:32:16,DEB-0001,Binary,Binary: /usr/bin/systemd-detect-virt,0.09836222423861396,1,Normal
2026-09-28,16:32:17,DEB-0001,Binary,Binary: /usr/bin/systemd-escape,0.09716522612580336,1,Normal
2026-09-28,16:32:17,DEB-0001,Binary,Binary: /usr/bin/systemd-firstboot,0.09714051631820303,1,Normal
2026-09-28,16:32:17,DEB-0001,Binary,Binary: /usr/bin/systemd-hwdb,0.09680725345078606,1,Normal
2026-09-28,16:32:17,DEB-0001,Binary,Binary: /usr/bin/systemd-id128,0.09717306034076817,1,Normal
2026-09-28,16:32:17,DEB-0001,Binary,Binary: /usr/bin/systemd-inhibit,0.09717306034076817,1,Normal
2026-09-28,16:32:17,DEB-0001,Binary,Binary: /usr/bin/systemd-machine-id-setup,0.09764781469388661,1,Normal
2026-09-28,16:32:17,DEB-0001,Binary,Binary: /usr/bin/systemd-mount,0.09753187698141297,1,Normal
2026-09-28,16:32:17,DEB-0001,Binary,Binary: /usr/bin/systemd-mute-console,0.09776847832763197,1,Normal
2026-09-28,16:32:17,DEB-0001,Binary,Binary: /usr/bin/systemd-notify,0.09862415249218387,1,Normal
2026-09-28,16:32:17,DEB-0001,Binary,Binary: /usr/bin/systemd-path,0.09862415249218387,1,Normal
2026-09-28,16:32:18,DEB-0001,Binary,Binary: /usr/bin/systemd-pty-forward,0.09913567646016447,1,Normal
2026-09-28,16:32:18,DEB-0001,Binary,Binary: /usr/bin/systemd-run,0.09907269333983887,1,Normal
2026-09-28,16:32:18,DEB-0001,Binary,Binary: /usr/bin/systemd-socket-activate,0.09907269333983887,1,Normal
2026-09-28,16:32:18,DEB-0001,Binary,Binary: /usr/bin/systemd-stdio-bridge,0.09989080210641293,1,Normal
2026-09-28,16:32:18,DEB-0001,Binary,Binary: /usr/bin/systemd-sysext,0.09989080210641293,1,Normal
2026-09-28,16:32:18,DEB-0001,Binary,Binary: /usr/bin/systemd-sysusers,0.09946076681801408,1,Normal
2026-09-28,16:32:18,DEB-0001,Binary,Binary: /usr/bin/systemd-tmpfiles,0.09946076681801408,1,Normal
2026-09-28,16:32:18,DEB-0001,Binary,Binary: /usr/bin/systemd-tty-ask-password-agent,0.0991944121504047,1,Normal
2026-09-28,16:32:18,DEB-0001,Binary,Binary: /usr/bin/systemd-umount,0.09975218762413579,1,Normal
2026-09-28,16:32:18,DEB-0001,Binary,Binary: /usr/bin/systemd-vpick,0.09975218762413579,1,Normal
2026-09-28,16:32:19,DEB-0001,Binary,Binary: /usr/bin/tabs,0.09776432630782983,1,Normal
2026-09-28,16:32:19,DEB-0001,Binary,Binary: /usr/bin/tac,0.09788187182335012,1,Normal
2026-09-28,16:32:19,DEB-0001,Binary,Binary: /usr/bin/tail,0.09788187182335012,1,Normal
2026-09-28,16:32:19,DEB-0001,Binary,Binary: /usr/bin/tapestat,0.09816364673836842,1,Normal
2026-09-28,16:32:19,DEB-0001,Binary,Binary: /usr/bin/tar,0.09836430932098272,1,Normal
2026-09-28,16:32:19,DEB-0001,Binary,Binary: /usr/bin/taskset,0.09903521420036959,1,Normal
2026-09-28,16:32:19,DEB-0001,Binary,Binary: /usr/bin/tbl,0.09936697016986351,1,Normal
2026-09-28,16:32:19,DEB-0001,Binary,Binary: /usr/bin/tclsh,0.0988469290076634,1,Normal
2026-09-28,16:32:19,DEB-0001,Binary,Binary: /usr/bin/tclsh8.6,0.09834868281434855,1,Normal
2026-09-28,16:32:20,DEB-0001,Binary,Binary: /usr/bin/tcpdump,0.09636044524949333,1,Normal
2026-09-28,16:32:20,DEB-0001,Binary,Binary: /usr/bin/tecla,0.09645077829285287,1,Normal
2026-09-28,16:32:20,DEB-0001,Binary,Binary: /usr/bin/tee,0.09645077829285287,1,Normal
2026-09-28,16:32:20,DEB-0001,Binary,Binary: /usr/bin/telnet,0.09642398551647857,1,Normal
2026-09-28,16:32:20,DEB-0001,Binary,Binary: /usr/bin/tempfile,0.09596620469120365,1,Normal
2026-09-28,16:32:20,DEB-0001,Binary,Binary: /usr/bin/test,0.0964095479447819,1,Normal
2026-09-28,16:32:20,DEB-0001,Binary,Binary: /usr/bin/tic,0.0964095479447819,1,Normal
2026-09-28,16:32:20,DEB-0001,Binary,Binary: /usr/bin/tificc,0.09587212156168823,1,Normal
2026-09-28,16:32:20,DEB-0001,Binary,Binary: /usr/bin/time,0.09548607071881099,1,Normal
2026-09-28,16:32:21,DEB-0001,Binary,Binary: /usr/bin/timedatectl,0.09545573209211683,1,Normal
2026-09-28,16:32:21,DEB-0001,Binary,Binary: /usr/bin/timeout,0.09413116859644277,1,Normal
2026-09-28,16:32:21,DEB-0001,Binary,Binary: /usr/bin/tinysparql,0.0938207466070663,1,Normal
2026-09-28,16:32:21,DEB-0001,Binary,Binary: /usr/bin/tload,0.0938207466070663,1,Normal
2026-09-28,16:32:21,DEB-0001,Binary,Binary: /usr/bin/tnftp,0.09334769799938697,1,Normal
2026-09-28,16:32:21,DEB-0001,Binary,Binary: /usr/bin/toe,0.09363408884062996,1,Normal
2026-09-28,16:32:21,DEB-0001,Binary,Binary: /usr/bin/top,0.09301242721756697,1,Normal
2026-09-28,16:32:21,DEB-0001,Binary,Binary: /usr/bin/touch,0.09301242721756697,1,Normal
2026-09-28,16:32:21,DEB-0001,Binary,Binary: /usr/bin/tput,0.09318037038304111,1,Normal
2026-09-28,16:32:21,DEB-0001,Binary,Binary: /usr/bin/tr,0.09259442559939157,1,Normal
2026-09-28,16:32:22,DEB-0001,Binary,Binary: /usr/bin/trace-cmd,0.09112065895515609,1,Normal
2026-09-28,16:32:22,DEB-0001,Binary,Binary: /usr/bin/tracepath,0.09112065895515609,1,Normal
2026-09-28,16:32:22,DEB-0001,Binary,Binary: /usr/bin/transicc,0.09072431233828726,1,Normal
2026-09-28,16:32:22,DEB-0001,Binary,Binary: /usr/bin/troff,0.09059054533123029,1,Normal
2026-09-28,16:32:22,DEB-0001,Binary,Binary: /usr/bin/true,0.09004887293751734,1,Normal
2026-09-28,16:32:22,DEB-0001,Binary,Binary: /usr/bin/truncate,0.09004887293751734,1,Normal
2026-09-28,16:32:22,DEB-0001,Binary,Binary: /usr/bin/trust,0.09004887293751734,1,Normal
2026-09-28,16:32:22,DEB-0001,Binary,Binary: /usr/bin/tset,0.0898798702286766,1,Normal
2026-09-28,16:32:22,DEB-0001,Binary,Binary: /usr/bin/tsort,0.0898798702286766,1,Normal
2026-09-28,16:32:23,DEB-0001,Binary,Binary: /usr/bin/tty,0.09426694333029695,1,Normal
2026-09-28,16:32:23,DEB-0001,Binary,Binary: /usr/bin/turbostat,0.09426694333029695,1,Normal
2026-09-28,16:32:23,DEB-0001,Binary,Binary: /usr/bin/tzselect,0.09426694333029695,1,Normal
2026-09-28,16:32:23,DEB-0001,Binary,Binary: /usr/bin/ua,0.09404455494918362,1,Normal
2026-09-28,16:32:23,DEB-0001,Binary,Binary: /usr/bin/ubuntu-advantage,0.09417739594386981,1,Normal
2026-09-28,16:32:23,DEB-0001,Binary,Binary: /usr/bin/ubuntu-bug,0.09421214901196118,1,Normal
2026-09-28,16:32:23,DEB-0001,Binary,Binary: /usr/bin/ubuntu-distro-info,0.09645904702090324,1,Normal
2026-09-28,16:32:23,DEB-0001,Binary,Binary: /usr/bin/ubuntu-drivers,0.0969103231939219,1,Normal
2026-09-28,16:32:23,DEB-0001,Binary,Binary: /usr/bin/ubuntu-insights,0.09632681789588615,1,Normal
2026-09-28,16:32:23,DEB-0001,Binary,Binary: /usr/bin/ubuntu-report,0.09686186954338055,1,Normal
2026-09-28,16:32:24,DEB-0001,Binary,Binary: /usr/bin/ubuntu-security-status,0.09424465328653303,1,Normal
2026-09-28,16:32:24,DEB-0001,Binary,Binary: /usr/bin/ucf,0.0934135097927618,1,Normal
2026-09-28,16:32:24,DEB-0001,Binary,Binary: /usr/bin/ucfq,0.09293069304226226,1,Normal
2026-09-28,16:32:24,DEB-0001,Binary,Binary: /usr/bin/ucfr,0.09293069304226226,1,Normal
2026-09-28,16:32:24,DEB-0001,Binary,Binary: /usr/bin/uclampset,0.09276266539836381,1,Normal
2026-09-28,16:32:24,DEB-0001,Binary,Binary: /usr/bin/ucs2any,0.09276266539836381,1,Normal
2026-09-28,16:32:24,DEB-0001,Binary,Binary: /usr/bin/udevadm,0.0925945809022472,1,Normal
2026-09-28,16:32:24,DEB-0001,Binary,Binary: /usr/bin/udisksctl,0.09224183152086818,1,Normal
2026-09-28,16:32:25,DEB-0001,Binary,Binary: /usr/bin/ul,0.09148432148787561,1,Normal
2026-09-28,16:32:25,DEB-0001,Binary,Binary: /usr/bin/umax_pp,0.09114723042153355,1,Normal
2026-09-28,16:32:25,DEB-0001,Binary,Binary: /usr/bin/umount,0.0918211845601527,1,Normal
2026-09-28,16:32:25,DEB-0001,Binary,Binary: /usr/bin/uname,0.0918211845601527,1,Normal
2026-09-28,16:32:25,DEB-0001,Binary,Binary: /usr/bin/unattended-upgrade,0.09221284136599528,1,Normal
2026-09-28,16:32:25,DEB-0001,Binary,Binary: /usr/bin/unattended-upgrades,0.09343886413096525,1,Normal
2026-09-28,16:32:25,DEB-0001,Binary,Binary: /usr/bin/uncompress,0.09343886413096525,1,Normal
2026-09-28,16:32:25,DEB-0001,Binary,Binary: /usr/bin/unexpand,0.09343886413096525,1,Normal
2026-09-28,16:32:25,DEB-0001,Binary,Binary: /usr/bin/unicode_start,0.09343886413096525,1,Normal
2026-09-28,16:32:26,DEB-0001,Binary,Binary: /usr/bin/unicode_stop,0.09340254096336581,1,Normal
2026-09-28,16:32:26,DEB-0001,Binary,Binary: /usr/bin/uniq,0.09330495749571927,1,Normal
2026-09-28,16:32:26,DEB-0001,Binary,Binary: /usr/bin/unity-scope-loader,0.09347280171693895,1,Normal
2026-09-28,16:32:26,DEB-0001,Binary,Binary: /usr/bin/unlink,0.09236971858585213,1,Normal
2026-09-28,16:32:26,DEB-0001,Binary,Binary: /usr/bin/unlzma,0.09151811379928815,1,Normal
2026-09-28,16:32:26,DEB-0001,Binary,Binary: /usr/bin/unmkinitramfs,0.09179505750630623,1,Normal
2026-09-28,16:32:26,DEB-0001,Binary,Binary: /usr/bin/unshare,0.09157155919263288,1,Normal
2026-09-28,16:32:26,DEB-0001,Binary,Binary: /usr/bin/unsquashfs,0.09089044147179826,1,Normal
2026-09-28,16:32:26,DEB-0001,Binary,Binary: /usr/bin/unxz,0.09089044147179826,1,Normal
2026-09-28,16:32:26,DEB-0001,Binary,Binary: /usr/bin/unzip,0.09032889240971642,1,Normal
2026-09-28,16:32:27,DEB-0001,Binary,Binary: /usr/bin/unzipsfx,0.08881676208842215,1,Normal
2026-09-28,16:32:27,DEB-0001,Binary,Binary: /usr/bin/unzstd,0.08818849695774644,1,Normal
2026-09-28,16:32:27,DEB-0001,Binary,Binary: /usr/bin/update-alternatives,0.0880440323451499,1,Normal
2026-09-28,16:32:27,DEB-0001,Binary,Binary: /usr/bin/update-desktop-database,0.08807921571135158,1,Normal
2026-09-28,16:32:27,DEB-0001,Binary,Binary: /usr/bin/update-manager,0.08839323308397373,1,Normal
2026-09-28,16:32:27,DEB-0001,Binary,Binary: /usr/bin/update-menus,0.08805404992185706,1,Normal
2026-09-28,16:32:27,DEB-0001,Binary,Binary: /usr/bin/update-mime-database,0.08916542476053768,1,Normal
2026-09-28,16:32:27,DEB-0001,Binary,Binary: /usr/bin/update-notifier,0.08856659586500226,1,Normal
2026-09-28,16:32:27,DEB-0001,Binary,Binary: /usr/bin/upower,0.08804302178639833,1,Normal
2026-09-28,16:32:27,DEB-0001,Binary,Binary: /usr/bin/uptime,0.08804302178639833,1,Normal
2026-09-28,16:32:28,DEB-0001,Binary,Binary: /usr/bin/usb-devices,0.0874792040535578,1,Normal
2026-09-28,16:32:28,DEB-0001,Binary,Binary: /usr/bin/usb_printerid,0.08713940226265326,1,Normal
2026-09-28,16:32:28,DEB-0001,Binary,Binary: /usr/bin/usbhid-dump,0.08734456680680791,1,Normal
2026-09-28,16:32:28,DEB-0001,Binary,Binary: /usr/bin/usbip,0.087054543694292,1,Normal
2026-09-28,16:32:28,DEB-0001,Binary,Binary: /usr/bin/usbipd,0.08671445448677984,1,Normal
2026-09-28,16:32:28,DEB-0001,Binary,Binary: /usr/bin/usbreset,0.08688452785299872,1,Normal
2026-09-28,16:32:28,DEB-0001,Binary,Binary: /usr/bin/user-session-migration,0.08613127266910547,1,Normal
2026-09-28,16:32:28,DEB-0001,Binary,Binary: /usr/bin/users,0.08558000081732564,1,Normal
2026-09-28,16:32:29,DEB-0001,Binary,Binary: /usr/bin/uuidgen,0.08401807019500607,1,Normal
2026-09-28,16:32:29,DEB-0001,Binary,Binary: /usr/bin/uuidparse,0.08435998312220871,1,Normal
2026-09-28,16:32:29,DEB-0001,Binary,Binary: /usr/bin/varlinkctl,0.08438533428933004,1,Normal
2026-09-28,16:32:29,DEB-0001,Binary,Binary: /usr/bin/vboxwl,0.08438533428933004,1,Normal
2026-09-28,16:32:29,DEB-0001,Binary,Binary: /usr/bin/vcs-run,0.08438533428933004,1,Normal
2026-09-28,16:32:29,DEB-0001,Binary,Binary: /usr/bin/vdir,0.08381642201362427,1,Normal
2026-09-28,16:32:29,DEB-0001,Binary,Binary: /usr/bin/vi,0.08287472110806471,1,Normal
2026-09-28,16:32:29,DEB-0001,Binary,Binary: /usr/bin/view,0.08298513655019712,1,Normal
2026-09-28,16:32:29,DEB-0001,Binary,Binary: /usr/bin/viewres,0.0834735713323328,1,Normal
2026-09-28,16:32:29,DEB-0001,Binary,Binary: /usr/bin/vim.tiny,0.08385133253783494,1,Normal
2026-09-28,16:32:30,DEB-0001,Binary,Binary: /usr/bin/visudo-rs,0.08066257963860157,1,Normal
2026-09-28,16:32:30,DEB-0001,Binary,Binary: /usr/bin/vmstat,0.08071887284453927,1,Normal
2026-09-28,16:32:30,DEB-0001,Binary,Binary: /usr/bin/vstp,0.08089097413196777,1,Normal
2026-09-28,16:32:30,DEB-0001,Binary,Binary: /usr/bin/w,0.08089097413196777,1,Normal
2026-09-28,16:32:30,DEB-0001,Binary,Binary: /usr/bin/wall,0.08071887284453927,1,Normal
2026-09-28,16:32:30,DEB-0001,Binary,Binary: /usr/bin/watch,0.08106301720855513,1,Normal
2026-09-28,16:32:30,DEB-0001,Binary,Binary: /usr/bin/watchgnupg,0.08123500209399015,1,Normal
2026-09-28,16:32:30,DEB-0001,Binary,Binary: /usr/bin/wc,0.08135051845176311,1,Normal
2026-09-28,16:32:30,DEB-0001,Binary,Binary: /usr/bin/wcurl,0.08120408346968744,1,Normal
2026-09-28,16:32:30,DEB-0001,Binary,Binary: /usr/bin/wget,0.08135545525675136,1,Normal
2026-09-28,16:32:31,DEB-0001,Binary,Binary: /usr/bin/whatis,0.0803868617749619,1,Normal
2026-09-28,16:32:31,DEB-0001,Binary,Binary: /usr/bin/whereis,0.08070569614865308,1,Normal
2026-09-28,16:32:31,DEB-0001,Binary,Binary: /usr/bin/which,0.07933686312383093,1,Normal
2026-09-28,16:32:31,DEB-0001,Binary,Binary: /usr/bin/which.debianutils,0.08006253375191674,1,Normal
2026-09-28,16:32:31,DEB-0001,Binary,Binary: /usr/bin/whiptail,0.08006253375191674,1,Normal
2026-09-28,16:32:31,DEB-0001,Binary,Binary: /usr/bin/who,0.08006253375191674,1,Normal
2026-09-28,16:32:31,DEB-0001,Binary,Binary: /usr/bin/whoami,0.08006253375191674,1,Normal
2026-09-28,16:32:31,DEB-0001,Binary,Binary: /usr/bin/whoopsie,0.08006253375191674,1,Normal
2026-09-28,16:32:31,DEB-0001,Binary,Binary: /usr/bin/whoopsie-preferences,0.07962534036466684,1,Normal
2026-09-28,16:32:32,DEB-0001,Binary,Binary: /usr/bin/wireplumber,0.07511004796548104,1,Normal
2026-09-28,16:32:32,DEB-0001,Binary,Binary: /usr/bin/word-list-compress,0.07489988517992296,1,Normal
2026-09-28,16:32:32,DEB-0001,Binary,Binary: /usr/bin/wpa_passphrase,0.07542603278253124,1,Normal
2026-09-28,16:32:32,DEB-0001,Binary,Binary: /usr/bin/wpctl,0.07582113134671009,1,Normal
2026-09-28,16:32:32,DEB-0001,Binary,Binary: /usr/bin/wpexec,0.07404527924619142,1,Normal
2026-09-28,16:32:32,DEB-0001,Binary,Binary: /usr/bin/wsdd,0.07334725495716399,1,Normal
2026-09-28,16:32:32,DEB-0001,Binary,Binary: /usr/bin/x-session-manager,0.07176734661711792,1,Normal
2026-09-28,16:32:32,DEB-0001,Binary,Binary: /usr/bin/x-terminal-emulator,0.07176734661711792,1,Normal
2026-09-28,16:32:32,DEB-0001,Binary,Binary: /usr/bin/x-www-browser,0.07249337895108499,1,Normal
2026-09-28,16:32:32,DEB-0001,Binary,Binary: /usr/bin/x86_64,0.07178910839131658,1,Normal
2026-09-28,16:32:33,DEB-0001,Binary,Binary: /usr/bin/x86_64-linux-gnu-addr2line,0.06975690499879383,1,Normal
2026-09-28,16:32:33,DEB-0001,Binary,Binary: /usr/bin/x86_64-linux-gnu-ar,0.06960712930687529,1,Normal
2026-09-28,16:32:33,DEB-0001,Binary,Binary: /usr/bin/x86_64-linux-gnu-as,0.06978298898535618,1,Normal
2026-09-28,16:32:33,DEB-0001,Binary,Binary: /usr/bin/x86_64-linux-gnu-c++filt,0.06978298898535618,1,Normal
2026-09-28,16:32:33,DEB-0001,Binary,Binary: /usr/bin/x86_64-linux-gnu-cpp,0.06948874577461783,1,Normal
2026-09-28,16:32:33,DEB-0001,Binary,Binary: /usr/bin/x86_64-linux-gnu-cpp-15,0.06870850548901786,1,Normal
2026-09-28,16:32:33,DEB-0001,Binary,Binary: /usr/bin/x86_64-linux-gnu-elfedit,0.06870850548901786,1,Normal
2026-09-28,16:32:33,DEB-0001,Binary,Binary: /usr/bin/x86_64-linux-gnu-g++,0.06853228225863228,1,Normal
2026-09-28,16:32:34,DEB-0001,Binary,Binary: /usr/bin/x86_64-linux-gnu-g++-15,0.06458626191425199,1,Normal
2026-09-28,16:32:34,DEB-0001,Binary,Binary: /usr/bin/x86_64-linux-gnu-gcc,0.0644086439211653,1,Normal
2026-09-28,16:32:34,DEB-0001,Binary,Binary: /usr/bin/x86_64-linux-gnu-gcc-15,0.0644086439211653,1,Normal
2026-09-28,16:32:34,DEB-0001,Binary,Binary: /usr/bin/x86_64-linux-gnu-gcc-ar,0.06404902079957508,1,Normal
2026-09-28,16:32:34,DEB-0001,Binary,Binary: /usr/bin/x86_64-linux-gnu-gcc-ar-15,0.06440443994274814,1,Normal
2026-09-28,16:32:34,DEB-0001,Binary,Binary: /usr/bin/x86_64-linux-gnu-gcc-nm,0.06422676043012743,1,Normal
2026-09-28,16:32:34,DEB-0001,Binary,Binary: /usr/bin/x86_64-linux-gnu-gcc-nm-15,0.06377617796384971,1,Normal
2026-09-28,16:32:34,DEB-0001,Binary,Binary: /usr/bin/x86_64-linux-gnu-gcc-ranlib,0.06359828587854643,1,Normal
2026-09-28,16:32:34,DEB-0001,Binary,Binary: /usr/bin/x86_64-linux-gnu-gcc-ranlib-15,0.0640871453410623,1,Normal
2026-09-28,16:32:35,DEB-0001,Binary,Binary: /usr/bin/x86_64-linux-gnu-gcov,0.06169470759852402,1,Normal
2026-09-28,16:32:35,DEB-0001,Binary,Binary: /usr/bin/x86_64-linux-gnu-gcov-15,0.06163630965852451,1,Normal
2026-09-28,16:32:35,DEB-0001,Binary,Binary: /usr/bin/x86_64-linux-gnu-gcov-dump,0.06133977001937396,1,Normal
2026-09-28,16:32:35,DEB-0001,Binary,Binary: /usr/bin/x86_64-linux-gnu-gcov-dump-15,0.06096088594033966,1,Normal
2026-09-28,16:32:35,DEB-0001,Binary,Binary: /usr/bin/x86_64-linux-gnu-gcov-tool,0.06002890858985299,1,Normal
2026-09-28,16:32:35,DEB-0001,Binary,Binary: /usr/bin/x86_64-linux-gnu-gcov-tool-15,0.05900768634570275,1,Normal
2026-09-28,16:32:35,DEB-0001,Binary,Binary: /usr/bin/x86_64-linux-gnu-gprof,0.058209391885217565,1,Normal
2026-09-28,16:32:35,DEB-0001,Binary,Binary: /usr/bin/x86_64-linux-gnu-ld,0.05784977983903716,1,Normal
2026-09-28,16:32:35,DEB-0001,Binary,Binary: /usr/bin/x86_64-linux-gnu-ld.bfd,0.05784977983903716,1,Normal
2026-09-28,16:32:35,DEB-0001,Binary,Binary: /usr/bin/x86_64-linux-gnu-lto-dump,0.05654156710312164,1,Normal
2026-09-28,16:32:35,DEB-0001,Binary,Binary: /usr/bin/x86_64-linux-gnu-lto-dump-15,0.05654156710312164,1,Normal
2026-09-28,16:32:36,DEB-0001,Binary,Binary: /usr/bin/x86_64-linux-gnu-nm,0.05703538731046409,1,Normal
2026-09-28,16:32:36,DEB-0001,Binary,Binary: /usr/bin/x86_64-linux-gnu-objcopy,0.05700926324976163,1,Normal
2026-09-28,16:32:36,DEB-0001,Binary,Binary: /usr/bin/x86_64-linux-gnu-objdump,0.05718938397934625,1,Normal
2026-09-28,16:32:36,DEB-0001,Binary,Binary: /usr/bin/x86_64-linux-gnu-ranlib,0.05664883893821737,1,Normal
2026-09-28,16:32:36,DEB-0001,Binary,Binary: /usr/bin/x86_64-linux-gnu-readelf,0.05704662392084303,1,Normal
2026-09-28,16:32:36,DEB-0001,Binary,Binary: /usr/bin/x86_64-linux-gnu-size,0.05700926324976163,1,Normal
2026-09-28,16:32:36,DEB-0001,Binary,Binary: /usr/bin/x86_64-linux-gnu-strings,0.056425757738311266,1,Normal
2026-09-28,16:32:36,DEB-0001,Binary,Binary: /usr/bin/x86_64-linux-gnu-strip,0.055941706755976206,1,Normal
2026-09-28,16:32:36,DEB-0001,Binary,Binary: /usr/bin/x86_energy_perf_policy,0.056122188571538056,1,Normal
2026-09-28,16:32:36,DEB-0001,Binary,Binary: /usr/bin/xargs,0.0552191686261585,1,Normal
2026-09-28,16:32:37,DEB-0001,Binary,Binary: /usr/bin/xauth,0.05400609241191989,1,Normal
2026-09-28,16:32:37,DEB-0001,Binary,Binary: /usr/bin/xbrlapi,0.05364363550855056,1,Normal
2026-09-28,16:32:37,DEB-0001,Binary,Binary: /usr/bin/xcmsdb,0.05273212220637746,1,Normal
2026-09-28,16:32:37,DEB-0001,Binary,Binary: /usr/bin/xdg-dbus-proxy,0.052050900658786925,1,Normal
2026-09-28,16:32:37,DEB-0001,Binary,Binary: /usr/bin/xdg-desktop-icon,0.051809556321107286,1,Normal
2026-09-28,16:32:37,DEB-0001,Binary,Binary: /usr/bin/xdg-desktop-menu,0.05051286232607333,1,Normal
2026-09-28,16:32:37,DEB-0001,Binary,Binary: /usr/bin/xdg-email,0.05033048259281614,1,Normal
2026-09-28,16:32:37,DEB-0001,Binary,Binary: /usr/bin/xdg-icon-resource,0.05033048259281614,1,Normal
2026-09-28,16:32:37,DEB-0001,Binary,Binary: /usr/bin/xdg-mime,0.04941333389496272,1,Normal
2026-09-28,16:32:37,DEB-0001,Binary,Binary: /usr/bin/xdg-open,0.04977865199448028,1,Normal
2026-09-28,16:32:37,DEB-0001,Binary,Binary: /usr/bin/xdg-screensaver,0.04959602384087458,1,Normal
2026-09-28,16:32:37,DEB-0001,Binary,Binary: /usr/bin/xdg-settings,0.04932646797043261,1,Normal
2026-09-28,16:32:38,DEB-0001,Binary,Binary: /usr/bin/xdg-terminal-exec,0.04827073923525815,1,Normal
2026-09-28,16:32:38,DEB-0001,Binary,Binary: /usr/bin/xdg-user-dir,0.048087600878789605,1,Normal
2026-09-28,16:32:38,DEB-0001,Binary,Binary: /usr/bin/xdg-user-dirs-gtk-update,0.047149532136818606,1,Normal
2026-09-28,16:32:38,DEB-0001,Binary,Binary: /usr/bin/xdg-user-dirs-update,0.04546824657715409,1,Normal
2026-09-28,16:32:38,DEB-0001,Binary,Binary: /usr/bin/xdpyinfo,0.04463281560895682,1,Normal
2026-09-28,16:32:38,DEB-0001,Binary,Binary: /usr/bin/xdriinfo,0.04500136704778568,1,Normal
2026-09-28,16:32:38,DEB-0001,Binary,Binary: /usr/bin/xev,0.04552642693942677,1,Normal
2026-09-28,16:32:38,DEB-0001,Binary,Binary: /usr/bin/xfd,0.04595451333024836,1,Normal
2026-09-28,16:32:38,DEB-0001,Binary,Binary: /usr/bin/xfontsel,0.04571043157697752,1,Normal
2026-09-28,16:32:38,DEB-0001,Binary,Binary: /usr/bin/xgamma,0.04497403939426747,1,Normal
2026-09-28,16:32:38,DEB-0001,Binary,Binary: /usr/bin/xhost,0.044329016989395065,1,Normal
2026-09-28,16:32:39,DEB-0001,Binary,Binary: /usr/bin/xkbbell,0.03838669509240378,1,Normal
2026-09-28,16:32:39,DEB-0001,Binary,Binary: /usr/bin/xkbcomp,0.03816152949511442,1,Normal
2026-09-28,16:32:39,DEB-0001,Binary,Binary: /usr/bin/xkbevd,0.038348025205696246,1,Normal
2026-09-28,16:32:39,DEB-0001,Binary,Binary: /usr/bin/xkbprint,0.038720827409538194,1,Normal
2026-09-28,16:32:39,DEB-0001,Binary,Binary: /usr/bin/xkbvleds,0.038122843810366014,1,Normal
2026-09-28,16:32:39,DEB-0001,Binary,Binary: /usr/bin/xkbwatch,0.03752421102360093,1,Normal
2026-09-28,16:32:39,DEB-0001,Binary,Binary: /usr/bin/xkeystone,0.036617455016109246,1,Normal
2026-09-28,16:32:39,DEB-0001,Binary,Binary: /usr/bin/xkill,0.036578660996197554,1,Normal
2026-09-28,16:32:39,DEB-0001,Binary,Binary: /usr/bin/xlsatoms,0.03682684128035818,1,Normal
2026-09-28,16:32:39,DEB-0001,Binary,Binary: /usr/bin/xlsclients,0.03663983087660927,1,Normal
2026-09-28,16:32:39,DEB-0001,Binary,Binary: /usr/bin/xlsfonts,0.035488979190865244,1,Normal
2026-09-28,16:32:39,DEB-0001,Binary,Binary: /usr/bin/xmessage,0.035488979190865244,1,Normal
2026-09-28,16:32:39,DEB-0001,Binary,Binary: /usr/bin/xmodmap,0.03492639967509248,1,Normal
2026-09-28,16:32:40,DEB-0001,Binary,Binary: /usr/bin/xprop,0.02627281060352238,1,Normal
2026-09-28,16:32:40,DEB-0001,Binary,Binary: /usr/bin/xqxdecode,0.02381652145248958,1,Normal
2026-09-28,16:32:40,DEB-0001,Binary,Binary: /usr/bin/xrandr,0.023078910809177677,1,Normal
2026-09-28,16:32:40,DEB-0001,Binary,Binary: /usr/bin/xrdb,0.021819295547776507,1,Normal
2026-09-28,16:32:40,DEB-0001,Binary,Binary: /usr/bin/xrefresh,0.021474910578649364,1,Normal
2026-09-28,16:32:40,DEB-0001,Binary,Binary: /usr/bin/xset,0.021474910578649364,1,Normal
2026-09-28,16:32:40,DEB-0001,Binary,Binary: /usr/bin/xsetmode,0.020217789045984813,1,Normal
2026-09-28,16:32:40,DEB-0001,Binary,Binary: /usr/bin/xsetpointer,0.01940687882726566,1,Normal
2026-09-28,16:32:40,DEB-0001,Binary,Binary: /usr/bin/xsetroot,0.018277141427644472,1,Normal
2026-09-28,16:32:40,DEB-0001,Binary,Binary: /usr/bin/xstdcmap,0.017532308329620494,1,Normal
2026-09-28,16:32:40,DEB-0001,Binary,Binary: /usr/bin/xsubpp,0.015964159469333716,1,Normal
2026-09-28,16:32:40,DEB-0001,Binary,Binary: /usr/bin/xvidtune,0.014409765247419326,1,Normal
2026-09-28,16:32:40,DEB-0001,Binary,Binary: /usr/bin/xvinfo,0.013630989189844511,1,Normal
2026-09-28,16:32:41,DEB-0001,Binary,Binary: /usr/bin/xwininfo,0.007271587371904142,1,Normal
2026-09-28,16:32:41,DEB-0001,Binary,Binary: /usr/bin/xxd,0.006872835293669555,1,Normal
2026-09-28,16:32:41,DEB-0001,Binary,Binary: /usr/bin/xz,0.005944360959655781,1,Normal
2026-09-28,16:32:41,DEB-0001,Binary,Binary: /usr/bin/xzcat,0.005746901456797016,1,Normal
2026-09-28,16:32:41,DEB-0001,Binary,Binary: /usr/bin/xzcmp,0.005746901456797016,1,Normal
2026-09-28,16:32:41,DEB-0001,Binary,Binary: /usr/bin/xzdiff,0.00554937514343945,1,Normal
2026-09-28,16:32:41,DEB-0001,Binary,Binary: /usr/bin/xzegrep,0.005392766799614868,1,Normal
2026-09-28,16:32:41,DEB-0001,Binary,Binary: /usr/bin/xzfgrep,0.005195120664659547,1,Normal
2026-09-28,16:32:41,DEB-0001,Binary,Binary: /usr/bin/xzgrep,0.004403867162074304,1,Normal
2026-09-28,16:32:41,DEB-0001,Binary,Binary: /usr/bin/xzless,0.003809723990255587,1,Normal
2026-09-28,16:32:41,DEB-0001,Binary,Binary: /usr/bin/xzmore,0.003809723990255587,1,Normal
2026-09-28,16:32:41,DEB-0001,Binary,Binary: /usr/bin/yelp,0.0032149775286467452,1,Normal
2026-09-28,16:32:41,DEB-0001,Binary,Binary: /usr/bin/yes,0.0019225476605152503,1,Normal
2026-09-28,16:32:41,DEB-0001,Binary,Binary: /usr/bin/ypdomainname,0.0019225476605152503,1,Normal
